OS,Casuistica,Fecha,Observacion
-28644107,ejecutado,3/1/2025,
-28644205,canasta,,
-28644108,canasta,,
-28644112,brigada pesada,,
-28643807,brigada pesada,,
-28644113,brigada pesada,,
-28634990,especial,,
-28640314,especial,,
-28643559,ejecutado,,
-28643689,canasta,,
-28643803,brigada pesada,,
-28643509,brigada pesada,,
-28643805,ejecutado,,
-28643804,ejecutado,,
120499830,brigada pesada,,
-28642785,canasta,,
-28644103,ejecutado,,
-28643478,ejecutado,,
-28643802,ejecutado,,
-28644201,ejecutado,,
-28644202,ejecutado,,
120517074,caja concentradora,,
-28644106,ejecutado,,
120435780,especial,,
120435717,especial,,
120435348,especial,,
-28643334,brigada pesada,,
-28634918,especial,,
-28644206,primaria,,
-28643472,ejecutado,,
-28627006,no programar,,
-28626991,no programar,,
-28643524,ejecutado,,
-28643800,ejecutado,,
-28645556,ejecutado,4/1/2025,
-28645552,ejecutado,,
-28645550,ejecutado,,
-28645554,ejecutado,,
-28645555,ejecutado,,
-28645553,ejecutado,,
-28645551,ejecutado,,
-28645557,ejecutado,,
-28645492,ejecutado,,
-28645493,ejecutado,,
-28646120,canasta,,
-28645497,ejecutado,,
-28642636,canasta,,
-28642634,canasta,,
-28642524,especial,,
-28644469,canasta,,
-28642528,canasta,,
-28644476,ejecutado,,
-28645565,ejecutado,,
-28644251,brigada pesada,,
-28644482,brigada pesada,,
-28644478,brigada pesada,,
-28644248,ejecutado,,
-28645569,ejecutado,,
-28645571,ejecutado,,
-28646283,ejecutado,,
-28645564,brigada pesada,,
-28646280,ejecutado,,
-28644477,brigada pesada,,
-28643810,brigada pesada,,
-28644481,canasta,,
-28644473,brigada pesada,,
-28644002,canasta,,
-28646286,brigada pesada,,
-28644479,brigada pesada,,
-28646284,brigada pesada,,
-28644246,especial,7/1/2025,
-28634992,especial,,
-28634984,especial,,
-28634919,especial,,
-28642638,especial,,
-28642541,canasta,,
-28646641,brigada pesada,,
-28646586,ejecutado,,
-28644402,canasta,,
-28644472,brigada pesada,,
-28646631,brigada pesada,,
-28646318,ejecutado,,
-28646589,ejecutado,,
-28646740,brigada pesada,,
-28644111,ejecutado,,
-28644249,brigada pesada,,
-28646559,brigada pesada,,
-28646585,canasta,,
-28645573,canasta,,
-28645563,ejecutado,,
-28643811,ejecutado,,
-28643330,brigada pesada,,
-28646626,ejecutado,,
-28646320,ejecutado,,
-28646317,brigada pesada,,
-28646299,ejecutado,,
-28646282,ejecutado,,
-28646547,ejecutado,,
-28644005,ejecutado,,
-28644212,canasta,,
-28646624,brigada pesada,,
-28646448,ejecutado,,
-28646453,ejecutado,,
-28644104,ejecutado,,
-28646690,ejecutado,,
-28644395,ejecutado,,
-28646450,canasta,,
-28645567,ejecutado,,
-28646739,brigada pesada,,
-28646767,ejecutado,,
-28605873,no programar,,
-28605881,no programar,,
-28646665,brigada pesada,,
-28644483,ejecutado,,
-28643904,brigada pesada,,
-28642682,canasta,,
-28646666,ejecutado,,
-28644105,ejecutado,,
-28643921,brigada pesada,,
-28645568,ejecutado,,
-28644250,ejecutado,,
-28646691,ejecutado,,
-28643318,brigada pesada,,
-28644373,ejecutado,,
120315941,especial,,
-28646539,brigada pesada,,
-28647769,caja concentradora,8/1/2025,
-28647772,caja concentradora,,
-28643324,caja concentradora,,
-28646548,caja concentradora,,
-28647775,caja concentradora,,
-28647773,caja concentradora,,
-28605830,no programar,,
-28614486,no programar,,
-28614509,no programar,,
-28642874,canasta,,
-28642856,especial,,
120495221,canasta,,
-28647685,canasta,,
-28647814,brigada pesada,,
-28647684,brigada pesada,,
-28647822,brigada pesada,,
-28646932,canasta,,
-28646933,brigada pesada,,
-28646802,ejecutado,,
-28647813,ejecutado,,
-28647812,brigada pesada,,
-28646550,brigada pesada,,
120499393,especial,,
-28647815,canasta,,
120494228,ejecutado,,
120316512,ejecutado,,
-28640184,canasta,,
120517027,caja concentradora,,
120718023,brigada pesada,,
-28646930,brigada pesada,,
120713205,brigada pesada,,
-28646428,caja concentradora,,
-28647782,brigada pesada,,
-28647686,brigada pesada,,
-28646445,canasta,,
-28648316,canasta,,
-28646372,brigada pesada,,
-28644475,ejecutado,,
-28644149,ejecutado,,
-28648441,ejecutado,,
-28644110,ejecutado,,
-28648737,brigada pesada,,
120587830,especial,,
-28648562,ejecutado,,
-28648626,ejecutado,,
-28648605,ejecutado,,
-28648604,ejecutado,,
-28648602,ejecutado,,
-28648688,ejecutado,,
-28649089,caja concentradora,,
-28649108,caja concentradora,,
-28649106,caja concentradora,,
-28648987,brigada pesada,9/1/2025,
-28648068,brigada pesada,,
-28648063,especial,,
-28648101,canasta,,
-28648064,canasta,,
-28648317,ejecutado,,
120511725,canasta,,
-28649143,ejecutado,,
-28648060,canasta,,
-28648725,brigada pesada,,
-28648037,ejecutado,,
-28648353,brigada pesada,,
-28648350,brigada pesada,,
-28648354,brigada pesada,,
120316895,canasta,,
-28642653,canasta,,
-28648065,canasta,,
-28643465,ejecutado,,
-28648443,brigada pesada,,
-28649144,ejecutado,,
-28649145,ejecutado,,
-28648036,ejecutado,,
-28647664,brigada pesada,,
-28648349,ejecutado,,
-28648106,brigada pesada,,
-28643314,brigada pesada,,
-28648986,canasta,,
-28646906,canasta,,
-28648352,ejecutado,,
-28648355,ejecutado,,
-28648356,especial,,
-28646485,brigada pesada,,
-28649117,brigada pesada,,
-28649935,ejecutado,,
-28651154,brigada pesada,,
-28651013,brigada pesada,,
-28651017,brigada pesada,,
-28651161,ejecutado,,
-28649631,especial,,
-28651155,ejecutado,,
-28649636,ejecutado,,
-28649633,brigada pesada,,
-28651165,brigada pesada,,
-28649933,brigada pesada,,
-28651163,ejecutado,,
-28651010,canasta,,
-28649936,brigada pesada,,
-28649221,brigada pesada,,
-28649634,brigada pesada,,
-28651098,brigada pesada,,
-28648009,brigada pesada,,
-28651159,ejecutado,,
-28648814,brigada pesada,,
-28649223,ejecutado,,
-28649635,brigada pesada,,
-28651099,brigada pesada,,
-28651153,canasta,,
-28648315,caja concentradora,,
-28651160,brigada pesada,,
-28651166,brigada pesada,,
-20651153,canasta,,
-28649165,canasta,,
-28649938,brigada pesada,,
-28648007,ejecutado,,
-28651162,ejecutado,,
-28649626,canasta,,
-28648069,canasta,,
-28651158,canasta,,
-28651164,canasta,,
-28651100,brigada pesada,,
-28651157,ejecutado,,
-28649147,brigada pesada,,
-28649627,brigada pesada,,
-28651156,ejecutado,,
-28651167,brigada pesada,,
-28651151,brigada pesada,,
-28651150,ejecutado,,
-28651149,ejecutado,,
-28651152,ejecutado,,
-28649937,ejecutado,,
-28652215,caja concentradora,,
-28652928,caja concentradora,,
-28652951,caja concentradora,,
-28652973,caja concentradora,,
-28652988,caja concentradora,,
-28652962,caja concentradora,,
-28652987,caja concentradora,,
-28652205,caja concentradora,,
-28652200,caja concentradora,,
-28651014,caja concentradora,,
-28652218,caja concentradora,,
-28652214,caja concentradora,,
-28652968,caja concentradora,,
-28651317,canasta,11/1/2025,
-28652391,especial,,
-28651312,ejecutado,,
-28652398,canasta,,
-28652395,ejecutado,,
-28651314,ejecutado,,
-28651181,ejecutado,,
-28652392,especial,,
-28653016,brigada pesada,,
-28653015,ejecutado,,
-28652381,ejecutado,,
-28652379,especial,,
-28652393,ejecutado,,
-28652384,brigada pesada,,
-28652390,ejecutado,,
-28652383,ejecutado,,
-28652394,canasta,,
-28652397,ejecutado,,
-28652389,brigada pesada,,
-28651313,ejecutado,,
-28651315,brigada pesada,,
-28652400,brigada pesada,,
-28652378,ejecutado,,
-28652377,brigada pesada,,
-28653450,canasta,,
-28652385,canasta,,
-28653459,canasta,,
-28653358,caja concentradora,,
-28653067,ejecutado,13/1/2025,
-28653457,brigada pesada,,
-28653671,brigada pesada,,
-28653451,ejecutado,,
-28653455,brigada pesada,,
-28653462,ejecutado,,
-28653578,brigada pesada,,
-28653113,ejecutado,,
-28653525,canasta,,
-28652411,canasta,,
-28653068,brigada pesada,,
-28652382,canasta,,
-28640304,especial,,
-28642644,especial,,
-28642648,especial,,
-28653460,brigada pesada,,
-28653499,ejecutado,,
-28653454,ejecutado,,
-28653575,brigada pesada,,
-28653465,brigada pesada,,
-28653064,ejecutado,,
-28653447,canasta,,
-28653469,ejecutado,,
-28640294,especial,,
-28653062,canasta,,
-28653452,especial,,
-28652939,brigada pesada,,
-28649472,ejecutado,,
-28653069,ejecutado,,
-28653670,ejecutado,,
-28653524,brigada pesada,,
-28653458,brigada pesada,,
-28653968,ejecutado,,
-28646766,ejecutado,,
-28653448,brigada pesada,,
-28644200,ejecutado,,
-28652977,brigada pesada,,
-28653898,no programar,,
-28652967,especial,,
-28642880,especial,,
-28640283,especial,14/1/2025,
-28652982,brigada pesada,,
-28654990,brigada pesada,,
-28654822,ejecutado,,
-28653654,ejecutado,,
-28652211,especial,,
-28654989,ejecutado,,
-28654823,ejecutado,,
-28654826,canasta,,
-28654830,canasta,,
-28654828,ejecutado,,
-28654987,brigada pesada,,
-28653748,ejecutado,,
-28642870,especial,,
-28654986,ejecutado,,
-28654817,ejecutado,,
-28642871,especial,,
-28653747,ejecutado,,
-28653579,ejecutado,,
-28645560,ejecutado,,
-28654831,ejecutado,,
-28654992,especial,,
-28653755,brigada pesada,,
-28654981,brigada pesada,,
-28654833,brigada pesada,,
-28648104,canasta,,
-28654199,ejecutado,,
-28649512,ejecutado,,
-28652380,ejecutado,,
-28654835,especial,,
-28653756,ejecutado,,
-28649637,brigada pesada,,
-28655185,ejecutado,,
-28654991,brigada pesada,,
-28654827,ejecutado,,
-28654814,brigada pesada,,
-28654985,especial,,
-28654819,canasta,,
-28642490,especial,,
-28654994,ejecutado,,
-28654984,ejecutado,,
-28596625,canasta,,
-28596626,canasta,,
-28585472,canasta,,
105508095,no programar,,
105579142,no programar,,
106415609,no programar,,
105395885,no programar,,
105396004,no programar,,
106746161,no programar,,
106281685,no programar,,
106752149,no programar,,
103662656,no programar,,
106653281,no programar,,
106751908,no programar,,
106067716,no programar,,
105577995,no programar,,
105578161,no programar,,
105581307,no programar,,
105892366,no programar,,
105892516,no programar,,
107615046,no programar,,
106652724,no programar,,
106652196,no programar,,
106653138,no programar,,
106838599,no programar,,
106653036,no programar,,
106652975,no programar,,
102053982,no programar,,
102054016,no programar,,
102420558,no programar,,
102420593,no programar,,
102684021,no programar,,
102684108,no programar,,
102054194,no programar,,
102054355,no programar,,
102054373,no programar,,
102054388,no programar,,
102054406,no programar,,
102054418,no programar,,
102420659,no programar,,
102420725,no programar,,
107246064,no programar,,
102983901,no programar,,
101727709,no programar,,
101727776,no programar,,
101727870,no programar,,
101727959,no programar,,
101729705,no programar,,
101779703,no programar,,
102775348,no programar,,
103001034,no programar,,
103002116,no programar,,
103249736,no programar,,
103250260,no programar,,
104661749,no programar,,
104661908,no programar,,
104728605,no programar,,
104729038,no programar,,
104834694,no programar,,
106236111,no programar,,
101585206,no programar,,
105292348,no programar,,
102337985,no programar,,
105391852,no programar,,
101767379,no programar,,
101829624,no programar,,
101830241,no programar,,
101846271,no programar,,
101545672,no programar,,
101548401,no programar,,
101780900,no programar,,
101780976,no programar,,
101548339,no programar,,
101548367,no programar,,
103561043,no programar,,
101438952,no programar,,
106068704,no programar,,
-28596619,no programar,,
-28640233,no programar,,
105620696,no programar,,
-28640242,no programar,,
-28630711,no programar,,
-28602403,no programar,,
-28619814,no programar,,
101845897,sin acceso,,
101845931,sin acceso,,
101845966,sin acceso,,
101846187,sin acceso,,
101835779,no programar,,
106463865,no programar,,
107719672,no programar,,
107719705,no programar,,
106463892,no programar,,
106282086,no programar,,
105967636,no programar,,
105970479,no programar,,
106463797,no programar,,
106746598,no programar,,
106746455,no programar,,
106746816,no programar,,
106840321,no programar,,
106931437,no programar,,
107386596,no programar,,
107386667,no programar,,
106071034,no programar,,
105621525,no programar,,
102872146,no programar,,
106826419,no programar,,
103249988,no programar,,
-28605927,no programar,,
105392926,no permite normalizar,,
105292538,no programar,,
105392679,no programar,,
102419125,no programar,,
102419189,no permite normalizar,,
-28626943,no programar,,
-28608359,no programar,,
-28608354,no programar,,
105792597,no pertmite normalizar,,
105792752,no pertmite normalizar,,
105181641,no pertmite normalizar,,
102143489,no programar,,
106981907,no programar,,
-28621329,no programar,,
-28627740,no programar,,
-28604666,no programar,,
-28635058,no programar,,
-28635057,no programar,,
-28634968,no programar,,
-28634878,no programar,,
-28634964,no programar,,
-28634914,no programar,,
-28634904,no programar,,
-28634897,no programar,,
103564790,no programar,,
101841147,no programar,,
-28593932,especial,,
-28605929,especial,,
-28605880,no programar,,
-28565978,no programar,,
-28566187,no programar,,
-28565979,no programar,,
-28566020,no programar,,
-28565982,no programar,,
-28566047,no programar,,
-28565981,no programar,,
-28565991,no programar,,
-28565971,no programar,,
-28589857,no programar,,
-28589853,no programar,,
-28589856,no programar,,
-28589852,no programar,,
-28589822,no programar,,
-28589851,no programar,,
-28589854,no programar,,
-28568625,no programar,,
-28584806,no programar,,
-28654816,brigada pesada,,
-28654815,ejecutado,,
-28653753,brigada pesada,,
-28653754,ejecutado,,
-28654824,ejecutado,,
-28653749,ejecutado,,
-28653360,brigada pesada,,
-28654882,brigada pesada,,
-28655242,brigada pesada,,
-28653111,ejecutado,,
-28653019,ejecutado,,
-28654829,ejecutado,,
-28655235,canasta,,
-28654993,canasta,,
-28655234,ejecutado,15/1/2025,
-28656644,canasta,,
-28654998,ejecutado,,
-28655237,brigada pesada,,
-28656733,ejecutado,,
-28656645,brigada pesada,,
-28655236,ejecutado,,
-28654852,canasta,,
-28656732,brigada pesada,,
-28655233,ejecutado,,
-28654860,canasta,,
-28655589,brigada pesada,,
-28656648,brigada pesada,,
-28655231,ejecutado,,
-28655228,canasta,,
-28656641,brigada pesada,,
-28655230,ejecutado,,
-28656637,canasta,,
-28656650,ejecutado,,
-28655227,canasta,,
-28656649,brigada pesada,,
-28655225,brigada pesada,,
-28655198,caja concentradora,,
-28656731,ejecutado,,
-28653577,ejecutado,,
-28655486,especial,,
-28656250,caja concentradora,,
-28655240,canasta,,
-28655239,ejecutado,,
-28653751,brigada pesada,,
-28655002,especial,,
-28655247,ejecutado,,
-28654832,ejecutado,,
-28655243,ejecutado,,
-28656730,canasta,,
-28656647,canasta,,
-28655241,brigada pesada,,
-28654988,canasta,,
-28656639,ejecutado,,
-28654999,ejecutado,,
-28655248,brigada pesada,,
-28642881,canasta,,
-28655224,ejecutado,,
-28655226,ejecutado,,
-28648062,primaria,,
-28656783,canasta,,
-28653750,ejecutado,,
-28655245,ejecutado,,
-28657617,ejecutado,,
-28657614,ejecutado,,
-28657616,ejecutado,,
-28657613,ejecutado,,
-28657612,ejecutado,,
-28657618,ejecutado,,
-28657611,ejecutado,,
-28657615,ejecutado,,
-28752918,brigada pesada,,
-28658226,especial,,
-28656638,brigada pesada,,
-28658318,ejecutado,,
-28656884,brigada pesada,,
-28656882,canasta,,
-28658224,canasta,16/1/2025,
-28658206,brigada pesada,,
-28656678,brigada pesada,,
-28658228,ejecutado,,
-28656883,ejecutado,,
-28658208,brigada pesada,,
-28658209,ejecutado,,
-28658221,brigada pesada,,
-28656888,brigada pesada,,
-28658201,ejecutado,,
-28656887,brigada pesada,,
-28658207,brigada pesada,,
-28658227,ejecutado,,
-28658217,canasta,,
-28656881,canasta,,
-28655463,especial,,
-28658219,ejecutado,,
-28658203,ejecutado,,
-28653584,canasta,,
-28656886,ejecutado,,
-28658222,ejecutado,,
-28658320,ejecutado,,
-28658216,brigada pesada,,
-28656646,brigada pesada,,
-28658204,brigada pesada,,
-28642803,canasta,,
-28627724,canasta,,
-28631705,no programar,,
-28656640,canasta,,
-28605742,canasta,,
-28655244,brigada pesada,,
-28658210,ejecutado,,
-28657054,ejecutado,,
-28656889,brigada pesada,,
-28658230,ejecutado,,
-28655406,ejecutado,,
-28656659,ejecutado,,
-28656891,ejecutado,,
-28658213,ejecutado,,
-28658231,brigada pesada,,
-28658205,ejecutado,,
-28658212,brigada pesada,,
-28655384,canasta,,
-28656885,brigada pesada,,
-28602428,canasta,,
-28658215,canasta,,
-28656890,ejecutado,,
-28658218,canasta,,
-28658214,canasta,,
-28658223,ejecutado,,
-28658225,brigada pesada,,
-28656749,brigada pesada,,
120714787,primaria,,
121477329,caja concentradora,,
121475642,caja concentradora,,
121476688,caja concentradora,,
121476676,caja concentradora,,
121475619,caja concentradora,,
121476839,caja concentradora,,
-28659663,caja concentradora,,
121476874,caja concentradora,,
121476539,caja concentradora,,
121476926,caja concentradora,,
121476858,caja concentradora,,
121475146,caja concentradora,,
121477239,caja concentradora,,
121473564,caja concentradora,,
121476613,ejecutado,,
-28659637,ejecutado,,
-28658246,ejecutado,,
121477371,brigada pesada,17/1/2025,
-28659675,ejecutado,,
-28658244,ejecutado,,
-28659158,ejecutado,,
121475550,brigada pesada,,
-28658252,ejecutado,,
-28658257,ejecutado,,
-28659639,brigada pesada,,
-28626937,canasta,,
-28608434,canasta,,
-28642602,no programar,,
-28659638,canasta,,
121477436,ejecutado,,
-28659630,ejecutado,,
121477264,brigada pesada,,
-28659633,brigada pesada,,
-28658256,especial,,
-28659636,canasta,,
-28657727,ejecutado,,
-28659635,ejecutado,,
121472057,ejecutado,,
-28658306,brigada pesada,,
-28658311,ejecutado,,
121475614,ejecutado,,
-28657634,caja concentradora,,
-28658245,brigada pesada,,
121477067,ejecutado,,
121477375,ejecutado,,
-28659640,ejecutado,,
-28659631,brigada pesada,,
121475083,canasta,,
-28645461,canasta,,
-28659634,especial,,
121476397,ejecutado,,
-28659673,ejecutado,,
-28656772,especial,,
-28658371,brigada pesada,,
-28658259,brigada pesada,,
121477314,brigada pesada,,
-28658293,brigada pesada,,
-28658333,no programar,,
121473500,reincidente,,
-28659632,brigada pesada,,
-28658248,ejecutado,,
-28658272,ejecutado,,
-28654950,brigada pesada,,
-28659642,canasta,,
-28658251,ejecutado,,
121479653,canasta,,
-28659152,caja concentradora,,
-28659162,caja concentradora,,
121478415,especial,,
121488127,especial,,
12148932,ejecutado,,
-28659668,ejecutado,18/1/2025,
121482266,brigada pesada,,
121484222,brigada pesada,,
121488805,ejecutado,,
121486289,brigada pesada,,
121483064,ejecutado,,
121484092,brigada pesada,,
121489271,canasta,,
-28654951,especial,,
-28661459,especial,,
121489530,canasta,,
121490380,especial,,
121488293,ejecutado,,
121486332,ejecutado,,
121484123,ejecutado,,
121487085,ejecutado,,
121481729,canasta,,
121485246,brigada pesada,,
121486976,canasta,,
121480844,ejecutado,,
-28656651,ejecutado,,
121482960,ejecutado,,
121486889,ejecutado,,
121478453,ejecutado,,
121488656,canasta,,
121479657,ejecutado,,
121484285,ejecutado,,
121484400,ejecutado,,
121488684,ejecutado,,
121486970,brigada pesada,,
121478072,brigada pesada,,
121478417,canasta,,
121485303,brigada pesada,,
-28659643,canasta,,
-28605832,canasta,,
121492308,brigada pesada,,
121557082,ejecutado,,
121564947,ejecutado,20/1/2025,
-28662214,brigada pesada,,
121491942,canasta,,
121492301,canasta,,
-28662215,canasta,,
121492571,ejecutado,,
-28662217,canasta,,
121570600,ejecutado,,
121699061,brigada pesada,,
121561932,brigada pesada,,
121579374,ejecutado,,
-28661911,caja concentradora,,
121491628,ejecutado,,
121491871,brigada pesada,,
-28611491,canasta,,
-28661573,canasta,,
121782780,canasta,,
121775776,canasta,,
121776996,brigada pesada,,
121776353,especial,,
121783496,brigada pesada,21/1/2025,
121777005,ejecutado,,
121778180,brigada pesada,,
121778006,ejecutado,,
121610099,ejecutado,,
121781681,ejecutado,,
121602759,ejecutado,,
121778011,ejecutado,,
121773115,canasta,,
121775858,canasta,,
121776873,ejecutado,,
121783477,ejecutado,,
121557103,especial,,
121781923,brigada pesada,,
121777865,canasta,,
121699105,ejecutado,,
-28663377,brigada pesada,,
121557110,brigada pesada,,
121782835,ejecutado,,
121774693,brigada pesada,,
-28662218,ejecutado,,
121780888,ejecutado,,
121776445,brigada pesada,,
121776725,brigada pesada,,
121776754,brigada pesada,,
-28662414,ejecutado,,
121782743,ejecutado,,
121854264,caja concentradora,,
121492482,brigada pesada,,
-28661127,no programar,,
-28660521,no programar,,
-28661864,no programar,,
-28661457,no programar,,
121778194,caja concentradora,,
121898912,caja concentradora,,
121899699,caja concentradora,,
121895989,caja concentradora,,
121895061,caja concentradora,,
121867247,caja concentradora,,
121301308,canasta,,
-28661522,ejecutado,,
121895368,brigada pesada,,
121782740,brigada pesada,22/1/2025,
121899861,canasta,,
-28664205,brigada pesada,,
121783500,ejecutado,,
121784748,brigada pesada,,
121824097,brigada pesada,,
121851446,ejecutado,,
121789023,brigada pesada,,
121492521,ejecutado,,
-28662408,ejecutado,,
121898822,brigada pesada,,
121897523,ejecutado,,
-28664202,ejecutado,,
121898240,canasta,,
121898231,brigada pesada,,
121895208,ejecutado,,
121899900,ejecutado,,
-28663581,caja concentradora,,
121876239,ejecutado,,
121849239,ejecutado,,
121882811,ejecutado,,
121861041,ejecutado,,
121557093,brigada pesada,,
121895591,ejecutado,,
121853561,ejecutado,,
121783921,ejecutado,,
121867548,brigada pesada,,
121886127,ejecutado,,
121875265,ejecutado,,
121783556,brigada pesada,,
121894679,especial,,
121899507,canasta,,
121853583,brigada pesada,,
121849519,brigada pesada,,
121860033,ejecutado,,
121781344,brigada pesada,,
121899361,brigada pesada,,
121778153,canasta,,
121780482,brigada pesada,,
121780517,brigada pesada,,
121965711,canasta,,
121905149,especial,,
-28661909,canasta,,
121983295,ejecutado,,
121984354,ejecutado,,
121981744,ejecutado,,
121983521,ejecutado,23/1/2025,
121981930,ejecutado,,
121984064,ejecutado,,
121981437,ejecutado,,
121982332,ejecutado,,
121981242,ejecutado,,
121982963,ejecutado,,
121980853,ejecutado,,
121982090,ejecutado,,
121982680,ejecutado,,
121967433,canasta,,
-28664131,brigada pesada,,
121965441,brigada pesada,,
121994187,brigada pesada,,
121849518,brigada pesada,,
121961179,ejecutado,,
121958811,ejecutado,,
121978527,ejecutado,,
121965134,especial,,
121969387,ejecutado,,
121995092,canasta,,
121900139,brigada pesada,,
121979325,brigada pesada,,
-28664546,brigada pesada,,
121988158,ejecutado,,
-28664330,ejecutado,,
-28662219,brigada pesada,,
121960113,ejecutado,,
-28664356,canasta,,
121994983,ejecutado,,
121905455,especial,,
121937457,ejecutado,,
121995093,ejecutado,,
121994982,ejecutado,,
121962675,canasta,,
121970411,brigada pesada,,
121995489,brigada pesada,,
121962568,ejecutado,,
121975778,canasta,,
121965264,brigada pesada,,
121963030,121963030,,
-28664995,brigada pesada,,
121960239,brigada pesada,,
122060698,ejecutado,,
122100512,ejecutado,,
122100419,ejecutado,,
122100437,ejecutado,,
122100586,ejecutado,24/1/2025,
122100546,ejecutado,,
122100606,ejecutado,,
122100304,ejecutado,,
122100394,ejecutado,,
122100676,ejecutado,,
122100323,ejecutado,,
122100337,ejecutado,,
122100613,ejecutado,,
122100730,ejecutado,,
122100219,ejecutado,,
122100237,ejecutado,,
122100273,ejecutado,,
122100179,ejecutado,,
122100803,ejecutado,,
122100745,ejecutado,,
122100757,ejecutado,,
122100890,ejecutado,,
122100936,ejecutado,,
122101078,ejecutado,,
122100826,ejecutado,,
122100845,ejecutado,,
122100909,ejecutado,,
122105850,ejecutado,,
122100067,ejecutado,,
122100029,ejecutado,,
122100137,ejecutado,,
121784305,caja concentradora,,
122057498,ejecutado,,
122092641,brigada pesada,,
121961156,especial,,
122098341,brigada pesada,,
122096743,brigada pesada,,
122056830,brigada pesada,,
121964616,brigada pesada,,
121997554,brigada pesada,,
122091735,ejecutado,,
122054519,brigada pesada,,
121961850,ejecutado,,
122070097,ejecutado,,
122060736,ejecutado,,
-28665499,ejecutado,,
122058336,brigada pesada,,
122058628,ejecutado,,
122056235,ejecutado,,
122057439,ejecutado,,
122097972,ejecutado,,
122095859,brigada pesada,,
122062385,brigada pesada,,
122059315,ejecutado,,
122058473,ejecutado,,
122063239,ejecutado,,
122074997,ejecutado,,
122094187,ejecutado,,
122056321,especial,,
122088654,especial,,
122061860,canasta,,
121997783,brigada pesada,,
-28664059,ejecutado,,
121898408,ejecutado,,
-28662962,canasta,,
-28662965,canasta,,
-28662313,canasta,,
-28662315,canasta,,
-28662317,canasta,,
121975796,canasta,,
122060686,brigada pesada,,
-28665313,ejecutado,,
122097682,ejecutado,,
122055911,ejecutado,,
121781959,ejecutado,,
121985038,ejecutado,,
122056918,ejecutado,,
122098694,especial,,
-28665041,especial,,
122076005,ejecutado,,
122061075,ejecutado,,
122122916,ejecutado,,
-28665097,canasta,,
122108971,brigada pesada,,
121996154,ejecutado,25/1/2025,
121995756,ejecutado,,
122124563,canasta,,
122114890,canasta,,
122105160,canasta,,
122109750,canasta,,
122105768,brigada pesada,,
122103385,ejecutado,,
122117385,especial,,
122102692,brigada pesada,,
-28665765,brigada pesada,,
122058245,ejecutado,,
122097428,ejecutado,,
122057011,ejecutado,,
122107168,ejecutado,,
122116230,canasta,,
122103257,brigada pesada,,
122102452,ejecutado,,
122101986,brigada pesada,,
122106999,brigada pesada,,
122114946,ejecutado,,
122115659,canasta,,
122106214,canasta,,
122110497,brigada pesada,,
122109394,brigada pesada,,
122135572,brigada pesada,,
122102326,caja concentradora,,
122140621,canasta,,
122133067,brigada pesada,26/1/2025,
122136642,brigada pesada,,
-28666410,brigada pesada,,
-28666412,caja concentradora,,
122139237,canasta,,
121848351,canasta,,
122197572,ejecutado,,
122198358,especial,,
122198356,brigada pesada,27/1/2025,
122196445,ejecutado,,
122099451,ejecutado,,
122122976,ejecutado,,
-28666416,ejecutado,,
122100532,canasta,,
122196470,ejecutado,,
122139756,ejecutado,,
122198102,ejecutado,,
122142559,ejecutado,,
122132909,canasta,,
122137307,ejecutado,,
122198214,ejecutado,,
122198690,canasta,,
122196590,ejecutado,,
-28666418,ejecutado,,
122139992,ejecutado,,
122197131,ejecutado,,
122142068,ejecutado,,
122134446,ejecutado,,
-28663986,brigada pesada,,
122133298,ejecutado,,
122197468,brigada pesada,,
122196715,brigada pesada,,
122196443,ejecutado,,
122198331,ejecutado,,
122136042,brigada pesada,,
122142583,canasta,,
122136435,brigada pesada,,
122132887,canasta,,
122143578,ejecutado,,
122196978,canasta,,
122143589,ejecutado,,
122273233,ejecutado,,
122273236,ejecutado,,
122100532,canasta,,
122124562,canasta,,
122132883,canasta,,
122137389,canasta,,
122116061,canasta,,
122259002,ejecutado,,
122269518,canasta,,
122273913,ejecutado,28/1/2025,
122264366,brigada pesada,,
122222295,brigada pesada,,
122272240,ejecutado,,
122277289,ejecutado,,
122264514,ejecutado,,
122268978,brigada pesada,,
122278086,ejecutado,,
-28666663,ejecutado,,
122264931,canasta,,
122199030,ejecutado,,
122264800,ejecutado,,
122260113,ejecutado,,
122236033,ejecutado,,
122268032,ejecutado,,
122199024,brigada pesada,,
122258107,ejecutado,,
122272713,ejecutado,,
122266028,ejecutado,,
122272794,canasta,,
-28666480,canasta,,
122281834,ejecutado,,
122282132,ejecutado,,
122281933,ejecutado,,
122281905,ejecutado,,
122282201,ejecutado,,
122282046,ejecutado,,
122282010,ejecutado,,
122265000,canasta,,
122271947,ejecutado,,
121776512,canasta,,
122263336,ejecutado,,
122265924,brigada pesada,,
121907644,brigada pesada,,
122259142,brigada pesada,,
122265334,ejecutado,,
122200444,ejecutado,,
122257972,canasta,,
122268268,ejecutado,,
122107793,canasta,,
122267973,brigada pesada,,
122258339,brigada pesada,,
122265865,canasta,,
122264364,ejecutado,,
122142291,canasta,,
122200652,ejecutado,,
-28666664,brigada pesada,,
-28665761,canasta,,
122261995,brigada pesada,,
122267972,brigada pesada,,
122264297,canasta,,
121490621,brigada pesada,,
122106956,ejecutado,,
122274026,brigada pesada,,
-28666611,brigada pesada,,
-28666617,brigada pesada,,
122296916,brigada pesada,,
122278297,ejecutado,29/1/2025,
-28666983,canasta,,
-28667008,canasta,,
122282695,brigada pesada,,
122292084,ejecutado,,
122284600,brigada pesada,,
122280794,ejecutado,,
-28666674,canasta,,
-28666697,ejecutado,,
122296498,especial,,
122296694,ejecutado,,
122288498,brigada pesada,,
122296834,brigada pesada,,
122283815,ejecutado,,
122287081,ejecutado,,
122291406,ejecutado,,
122278366,brigada pesada,,
-28667002,ejecutado,,
-28666860,brigada pesada,,
-28666699,ejecutado,,
122291159,ejecutado,,
-28666556,canasta,,
-28666568,canasta,,
122289609,especial,,
122281876,ejecutado,,
-28667003,brigada pesada,,
-28666598,brigada pesada,,
-28666601,brigada pesada,,
-28666981,canasta,,
122311038,ejecutado,,
122310738,ejecutado,,
122310244,ejecutado,,
122311292,ejecutado,,
122311554,ejecutado,,
122296776,ejecutado,,
122278261,brigada pesada,,
122291957,ejecutado,,
-28666859,caja concentradora,,
122292265,canasta,,
122291064,canasta,,
-28666980,canasta,,
-28667010,brigada pesada,,
121897844,brigada pesada,,
122297290,canasta,,
122291519,especial,,
122306074,brigada pesada,,
122306095,brigada pesada,30/1/2025,
122361904,ejecutado,,
122360256,canasta,,
-28666603,primaria,,
122361403,ejecutado,,
122358166,brigada pesada,,
122356706,canasta,,
122310892,canasta,,
122316407,brigada pesada,,
122297206,brigada pesada,,
122356996,ejecutado,,
122362543,ejecutado,,
122354168,canasta,,
122311805,brigada pesada,,
122360304,ejecutado,,
122341710,caja concentradora,,
122297528,ejecutado,,
122334891,canasta,,
122307212,ejecutado,,
122300468,especial,,
122367612,ejecutado,,
122367669,ejecutado,,
122367745,ejecutado,,
122367780,ejecutado,,
122367950,ejecutado,,
122368000,ejecutado,,
122368061,ejecutado,,
122368138,ejecutado,,
122368216,ejecutado,,
122368249,ejecutado,,
122343817,canasta,,
122355552,ejecutado,,
122361405,canasta,,
122372357,ejecutado,,
122362746,ejecutado,,
122314508,canasta,,
-28667497,ejecutado,,
-28667499,ejecutado,,
-28667498,ejecutado,,
-28667500,ejecutado,,
122356705,canasta,,
122381700,ejecutado,,
122374612,brigada pesada,,
122379840,brigada pesada,,
122382816,brigada pesada,31/1/2025,
122386460,brigada pesada,,
122382564,ejecutado,,
122363756,brigada pesada,,
122365724,brigada pesada,,
122374835,especial,,
122371061,especial,,
122363402,ejecutado,,
122279344,ejecutado,,
122378833,canasta,,
-28666623,canasta,,
122375514,brigada pesada,,
122367760,brigada pesada,,
122374006,ejecutado,,
122380854,brigada pesada,,
122369289,canasta,,
122381242,especial,,
122370094,ejecutado,,
122373927,brigada pesada,,
122372182,especial,,
122381456,ejecutado,,
122368463,ejecutado,,
122380561,ejecutado,,
122379230,canasta,,
122381596,brigada pesada,,
122372727,ejecutado,,
122374527,brigada pesada,,
122382565,brigada pesada,,
-28666319,canasta,,
122336290,ejecutado,,
122366225,ejecutado,,
122363347,brigada pesada,,
122372166,canasta,,
122367396,brigada pesada,,
122281756,brigada pesada,,
122383052,brigada pesada,,
122375990,brigada pesada,,
122396606,especial,,
122441086,brigada pesada,,
122433268,brigada pesada,1/2/2025,
122433189,brigada pesada,,
122390712,ejecutado,,
122390131,brigada pesada,,
122395532,ejecutado,,
122389585,ejecutado,,
122393311,brigada pesada,,
122388171,brigada pesada,,
122387583,ejecutado,,
122388032,ejecutado,,
-28667588,canasta,,
-28666984,canasta,,
-28667707,canasta,,
122198324,ejecutado,,
122389720,ejecutado,,
122430538,brigada pesada,,
122441604,brigada pesada,,
122439746,brigada pesada,,
122433317,ejecutado,,
122366988,canasta,,
122432212,brigada pesada,,
122390632,ejecutado,,
122390675,brigada pesada,,
122440610,canasta,,
122387200,brigada pesada,,
122398183,canasta,,
122390065,ejecutado,,
122386803,ejecutado,,
122387907,brigada pesada,,
-28667710,ejecutado,,
122411958,ejecutado,,
122336253,ejecutado,,
122377107,ejecutado,,
122390061,ejecutado,,
122389916,canasta,,
122389716,brigada pesada,,
122395063,ejecutado,,
122390669,especial,,
122432240,ejecutado,,
122433344,ejecutado,,
122352061,canasta,,
122466511,brigada pesada,,
122464939,ejecutado,,
122473259,ejecutado,,
122542085,ejecutado,3/2/2025,
122540578,ejecutado,,
122541336,canasta,,
122541354,canasta,,
122391449,ejecutado,,
122457754,ejecutado,,
122457740,ejecutado,,
122474730,canasta,,
122540776,especial,,
122467597,brigada pesada,,
122540972,ejecutado,,
122542241,especial,,
122542324,brigada pesada,,
122541383,ejecutado,,
122457926,ejecutado,,
122457831,ejecutado,,
122475661,ejecutado,,
122476116,brigada pesada,,
122441040,ejecutado,,
122542325,brigada pesada,,
122460904,brigada pesada,,
122437144,ejecutado,,
122438624,ejecutado,,
122607892,especial,,
122616650,brigada pesada,,
122626115,ejecutado,,
122627469,brigada pesada,4/2/2025,
122617449,brigada pesada,,
122609726,brigada pesada,,
122607652,brigada pesada,,
122622397,especial,,
122614704,canasta,,
122625957,ejecutado,,
122622466,ejecutado,,
122621836,ejecutado,,
122627733,brigada pesada,,
122603128,ejecutado,,
122611551,especial,,
122664870,especial,,
122625482,especial,,
-28667576,brigada pesada,,
122614425,ejecutado,,
122621367,ejecutado,,
-28659137,brigada pesada,,
122271770,canasta,,
121990962,canasta,,
122627621,ejecutado,,
122703473,ejecutado,,
122703619,ejecutado,,
122704862,ejecutado,,
122704962,ejecutado,,
122705023,ejecutado,,
122705074,ejecutado,,
122705106,ejecutado,,
122705161,ejecutado,,
122705190,ejecutado,,
122712765,canasta,,
122373456,especial,,
-28667885,brigada pesada,,
122623048,canasta,,
122661231,canasta,5/2/2025,
122663818,ejecutado,,
122627941,brigada pesada,,
122607090,brigada pesada,,
122667139,canasta,,
122706265,brigada pesada,,
122706337,especial,,
122667628,canasta,,
122665526,canasta,,
122621693,ejecutado,,
122705272,ejecutado,,
122705554,brigada pesada,,
122708347,ejecutado,,
122705275,canasta,,
122704333,canasta,,
122704986,brigada pesada,,
122661855,brigada pesada,,
122628005,ejecutado,,
122705907,ejecutado,,
122662146,ejecutado,,
122608280,ejecutado,,
122104001,canasta,,
122705424,brigada pesada,,
122794166,ejecutado,,
122794224,ejecutado,,
122794321,ejecutado,,
122794479,ejecutado,,
122794591,ejecutado,,
122794513,ejecutado,,
-28667011,canasta,,
-28668122,brigada pesada,,
122787631,caja concentradora,,
122803794,caja concentradora,,
122799862,caja concentradora,,
122802714,caja concentradora,,
122789252,brigada pesada,,
122715561,canasta,,
122790894,ejecutado,,
122789168,brigada pesada,6/2/2025,
122799686,ejecutado,,
122796882,ejecutado,,
122793054,brigada pesada,,
122793320,brigada pesada,,
122791909,canasta,,
122788656,brigada pesada,,
122802722,canasta,,
122806033,brigada pesada,,
122806100,canasta,,
122796737,brigada pesada,,
122796791,ejecutado,,
122790797,brigada pesada,,
122061131,caja concentradora,,
122786055,ejecutado,,
122797540,ejecutado,,
122804555,canasta,,
122788673,canasta,,
122802519,ejecutado,,
122795589,ejecutado,,
122716937,ejecutado,,
122805893,ejecutado,,
122785550,especial,,
122800427,canasta,,
122786042,ejecutado,,
122792404,ejecutado,,
122784908,canasta,,
122795869,ejecutado,,
122796498,brigada pesada,,
122800670,brigada pesada,,
122787674,canasta,,
122803793,ejecutado,,
122796566,ejecutado,,
122805147,brigada pesada,,
122798957,canasta,,
122788696,brigada pesada,,
122796491,ejecutado,,
122793474,canasta,,
122799076,canasta,,
122797225,ejecutado,,
122806140,canasta,,
122716093,brigada pesada,,
122788683,canasta,,
122802901,ejecutado,,
122791473,ejecutado,,
122793281,brigada pesada,,
122786593,brigada pesada,,
122796085,brigada pesada,,
-28663324,canasta,,
-28667592,brigada pesada,,
122790111,brigada pesada,,
122803825,brigada pesada,,
-28668663,canasta,,
-28668665,canasta,,
-28668667,canasta,,
-28668669,canasta,,
-28668407,caja concentradora,,
-28665047,ejecutado,,
-28668414,brigada pesada,,
-28668410,brigada pesada,,
122140153,no programar,,
122704276,no programar,,
122787087,no programar,,
121965374,no programar,7/2/2025,
122414093,no programar,,
122877091,no programar,,
122297395,no programar,,
121780722,no programar,,
122370984,no programar,,
121480758,no programar,,
122390410,no programar,,
121487465,no programar,,
122198149,no programar,,
122276391,no programar,,
122801659,no programar,,
121477259,no programar,,
121996738,no programar,,
122614954,no programar,,
122906091,no programar,,
122906129,no programar,,
122800487,no programar,,
122871124,ejecutado,,
122885088,especial,,
122901256,ejecutado,,
122911543,canasta,,
122911719,canasta,,
122901864,brigada pesada,,
122869328,brigada pesada,,
122911147,ejecutado,,
122870071,ejecutado,,
-28668666,brigada pesada,,
122901632,ejecutado,,
122905890,brigada pesada,,
122871348,brigada pesada,,
122900260,brigada pesada,,
122904846,canasta,,
122911560,brigada pesada,,
122873861,ejecutado,,
122905759,ejecutado,,
122903967,canasta,,
122871529,canasta,,
122908773,canasta,,
122911835,brigada pesada,,
122912100,brigada pesada,,
122875546,canasta,,
122870018,canasta,,
122807541,canasta,,
122869986,ejecutado,,
122806818,brigada pesada,,
122912160,ejecutado,,
122870162,ejecutado,,
122918422,ejecutado,,
122916952,ejecutado,,
122916642,ejecutado,,
122916790,ejecutado,,
122916670,ejecutado,,
122916740,ejecutado,,
122916907,ejecutado,,
122911358,canasta,,
-28668412,canasta,,
122911489,ejecutado,,
122921342,especial,8/2/2025,
122906257,ejecutado,,
122914248,brigada pesada,,
122930094,ejecutado,,
122923132,ejecutado,,
122915196,ejecutado,,
122875143,canasta,,
122922003,canasta,,
122914846,ejecutado,,
122916251,ejecutado,,
122806778,canasta,,
122924611,canasta,,
122925038,brigada pesada,,
122912551,canasta,,
122935907,brigada pesada,,
122935648,brigada pesada,,
122800365,canasta,,
122874560,canasta,,
122916496,especial,,
122874117,ejecutado,,
122917810,brigada pesada,,
122915555,especial,,
122919128,ejecutado,,
122934141,canasta,,
122922405,brigada pesada,,
122933432,ejecutado,,
122910682,ejecutado,,
122908197,brigada pesada,,
122913470,brigada pesada,,
122928992,ejecutado,,
122935069,ejecutado,,
122917792,brigada pesada,,
122924127,brigada pesada,,
122917155,brigada pesada,,
122936224,canasta,,
122941305,canasta,,
122938641,canasta,,
-28669009,caja concentradora,,
-28669014,caja concentradora,,
-28669013,caja concentradora,,
-28669011,caja concentradora,,
123005338,ejecutado,,
123006662,especial,,
122937525,brigada pesada,,
123004864,ejecutado,10/2/2025,
123005746,canasta,,
123005037,brigada pesada,,
123004989,ejecutado,,
123004904,ejecutado,,
122936778,ejecutado,,
122793067,ejecutado,,
122937325,especial,,
123004828,ejecutado,,
-28669096,canasta,,
-28668949,canasta,,
123006653,brigada pesada,,
122940533,canasta,,
123006240,brigada pesada,,
123004958,ejecutado,,
123004855,ejecutado,,
122896610,brigada pesada,,
123005008,brigada pesada,,
-28669012,canasta,,
-28667892,canasta,,
-28667888,canasta,,
-28667887,canasta,,
-28667584,brigada pesada,,
122941059,ejecutado,,
122937319,canasta,,
122923850,brigada pesada,,
123005894,canasta,,
122920507,brigada pesada,,
123079119,ejecutado,,
123079053,ejecutado,,
123079195,ejecutado,,
123079147,ejecutado,,
123079275,ejecutado,,
123073644,canasta,,
123086448,ejecutado,,
123089390,canasta,,
123089389,ejecutado,11/2/2025,
123078805,canasta,,
123083018,primaria,,
123088694,brigada pesada,,
123083532,brigada pesada,,
123089518,brigada pesada,,
123074012,ejecutado,,
123008092,especial,,
123085949,especial,,
123088966,canasta,,
-28669661,brigada pesada,,
123073259,canasta,,
123084766,brigada pesada,,
-28668113,canasta,,
123083368,brigada pesada,,
123087233,ejecutado,,
123076366,brigada pesada,,
123081037,brigada pesada,,
123082414,brigada pesada,,
123079727,brigada pesada,,
123080182,ejecutado,,
122800239,canasta,,
123075436,especial,,
123008211,especial,,
122919503,caja concentradora,,
122606572,caja concentradora,,
122605833,caja concentradora,,
122356383,caja concentradora,,
122103255,caja concentradora,,
123089064,canasta,,
123085629,especial,,
123080773,ejecutado,,
-28669098,brigada pesada,,
-28669099,brigada pesada,,
123007251,canasta,,
122378270,brigada pesada,,
121477263,brigada pesada,,
122196964,brigada pesada,,
123083127,ejecutado,,
122667578,brigada pesada,,
123077489,brigada pesada,,
123007694,ejecutado,,
123007686,canasta,,
123164298,ejecutado,,
123164351,ejecutado,,
123164320,ejecutado,,
123164256,ejecutado,,
123164516,ejecutado,,
123165577,caja concentradora,,
123164915,caja concentradora,,
123161486,caja concentradora,,
123156746,caja concentradora,,
123164828,caja concentradora,,
123168069,caja concentradora,,
123169879,caja concentradora,,
123168276,especial,,
123164541,ejecutado,,
123156278,brigada pesada,,
123163941,ejecutado,12/2/2025,
123163803,brigada pesada,,
123154753,ejecutado,,
123162174,canasta,,
123162944,ejecutado,,
123087054,brigada pesada,,
123164345,brigada pesada,,
123165184,ejecutado,,
123164325,brigada pesada,,
123162949,brigada pesada,,
123160286,brigada pesada,,
123155230,canasta,,
123164158,canasta,,
123090647,brigada pesada,,
123168068,canasta,,
123156301,canasta,,
123158058,canasta,,
123155234,especial,,
123008379,canasta,,
123159788,brigada pesada,,
123163549,brigada pesada,,
123157305,canasta,,
123158239,brigada pesada,,
123171128,brigada pesada,,
123166854,ejecutado,,
123170169,ejecutado,,
123158208,brigada pesada,,
123154820,brigada pesada,,
123141698,brigada pesada,,
123157102,brigada pesada,,
123154937,brigada pesada,,
123086551,especial,,
-28669767,brigada pesada,,
123073619,brigada pesada,,
123171036,ejecutado,,
123238233,ejecutado,,
123163005,ejecutado,,
123237194,especial,,
123248932,canasta,,
123247143,ejecutado,,
123249368,brigada pesada,13/2/2025,
123241751,especial,,
-28669768,canasta,,
123238980,especial,,
123250112,brigada pesada,,
123171991,brigada pesada,,
123159296,canasta,,
123240213,ejecutado,,
123237115,ejecutado,,
123240880,brigada pesada,,
123249415,ejecutado,,
123173140,brigada pesada,,
123162040,ejecutado,,
123160291,ejecutado,,
123240991,canasta,,
123236564,brigada pesada,,
123173025,brigada pesada,,
123249544,ejecutado,,
123170164,ejecutado,,
123083020,ejecutado,,
123249002,brigada pesada,,
123237355,brigada pesada,,
123170810,brigada pesada,,
-28670007,canasta,,
-28670006,canasta,,
-28670009,canasta,,
-28669100,canasta,,
-28668406,brigada pesada,,
123248305,brigada pesada,,
122940931,ejecutado,,
123171127,brigada pesada,,
123245732,canasta,,
123158578,ejecutado,,
123235316,brigada pesada,,
123239758,brigada pesada,,
123249012,ejecutado,,
123173280,ejecutado,,
123238477,ejecutado,,
123246082,especial,,
123250651,canasta,,
123241658,canasta,,
123241214,especial,,
123160333,ejecutado,,
123249223,ejecutado,,
123242451,canasta,,
123247034,brigada pesada,,
123248154,brigada pesada,,
-28669101,brigada pesada,,
123089882,brigada pesada,,
123171682,ejecutado,,
123322387,ejecutado,,
123322783,ejecutado,,
123320961,ejecutado,,
123321696,ejecutado,,
123320714,ejecutado,,
123320675,ejecutado,,
123246986,ejecutado,,
123315426,especial,,
123323120,brigada pesada,,
123323636,canasta,,
123319829,brigada pesada,,
123327444,brigada pesada,,
123250725,especial,,
123327681,canasta,,
123324760,brigada pesada,,
123313159,canasta,,
123317352,canasta,,
123318667,brigada pesada,,
123323480,especial,,
123323002,canasta,,
123312739,canasta,,
-28670176,caja concentradora,,
123317802,especial,,
123410654,primaria,,
123410619,primaria,,
123410672,primaria,,
123397376,especial,,
123409790,brigada pesada,,
123328301,canasta,,
123326636,canasta,,
123402711,brigada pesada,,
123412949,brigada pesada,,
123402806,brigada pesada,,
123426235,brigada pesada,,
123414990,brigada pesada,,
123402051,canasta,,
123420167,brigada pesada,,
123411771,brigada pesada,,
123242627,canasta,,
123165014,caja concentradora,,
123165161,canasta,,
123248933,especial,,
123317165,especial,,
123412413,canasta,,
123420222,especial,,
-28668125,canasta,,
-28669010,canasta,,
123492326,ejecutado,17/2/2025,
123492134,brigada pesada,,
123491801,brigada pesada,,
123492299,ejecutado,,
123491867,ejecutado,,
123421007,brigada pesada,,
123492056,canasta,,
123427213,ejecutado,,
123492365,brigada pesada,,
123492401,ejecutado,,
123492349,canasta,,
123492388,canasta,,
123421382,ejecutado,,
123418791,canasta,,
123327732,especial,,
123427077,brigada pesada,,
123492257,brigada pesada,,
123426838,ejecutado,,
123492320,canasta,,
123415920,ejecutado,,
123492033,Juan Valle,,
123492488,canasta,,
123320347,canasta,,
123492399,canasta,,
123587840,ejecutado,,
123586285,ejecutado,,
123583932,ejecutado,,
123584330,ejecutado,,
123585756,ejecutado,,
123584762,ejecutado,,
123580003,ejecutado,,
123588159,ejecutado,,
123162239,ejecutado,,
123167980,ejecutado,,
123170160,ejecutado,,
122796696,caja concentradora,,
123171447,caja concentradora,,
123576772,brigada pesada,,
123591681,ejecutado,,
123626092,ejecutado,,
123668794,brigada pesada,18/2/2025,
123581642,canasta,,
123669071,ejecutado,,
123567961,brigada pesada,,
123492545,brigada pesada,,
123649889,ejecutado,,
123572103,brigada pesada,,
123416698,ejecutado,,
123572610,canasta,,
123573803,ejecutado,,
-28669662,ejecutado,,
123571163,especial,,
123658983,ejecutado,,
123661979,ejecutado,,
123624619,canasta,,
123580807,brigada pesada,,
123658435,ejecutado,,
123627698,brigada pesada,,
123576732,canasta,,
-28669766,canasta,,
123638341,brigada pesada,,
123669000,especial,,
123579240,ejecutado,,
123626033,brigada pesada,,
123668527,ejecutado,,
123631400,brigada pesada,,
123741965,canasta,,
123744030,brigada pesada,,
123737163,brigada pesada,,
123711395,ejecutado,,
123239749,canasta,,
123740333,ejecutado,,
123739294,especial,,
121472898,brigada pesada,,
-28666982,ejecutado,,
123770685,ejecutado,,
123768760,ejecutado,,
123762810,ejecutado,,
123767584,ejecutado,19/2/2025,
123766020,brigada pesada,,
123736790,brigada pesada,,
123583889,ejecutado,,
123667918,ejecutado,,
123742949,especial,,
123824063,ejecutado,,
123824101,ejecutado,,
123823839,ejecutado,,
123823879,ejecutado,,
123823938,ejecutado,,
123823985,ejecutado,,
123824082,ejecutado,,
123823897,ejecutado,,
123824008,ejecutado,,
123613180,ejecutado,,
123754902,brigada pesada,,
123769850,ejecutado,,
-28670560,canasta,,
123767779,ejecutado,,
123747652,ejecutado,,
123767438,ejecutado,,
123763893,canasta,,
123742548,brigada pesada,,
123768623,especial,,
123601038,ejecutado,,
123824848,brigada pesada,,
123740587,canasta,,
123739560,brigada pesada,,
123756765,ejecutado,,
123764592,brigada pesada,,
123747707,ejecutado,,
123824420,ejecutado,,
-28670324,canasta,,
123759127,brigada pesada,,
123601039,ejecutado,,
122620600,ejecutado,,
123846082,canasta,,
123832753,brigada pesada,,
123835968,brigada pesada,,
123832579,ejecutado,20/2/2025,
28670704,brigada pesada,,
123772859,brigada pesada,,
123838133,ejecutado,,
123836150,canasta,,
123825285,brigada pesada,,
123824252,ejecutado,,
123841818,ejecutado,,
-28670719,brigada pesada,,
123826731,canasta,,
123831608,ejecutado,,
123826749,canasta,,
123837916,brigada pesada,,
123844076,canasta,,
123842160,ejecutado,,
123771182,ejecutado,,
123835297,ejecutado,,
123829587,brigada pesada,,
123758586,especial,,
123825797,ejecutado,,
121968539,ejecutado,,
123845073,brigada pesada,,
123837673,brigada pesada,,
123836946,ejecutado,,
123838249,brigada pesada,,
123830248,ejecutado,,
-28670214,brigada pesada,,
-28670704,canasta,,
123919400,canasta,,
123836359,ejecutado,,
123911708,ejecutado,,
123922461,ejecutado,21/2/2025,
123913687,ejecutado,,
-28670699,ejecutado,,
123847554,ejecutado,,
123909339,ejecutado,,
123920031,canasta,,
123912295,brigada pesada,,
-28671014,canasta,,
-28671018,canasta,,
-28671021,canasta,,
123837098,ejecutado,,
123832139,ejecutado,,
123924855,brigada pesada,,
123924231,ejecutado,,
123846869,canasta,,
123745544,canasta,,
123914540,brigada pesada,,
123909265,ejecutado,,
123932006,canasta,,
123836996,canasta,,
123924629,canasta,,
-28670709,brigada pesada,,
123922205,brigada pesada,,
123946443,canasta,,
123931633,especial,,
123994046,ejecutado,,
123994301,ejecutado,,
123994270,ejecutado,,
123994077,ejecutado,,
123994217,ejecutado,,
123994104,ejecutado,,
123994137,ejecutado,,
123994286,ejecutado,,
123994916,brigada pesada,,
123990666,caja concentradora,,
123995861,especial,,
123950803,canasta,,
123989904,especial,,
123989160,brigada pesada,22/2/2025,
123991690,caja concentradora,,
123992970,ejecutado,,
123934723,ejecutado,,
123943213,ejecutado,,
123926413,ejecutado,,
123992408,ejecutado,,
123992404,especial,,
123567350,brigada pesada,,
122954801,brigada pesada,,
123964734,caja concentradora,,
124008189,ejecutado,,
124004077,brigada pesada,,
124010164,especial,,
124000777,brigada pesada,23/2/2025,
124009998,brigada pesada,,
123834407,brigada pesada,,
123954801,canasta,,
123737355,caja concentradora,,
123825458,caja concentradora,,
124064759,canasta,,
124064750,canasta,,
124066545,brigada pesada,,
123906033,brigada pesada,,
123931468,ejecutado,,
123997813,ejecutado,24/2/2025,
124065629,brigada pesada,,
-28671011,canasta,,
124006323,canasta,,
124065489,brigada pesada,,
124066131,brigada pesada,,
123619135,brigada pesada,,
124006897,especial,,
124002109,canasta,,
124129023,canasta,,
124129299,canasta,,
124066433,ejecutado,,
123831497,brigada pesada,,
123999504,ejecutado,,
124130675,caja concentradora,,
124136090,caja concentradora,,
124140974,caja concentradora,,
124150579,caja concentradora,,
124141176,caja concentradora,,
124129300,ejecutado,,
124139240,canasta,,
124136950,ejecutado,,
124136842,ejecutado,25/2/2025,
124133736,canasta,,
124140405,canasta,,
124135589,brigada pesada,,
124129710,ejecutado,,
124144445,ejecutado,,
124153598,ejecutado,,
124127675,canasta,,
124143546,ejecutado,,
124066460,brigada pesada,,
124140031,ejecutado,,
124152184,especial,,
124127405,ejecutado,,
124152585,canasta,,
123929214,canasta,,
124180368,ejecutado,,
124181397,ejecutado,,
124180727,ejecutado,,
124181738,ejecutado,,
124181084,ejecutado,,
124180139,ejecutado,,
124178751,ejecutado,,
124190108,especial,,
124226277,especial,,
124148183,especial,,
124135579,brigada pesada,26/2/2025,
124164577,brigada pesada,,
124218734,brigada pesada,,
124167280,brigada pesada,,
124155244,brigada pesada,,
124154680,brigada pesada,,
124155749,canasta,,
124168232,especial,,
124228695,canasta,,
124230622,especial,,
124230590,brigada pesada,,
124229492,brigada pesada,,
124154331,canasta,,
124153689,ejecutado,,
124167266,canasta,,
124224713,ejecutado,,
124157728,brigada pesada,,
124154975,brigada pesada,,
124166913,ejecutado,,
124162257,ejecutado,,
124065053,ejecutado,,
124156018,caja concentradora,,
124265049,ejecutado,,
124271998,ejecutado,,
124168241,brigada pesada,,
124264550,ejecutado,27/2/2025,
124273473,ejecutado,,
124271995,brigada pesada,,
124269137,ejecutado,,
124273985,brigada pesada,,
124279288,ejecutado,,
124270296,especial,,
124243729,canasta,,
124270959,especial,,
124265146,canasta,,
124279348,brigada pesada,,
124230826,ejecutado,,
124230876,especial,,
-28671647,brigada pesada,,
-28671648,brigada pesada,,
124232520,ejecutado,,
124273748,ejecutado,,
-28671645,canasta,,
124240162,especial,,
-28671634,canasta,,
124272000,canasta,,
124231428,brigada pesada,,
124231474,brigada pesada,,
-28671636,brigada pesada,,
-28671637,brigada pesada,,
124236630,especial,,
124311539,ejecutado,,
124311392,ejecutado,,
124311592,ejecutado,,
124311374,ejecutado,,
124311288,ejecutado,,
124311330,ejecutado,,
124281001,brigada pesada,,
124067727,call center,,
124274075,canasta,,
124154980,canasta,,
124326793,canasta,,
-28671771,especial,28/2/2025,
-28671772,especial,,
124332858,ejecutado,,
124308433,brigada pesada,,
124312703,especial,,
124338233,ejecutado,,
-28671766,brigada pesada,,
-28671765,brigada pesada,,
-28671764,brigada pesada,,
-28671763,brigada pesada,,
124331748,brigada pesada,,
124325128,brigada pesada,,
124308863,brigada pesada,,
124318582,canasta,,
124231077,brigada pesada,,
124335139,ejecutado,,
124313292,brigada pesada,,
124313297,brigada pesada,,
-28671769,brigada pesada,,
124226238,canasta,,
124310626,canasta,,
124317402,ejecutado,,
-28671646,especial,,
-28670295,canasta,,
124323446,ejecutado,,
124307388,brigada pesada,,
124226952,caja concentradora,,
124325020,canasta,,
124360159,ejecutado,,
124360066,ejecutado,,
124360111,ejecutado,,
124360280,ejecutado,,
123767054,ejecutado,,
124362862,brigada pesada,,
124362005,brigada pesada,,
124343572,ejecutado,1/3/2025,
124362709,canasta,,
124356491,brigada pesada,,
124342278,ejecutado,,
124339449,brigada pesada,,
124343229,brigada pesada,,
124361192,canasta,,
-28671651,brigada pesada,,
124357921,canasta,,
123909967,ejecutado,,
124362392,caja concentradora,,
124393048,canasta,,
124352616,brigada pesada,,
124357967,brigada pesada,,
124345409,ejecutado,,
124379777,ejecutado,,
124345995,ejecutado,,
124359428,canasta,,
124378695,ejecutado,,
124360543,brigada pesada,,
124344943,brigada pesada,,
-28670554,brigada pesada,,
124411499,brigada pesada,,
124451520,brigada pesada,,
124411670,ejecutado,,
124423595,ejecutado,4/3/2025,
124440637,brigada pesada,,
124416751,ejecutado,,
124405252,especial,,
124423852,canasta,,
124437804,ejecutado,,
124423796,brigada pesada,,
124444007,canasta,,
124451647,ejecutado,,
124405251,ejecutado,,
124449775,ejecutado,,
124420809,canasta,,
124412240,ejecutado,,
124421129,ejecutado,,
124423734,canasta,,
124416714,ejecutado,,
124416182,brigada pesada,,
124421575,brigada pesada,,
124358190,brigada pesada,,
124450919,ejecutado,,
124411666,canasta,,
123920848,brigada pesada,,
124164688,brigada pesada,,
124405294,ejecutado,,
124421570,ejecutado,,
124443765,brigada pesada,,
124218990,brigada pesada,,
124523436,ejecutado,,
124361190,ejecutado,,
124525180,ejecutado,,
124519478,brigada pesada,,
124521007,brigada pesada,,
124312519,canasta,,
124528288,especial,,
124526870,brigada pesada,,
124529900,brigada pesada,,
124528348,brigada pesada,5/3/2025,
124527519,ejecutado,,
124518158,brigada pesada,,
124514764,ejecutado,,
-28672053,canasta,,
124440012,canasta,,
124516415,canasta,,
124529789,ejecutado,,
124518119,ejecutado,,
-28671635,canasta,,
124524616,canasta,,
124525609,ejecutado,,
124527502,ejecutado,,
124516684,brigada pesada,,
124443024,ejecutado,,
124514722,canasta,,
124529334,ejecutado,,
124528013,brigada pesada,,
124519115,ejecutado,,
124526986,canasta,,
124175565,brigada pesada,,
124527344,ejecutado,,
124526987,canasta,,
124444664,ejecutado,,
124520709,ejecutado,,
124619462,ejecutado,,
124619685,ejecutado,,
124619738,ejecutado,,
124619774,ejecutado,,
124619437,ejecutado,,
124619485,ejecutado,,
124620038,ejecutado,,
124620158,ejecutado,,
124620179,ejecutado,,
124619530,ejecutado,,
124619617,ejecutado,,
124619649,ejecutado,,
124619613,ejecutado,,
124620057,ejecutado,,
124620094,ejecutado,,
124620214,ejecutado,,
124619870,ejecutado,,
124619894,ejecutado,,
124619912,ejecutado,,
124619968,ejecutado,,
-28670720,canasta,,
124619810,ejecutado,,
124530096,canasta,,
124630594,ejecutado,,
124621090,ejecutado,,
124625579,ejecutado,6/3/2025,
124627642,ejecutado,,
124630904,ejecutado,,
124615390,ejecutado,,
124637353,ejecutado,,
124638125,especial,,
124624788,brigada pesada,,
124629350,brigada pesada,,
124622169,ejecutado,,
124632858,brigada pesada,,
124604454,canasta,,
124637352,ejecutado,,
124628408,ejecutado,,
124616665,ejecutado,,
124636245,brigada pesada,,
124636699,ejecutado,,
124624780,ejecutado,,
124626380,ejecutado,,
124623975,ejecutado,,
124636267,ejecutado,,
124604466,brigada pesada,,
124606409,brigada pesada,,
124632012,brigada pesada,,
124640643,brigada pesada,,
124616705,canasta,,
124544073,brigada pesada,,
124588287,ejecutado,,
124636486,ejecutado,,
124638500,brigada pesada,,
124629865,brigada pesada,,
124611534,ejecutado,,
124618609,brigada pesada,,
124634387,brigada pesada,,
124612381,ejecutado,,
124632930,brigada pesada,,
124635588,ejecutado,,
124614302,ejecutado,,
124635590,ejecutado,,
124629602,brigada pesada,,
124617083,brigada pesada,,
124617332,ejecutado,,
124636101,brigada pesada,,
124632636,brigada pesada,,
124406089,brigada pesada,,
124515972,canasta,,
124616000,canasta,,
124606366,canasta,,
124709593,brigada pesada,,
124353977,brigada pesada,,
124710261,brigada pesada,,
124736163,brigada pesada,7/3/2025,
124727419,canasta,,
124731097,brigada pesada,,
124736441,brigada pesada,,
124727706,canasta,,
124733356,brigada pesada,,
124355238,brigada pesada,,
124709912,brigada pesada,,
124735112,canasta,,
124735887,brigada pesada,,
124816609,canasta,,
124812854,brigada pesada,,
124824322,brigada pesada,,
124824389,brigada pesada,8/3/2025,
124824498,brigada pesada,,
124812553,brigada pesada,,
124844647,ejecutado,,
124822035,ejecutado,,
124815078,ejecutado,,
124817864,brigada pesada,,
124844384,ejecutado,,
124816921,canasta,,
124819525,brigada pesada,,
124835712,brigada pesada,,
124819207,especial,,
124840443,ejecutado,,
124720716,canasta,,
124813475,brigada pesada,,
124824742,ejecutado,,
124739775,canasta,,
124822934,ejecutado,,
124835704,canasta,,
124831795,ejecutado,,
124809076,especial,,
124813908,ejecutado,,
124733298,brigada pesada,,
124822960,ejecutado,,
124842782,brigada pesada,,
124843915,ejecutado,,
124815434,canasta,,
124823316,canasta,,
124833422,especial,,
124819900,canasta,,
124810498,brigada pesada,,
124825997,canasta,,
124819976,canasta,,
-28672594,especial,,
124927660,brigada pesada,10/3/2025,
124864394,ejecutado,,
124857828,ejecutado,,
124924955,ejecutado,,
124859559,brigada pesada,,
124927608,ejecutado,,
124863802,ejecutado,,
124859679,ejecutado,,
124927984,ejecutado,,
124857984,ejecutado,,
124863611,brigada pesada,,
124844704,ejecutado,,
124924716,ejecutado,,
124863683,ejecutado,,
124925851,brigada pesada,,
124862542,ejecutado,,
124927073,brigada pesada,,
124854815,ejecutado,,
124861884,ejecutado,,
-28672599,canasta,,
-28672603,canasta,,
124858742,ejecutado,,
124924772,ejecutado,,
124863353,ejecutado,,
122291482,canasta,,
-28672590,canasta,,
-28672470,brigada pesada,,
124846599,ejecutado,,
124846359,ejecutado,,
125003074,ejecutado,,
125002858,ejecutado,,
125003218,ejecutado,,
125003418,ejecutado,,
125002723,ejecutado,,
125003374,ejecutado,,
125002915,ejecutado,,
125003320,ejecutado,,
125003896,ejecutado,,
125020275,brigada pesada,,
125020831,ejecutado,,
125016498,canasta,,
125019825,canasta,11/3/2025,
124863766,canasta,,
124929001,ejecutado,,
125019644,brigada pesada,,
124930679,brigada pesada,,
125008766,brigada pesada,,
125010807,ejecutado,,
124928805,ejecutado,,
124996409,ejecutado,,
124929077,ejecutado,,
125004837,ejecutado,,
125002893,ejecutado,,
125095210,ejecutado,,
125095211,ejecutado,,
125000327,brigada pesada,,
125019732,ejecutado,,
-28672927,brigada pesada,,
125010106,brigada pesada,,
125004133,brigada pesada,,
125004144,brigada pesada,,
125006984,ejecutado,,
124830125,ejecutado,,
125005183,ejecutado,,
125101871,ejecutado,,
125101745,ejecutado,,
124925099,ejecutado,,
125097109,especial,,
125091933,especial,,
125089389,ejecutado,,
125096647,ejecutado,12/3/2025,
-28672998,canasta,,
-28672997,canasta,,
125088987,canasta,,
125089293,canasta,,
125093927,brigada pesada,,
125095645,canasta,,
125023490,ejecutado,,
125097414,canasta,,
124851163,brigada pesada,,
125099326,ejecutado,,
125023318,ejecutado,,
124930072,canasta,,
124715688,Essmar,,
124715893,Essmar,,
125023449,brigada pesada,,
124925697,ejecutado,,
124729998,canasta,,
125018846,canasta,,
125095547,brigada pesada,,
125097886,canasta,,
-28672992,caja concentradora,,
-28672994,caja concentradora,,
-28672995,caja concentradora,,
125099430,ejecutado,,
124810976,especial,,
125107804,canasta,,
125190368,ejecutado,,
125103711,brigada pesada,,
125190439,brigada pesada,13/3/2025,
125103246,brigada pesada,,
125174735,canasta,,
125191247,ejecutado,,
125174537,ejecutado,,
125104305,ejecutado,,
125105998,ejecutado,,
125177558,ejecutado,,
125176248,especial,,
125180956,brigada pesada,,
125174092,ejecutado,,
125104165,brigada pesada,,
125188244,ejecutado,,
125190131,brigada pesada,,
125173261,canasta,,
125105553,ejecutado,,
125104150,ejecutado,,
125188432,ejecutado,,
125191300,canasta,,
125108476,ejecutado,,
125208362,canasta,,
125104622,ejecutado,,
125185236,ejecutado,,
125108155,ejecutado,,
125202899,ejecutado,,
125103065,ejecutado,,
125283477,ejecutado,,
125102452,brigada pesada,,
125105324,ejecutado,,
125283956,ejecutado,,
125283512,ejecutado,,
125283542,ejecutado,,
125283401,ejecutado,,
125283997,ejecutado,,
125283636,ejecutado,,
125283574,ejecutado,,
125283728,ejecutado,,
125283815,ejecutado,,
125283927,ejecutado,,
125283685,ejecutado,,
125283765,ejecutado,,
125283604,ejecutado,,
125283882,ejecutado,,
125188759,canasta,,
125207465,canasta,,
125280831,brigada pesada,,
125286216,ejecutado,14/3/2025,
125209310,ejecutado,,
125291925,ejecutado,,
125207468,brigada pesada,,
125292217,brigada pesada,,
125284447,brigada pesada,,
125291655,brigada pesada,,
125280628,ejecutado,,
125275806,brigada pesada,,
125279756,brigada pesada,,
125291145,brigada pesada,,
125281484,brigada pesada,,
125292103,ejecutado,,
-28673374,canasta,,
125284630,brigada pesada,,
125282442,canasta,,
125291050,brigada pesada,,
125281838,ejecutado,,
125277688,ejecutado,,
124826084,ejecutado,,
125277526,canasta,,
125207338,brigada pesada,,
-28673370,caja concentradora,,
125281452,ejecutado,,
125290280,canasta,,
125282806,canasta,,
125327086,brigada pesada,,
125331771,ejecutado,,
125326363,brigada pesada,15/3/2025,
125312587,ejecutado,,
125324970,brigada pesada,,
125310350,ejecutado,,
125311519,ejecutado,,
125326519,brigada pesada,,
125307773,ejecutado,,
125319391,ejecutado,,
125331229,ejecutado,,
125320027,ejecutado,,
125320362,ejecutado,,
125318804,canasta,,
125324128,ejecutado,,
125330820,especial,,
125317399,especial,,
125350474,brigada pesada,,
125314807,ejecutado,,
125318166,brigada pesada,,
125327488,canasta,,
125328949,ejecutado,,
125317647,ejecutado,,
125307936,brigada pesada,,
125315369,brigada pesada,,
125357887,canasta,,
125352338,canasta,,
125352916,brigada pesada,,
125359811,canasta,17/3/2025,
125351079,brigada pesada,,
125474659,ejecutado,,
125364189,ejecutado,,
125452688,brigada pesada,,
-28673376,brigada pesada,,
125312991,especial,,
125352363,brigada pesada,,
125446416,ejecutado,,
125450611,ejecutado,,
125450249,brigada pesada,,
125452402,canasta,,
125474227,especial,,
125357372,brigada pesada,,
125550765,ejecutado,,
125474817,brigada pesada,,
125550451,brigada pesada,,
125450666,ejecutado,,
125545264,brigada pesada,,
125527977,especial,,
125475888,brigada pesada,,
125275175,ejecutado,,
125446536,canasta,,
125548220,brigada pesada,,
125556241,canasta,,
125564597,ejecutado,,
125564699,ejecutado,,
125564750,ejecutado,,
125564789,ejecutado,,
125564836,ejecutado,,
125564888,ejecutado,,
125564936,ejecutado,,
125564978,ejecutado,,
125565024,ejecutado,,
125565219,ejecutado,,
125566201,ejecutado,,
125566572,ejecutado,,
125566628,ejecutado,,
125566667,ejecutado,,
125566759,ejecutado,,
125567672,ejecutado,,
125567738,ejecutado,,
125567781,ejecutado,,
125567888,ejecutado,,
125567954,ejecutado,,
125568038,ejecutado,,
125568087,ejecutado,,
125568142,ejecutado,,
125568272,ejecutado,,
125545745,ejecutado,,
125557316,ejecutado,,
125555424,brigada pesada,,
125639934,canasta,18/3/2025,
125566722,canasta,,
125554918,brigada pesada,,
125557097,ejecutado,,
-28673372,canasta,,
125640021,ejecutado,,
125569892,ejecutado,,
125558789,ejecutado,,
125571534,ejecutado,,
125569738,brigada pesada,,
125573559,ejecutado,,
125476303,brigada pesada,,
125642026,brigada pesada,,
125559246,caja concentradora,,
125558768,ejecutado,,
125558337,caja concentradora,,
125571594,ejecutado,,
125325643,ejecutado,,
-28673704,brigada pesada,,
125272228,brigada pesada,,
125324347,brigada pesada,,
122607086,brigada pesada,,
125569739,ejecutado,,
125650470,canasta,,
125645369,ejecutado,,
125641164,ejecutado,,
125647424,ejecutado,,
125664085,ejecutado,,
125657585,brigada pesada,,
125659094,brigada pesada,,
125660402,ejecutado,19/3/2025,
125667846,ejecutado,,
125657905,ejecutado,,
125667896,ejecutado,,
125651067,ejecutado,,
125652424,ejecutado,,
125668017,brigada pesada,,
125658766,ejecutado,,
125657040,especial,,
125665211,ejecutado,,
125667862,brigada pesada,,
125555079,canasta,,
125651828,brigada pesada,,
125667237,brigada pesada,,
125685533,especial,,
125661983,ejecutado,,
125663561,ejecutado,,
125667761,brigada pesada,,
125101800,ejecutado,,
125547645,brigada pesada,,
125648397,canasta,,
125645584,canasta,,
125648426,ejecutado,,
125762006,canasta,,
125684656,especial,,
125765660,ejecutado,,
125659902,brigada pesada,,
125684921,ejecutado,,
125769892,brigada pesada,,
125788915,brigada pesada,,
-28673812,canasta,,
125772261,ejecutado,20/3/2025,
125789313,ejecutado,,
125774334,brigada pesada,,
125785024,ejecutado,,
125778252,canasta,,
125787923,canasta,,
125784695,especial,,
125785678,ejecutado,,
125784021,ejecutado,,
125787731,ejecutado,,
125767837,ejecutado,,
125770717,brigada pesada,,
-28673804,brigada pesada,,
125787300,ejecutado,,
-28673785,brigada pesada,,
125777817,brigada pesada,,
125770457,brigada pesada,,
125777525,ejecutado,,
125365507,ejecutado,,
125767043,especial,,
125787046,brigada pesada,,
125172350,ejecutado,,
125789192,brigada pesada,,
-28673784,brigada pesada,,
-28673783,brigada pesada,,
-28673803,brigada pesada,,
125789237,ejecutado,,
125884498,ejecutado,,
125887191,canasta,,
125887074,especial,,
125788002,caja concentradora,,
124848509,call center,,
125892195,ejecutado,,
125891279,ejecutado,,
125892637,ejecutado,,
125892423,ejecutado,,
125890855,ejecutado,,
125891969,ejecutado,,
125892573,ejecutado,,
125892482,ejecutado,,
125891611,ejecutado,,
125873476,brigada pesada,,
125806536,canasta,,
125773079,brigada pesada,,
125888889,brigada pesada,,
125875141,ejecutado,,
125888767,canasta,,
125886869,ejecutado,,
-28673901,brigada pesada,21/3/2025,
125893770,brigada pesada,,
125902175,especial,,
125889493,canasta,,
125892443,brigada pesada,,
125889571,brigada pesada,,
125876158,ejecutado,,
125888125,ejecutado,,
125895799,ejecutado,,
125807959,ejecutado,,
-28673781,brigada pesada,,
125895755,ejecutado,,
125900419,brigada pesada,,
125896004,ejecutado,,
125885112,brigada pesada,,
125896001,brigada pesada,,
125885116,brigada pesada,,
125806585,ejecutado,,
125886456,ejecutado,,
125361022,ejecutado,,
125878873,ejecutado,,
125969278,ejecutado,,
125982556,canasta,,
125976644,canasta,,
125969427,ejecutado,22/3/2025,
125993346,canasta,,
125969220,ejecutado,,
125996398,canasta,,
125975121,ejecutado,,
125990829,brigada pesada,,
126015410,ejecutado,,
125992167,brigada pesada,,
125997630,canasta,,
125981735,brigada pesada,,
125991512,ejecutado,,
125990657,brigada pesada,,
125998742,brigada pesada,,
125808278,ejecutado,,
125973486,ejecutado,,
125985628,canasta,,
125990588,caja concentradora,,
125983371,brigada pesada,,
125976635,canasta,,
125655333,canasta,,
125991918,brigada pesada,,
126034465,brigada pesada,24/3/2025,
126028774,brigada pesada,,
126029220,brigada pesada,,
126035802,ejecutado,,
126037786,ejecutado,,
126015649,ejecutado,,
126017101,brigada pesada,,
125980063,canasta,,
126026113,ejecutado,,
126026166,ejecutado,,
126020706,ejecutado,,
126035648,canasta,,
126039536,ejecutado,,
125658543,canasta,,
126039838,canasta,,
125557458,canasta,,
126035845,canasta,,
126039364,canasta,,
126025255,caja concentradora,,
126039569,ejecutado,,
125993828,no programar,,
125993829,no programar,,
125993830,no programar,25/3/2025,
125993831,no programar,,
125993832,no programar,,
125993809,canasta,,
125993812,canasta,,
126037314,ejecutado,,
126025247,brigada pesada,,
126179190,especial,,
126119425,especial,,
125559815,ejecutado,,
126121364,ejecutado,,
125274058,canasta,,
125993742,canasta,,
126118152,canasta,,
126058512,especial,,
126116554,brigada pesada,,
126183637,ejecutado,,
126058801,ejecutado,,
126119849,canasta,,
126119336,ejecutado,,
126058625,ejecutado,,
126183750,brigada pesada,,
126120601,ejecutado,,
126058547,ejecutado,,
126058842,brigada pesada,,
126119373,brigada pesada,,
126042721,canasta,,
126118388,canasta,,
126120211,ejecutado,,
126120482,ejecutado,,
126120041,ejecutado,,
126119798,ejecutado,,
12610614,ejecutado,,
126118331,ejecutado,,
126058499,ejecutado,,
126058270,especial,,
126116715,brigada pesada,,
126039948,ejecutado,,
126120838,ejecutado,,
126119187,brigada pesada,,
126120636,brigada pesada,,
126116660,especial,,
126179539,brigada pesada,,
126039967,ejecutado,,
126183769,brigada pesada,,
126182937,brigada pesada,,
126117884,ejecutado,,
125876864,brigada pesada,,
125972354,brigada pesada,,
126186439,ejecutado,,
126189796,brigada pesada,,
126197375,canasta,,
126209364,ejecutado,,
126189146,ejecutado,26/3/2025,
126204387,especial,,
126203469,brigada pesada,,
126209136,ejecutado,,
126205420,canasta,,
126205595,brigada pesada,,
126210325,canasta,,
126209682,ejecutado,,
126271934,ejecutado,,
126272162,ejecutado,,
126272023,ejecutado,,
126272094,ejecutado,,
126271510,ejecutado,,
126271597,ejecutado,,
126272611,ejecutado,,
126272509,ejecutado,,
126272393,ejecutado,,
126272346,ejecutado,,
126120199,caja concentradora,,
126267802,especial,,
126120683,brigada pesada,,
126200758,brigada pesada,,
126204812,ejecutado,,
126208213,especial,,
-28674162,brigada pesada,,
-28674160,brigada pesada,,
-28674158,brigada pesada,,
126188409,brigada pesada,,
126198173,ejecutado,,
126208748,ejecutado,,
126204701,canasta,,
126204388,brigada pesada,,
-28674157,brigada pesada,,
126189712,canasta,,
126190310,brigada pesada,,
126197723,brigada pesada,,
-28671943,canasta,,
126281633,canasta,,
126294256,brigada pesada,,
126293366,canasta,,
125998200,brigada pesada,27/3/2025,
126275893,canasta,,
126291435,ejecutado,,
126291696,ejecutado,,
126279872,brigada pesada,,
126295557,especial,,
126016567,ejecutado,,
126285453,brigada pesada,,
126268632,ejecutado,,
126289762,ejecutado,,
126268406,brigada pesada,,
126269064,brigada pesada,,
126277432,ejecutado,,
125892619,canasta,,
-28672623,canasta,,
-28672624,canasta,,
126271468,canasta,,
126293088,ejecutado,,
126279032,ejecutado,,
126276175,brigada pesada,,
126279523,brigada pesada,,
126271699,brigada pesada,,
126279315,especial,,
126291579,brigada pesada,,
126295728,ejecutado,,
126289225,ejecutado,,
126291581,brigada pesada,,
126291431,caja concentradora,,
126273146,caja concentradora,,
126269765,caja concentradora,,
126282835,ejecutado,,
126291649,brigada pesada,,
126291575,brigada pesada,,
126282342,caja concentradora,,
126271679,ejecutado,,
126270299,canasta,,
126294438,brigada pesada,,
126293093,ejecutado,,
123991889,canasta,,
126325305,canasta,,
126316483,ejecutado,,
126333048,brigada pesada,,
126331668,ejecutado,,
126324375,brigada pesada,28/3/2025,
126338506,brigada pesada,,
126316982,ejecutado,,
126332113,ejecutado,,
126316911,canasta,,
126339734,brigada pesada,,
126271189,brigada pesada,,
126338530,brigada pesada,,
126322648,brigada pesada,,
126297132,ejecutado,,
126320039,caja concentradora,,
126314937,canasta,,
126328465,canasta,,
126319664,brigada pesada,,
126315550,ejecutado,,
126334282,brigada pesada,,
126315473,brigada pesada,,
126324735,brigada pesada,,
126315873,ejecutado,,
126323132,brigada pesada,,
126339414,brigada pesada,,
126330313,brigada pesada,,
126315688,brigada pesada,,
126320867,brigada pesada,,
126317714,caja concentradora,,
126293091,ejecutado,,
126335548,ejecutado,,
126329745,ejecutado,,
126335356,canasta,,
126569680,canasta,,
126387504,canasta,,
126738176,Brandon,,
126650921,Juan Silva,,
126568588,Juan Silva,,
126638711,Juan Silva,,
126741138,Gelver,,
126742062,Gelver,,
126752383,no programar,,
126752407,no programar,,
126752431,no programar,,
126752460,no programar,,
126752481,no programar,,
126752518,no programar,,
126578266,ejecutado,,
126631687,especial,,
126738497,ejecutado,,
126370092,brigada pesada,5/4/2025,
126655672,canasta,,
126648536,brigada pesada,,
126655597,ejecutado,,
126753612,ejecutado,,
-28674702,canasta,,
-28674379,canasta,,
-28674700,canasta,,
126631079,ejecutado,,
126734833,brigada pesada,,
126754305,ejecutado,,
126655509,ejecutado,,
-28674703,brigada pesada,,
126755806,brigada pesada,,
126569816,ejecutado,,
126417208,ejecutado,,
126636033,ejecutado,,
126744342,ejecutado,,
126581918,ejecutado,,
126739426,ejecutado,,
126754887,ejecutado,,
126745317,ejecutado,,
126838889,ejecutado,,
126635264,ejecutado,,
126754812,brigada pesada,,
126553390,brigada pesada,,
126745497,ejecutado,,
126571538,canasta,,
126755755,ejecutado,,
-28674724,brigada pesada,,
126746583,brigada pesada,,
126632916,brigada pesada,,
126488626,ejecutado,,
126757312,ejecutado,,
126754435,brigada pesada,,
126752462,brigada pesada,,
126748645,brigada pesada,,
126747650,ejecutado,,
126654285,ejecutado,,
126742319,ejecutado,,
126568704,ejecutado,,
126754641,ejecutado,,
126735886,canasta,,
126631501,ejecutado,,
126637946,ejecutado,,
-28674721,brigada pesada,,
126829116,canasta,,
126654917,ejecutado,,
126754953,brigada pesada,,
126632363,ejecutado,,
126845078,canasta,,
126822599,brigada pesada,,
126853168,ejecutado,,
126845976,canasta,,
126847599,ejecutado,6/4/2025,
126835394,brigada pesada,,
126822331,ejecutado,,
126824392,brigada pesada,,
126815993,ejecutado,,
126821048,ejecutado,,
28674685,canasta,,
126848889,canasta,,
126840584,brigada pesada,,
126843047,brigada pesada,,
126847574,brigada pesada,,
126839566,brigada pesada,,
126816732,ejecutado,,
126849448,ejecutado,,
126818811,ejecutado,,
126824589,ejecutado,,
126854651,canasta,,
126819404,brigada pesada,,
126847240,brigada pesada,,
126850964,brigada pesada,,
126468082,canasta,,
126647672,brigada pesada,,
126854693,canasta,,
126843076,canasta,,
126847912,ejecutado,,
126827216,brigada pesada,,
126837469,ejecutado,,
126836446,canasta,,
126535300,canasta,,
126840369,ejecutado,,
126853317,canasta,,
126843439,brigada pesada,,
126843585,brigada pesada,,
126826267,ejecutado,,
126834160,brigada pesada,,
126855420,brigada pesada,,
126847060,ejecutado,,
126839683,ejecutado,,
126827550,brigada pesada,,
126521051,brigada pesada,,
126844172,ejecutado,,
126923103,call center,,
126918986,canasta,,
126922436,canasta,,
126923240,canasta,7/4/2025,
126923796,brigada pesada,,
-28674147,brigada pesada,,
126732493,brigada pesada,,
126918957,brigada pesada,,
126923244,brigada pesada,,
-28674722,brigada pesada,,
126922407,ejecutado,,
126923656,canasta,,
126923360,ejecutado,,
126918525,ejecutado,,
126922931,ejecutado,,
-28674699,brigada pesada,,
126918640,ejecutado,,
126922246,brigada pesada,,
126923758,canasta,,
126918493,brigada pesada,,
126921831,ejecutado,,
126923256,brigada pesada,,
126489195,brigada pesada,,
126922751,primaria,,
126518880,brigada pesada,,
127007955,ejecutado,,
127008175,ejecutado,,
127008310,ejecutado,,
127008424,ejecutado,,
126923569,ejecutado,,
-28674697,brigada pesada,,
126993857,ejecutado,,
127002949,brigada pesada,,
127014902,canasta,,
126992478,ejecutado,8/4/2025,
126998467,canasta,,
126995187,ejecutado,,
126997686,ejecutado,,
126924182,ejecutado,,
127014171,call center,,
127006353,canasta,,
127001654,brigada pesada,,
126997901,brigada pesada,,
127014180,ejecutado,,
127009301,brigada pesada,,
127013026,especial,,
126994495,ejecutado,,
127008346,brigada pesada,,
127005930,ejecutado,,
127011049,brigada pesada,,
127009489,brigada pesada,,
127012869,canasta,,
126923209,canasta,,
125767244,programar,,
127012161,programar,,
127012059,programar,,
127012846,programar,,
127012065,programar,,
126518975,programar,,
127012062,programar,,
127012063,programar,,
127012064,programar,,
127012626,programar,,
-28563926,no programar,,
-28616044,no programar,,
-28637618,no programar,,
-28609567,no programar,,
-28647270,no programar,,
-28651224,no programar,,
-28586609,no programar,,
-28628443,no programar,,
-28581215,no programar,,
-28563925,no programar,,
-28660220,no programar,,
-28660221,no programar,,
-28660222,no programar,,
-28660223,no programar,,
-28544980,no programar,,
-28665737,no programar,,
126997375,brigada pesada,,
127010509,brigada pesada,,
126998971,canasta,,
126924345,brigada pesada,,
127085303,ejecutado,,
127085587,ejecutado,,
127085544,ejecutado,,
127085661,ejecutado,,
126027049,brigada pesada,,
126647242,brigada pesada,,
127008993,ejecutado,,
127010283,brigada pesada,,
125980912,canasta,,
127094153,ejecutado,,
127072433,ejecutado,,
127075363,ejecutado,9/4/2025,
127093759,ejecutado,,
127093756,brigada pesada,,
127089405,ejecutado,,
127096358,canasta,,
127071542,brigada pesada,,
127093333,ejecutado,,
127094457,canasta,,
127093870,ejecutado,,
127091236,brigada pesada,,
127086155,ejecutado,,
127096231,brigada pesada,,
127073838,ejecutado,,
127074358,ejecutado,,
127162520,ejecutado,,
127161851,ejecutado,,
127162017,ejecutado,,
127071156,ejecutado,,
127076607,ejecutado,,
127172339,ejecutado,,
127174198,brigada pesada,,
127175158,ejecutado,,
127161666,ejecutado,10/4/2025,
127154832,brigada pesada,,
127070404,brigada pesada,,
127168265,ejecutado,,
127161258,ejecutado,,
127174528,brigada pesada,,
127168807,ejecutado,,
127174175,brigada pesada,,
127174259,brigada pesada,,
127166930,canasta,,
127163856,brigada pesada,,
127096842,ejecutado,,
127161496,brigada pesada,,
127174416,brigada pesada,,
127173868,ejecutado,,
127159954,ejecutado,,
127174214,brigada pesada,,
127154193,canasta,,
127175084,ejecutado,,
127141233,brigada pesada,,
127171553,ejecutado,,
127154518,ejecutado,,
127159484,canasta,,
127166416,ejecutado,,
127169800,ejecutado,,
127096529,brigada pesada,,
127165745,canasta,,
127174414,canasta,,
-28674698,brigada pesada,,
127072447,brigada pesada,,
127172187,ejecutado,,
127165476,brigada pesada,,
127165936,ejecutado,,
127174262,ejecutado,,
127172768,ejecutado,,
127094610,ejecutado,,
126839881,ejecutado,,
127165938,ejecutado,,
127163136,ejecutado,,
127172447,brigada pesada,,
127173513,brigada pesada,,
127169497,ejecutado,,
127257537,ejecutado,,
127256193,ejecutado,,
127256692,ejecutado,,
127242602,ejecutado,11/4/2025,
127256967,ejecutado,,
127255265,brigada pesada,,
127257123,ejecutado,,
127254192,brigada pesada,,
127256815,brigada pesada,,
127220593,canasta,,
127246077,canasta,,
127246425,canasta,,
127246919,canasta,,
127167957,ejecutado,,
127249776,brigada pesada,,
127250590,brigada pesada,,
127176196,ejecutado,,
126327334,ejecutado,,
127256982,brigada pesada,,
127252110,ejecutado,,
127247087,ejecutado,,
127248683,ejecutado,,
127246674,ejecutado,,
127172201,ejecutado,,
127249922,ejecutado,,
127246658,ejecutado,,
127253958,ejecutado,,
127257341,brigada pesada,,
127175388,brigada pesada,,
127246678,ejecutado,,
127159799,ejecutado,,
127092201,brigada pesada,,
127256214,ejecutado,,
127243953,brigada pesada,,
127338150,brigada pesada,,
127324669,ejecutado,,
127339744,ejecutado,,
127341337,canasta,,
127338848,ejecutado,12/4/2025,
127005443,canasta,,
127326740,canasta,,
127335194,brigada pesada,,
126026309,canasta,,
127339066,canasta,,
127338835,ejecutado,,
126635514,brigada pesada,,
127165616,brigada pesada,,
127341396,ejecutado,,
127374469,ejecutado,,
127334351,ejecutado,,
127339897,ejecutado,,
127341051,ejecutado,,
127340907,ejecutado,,
127335505,ejecutado,,
127341394,brigada pesada,,
127332290,canasta,,
127338849,brigada pesada,,
127329058,brigada pesada,,
127341475,ejecutado,,
127331407,ejecutado,,
127257815,brigada pesada,,
126833829,brigada pesada,,
126515253,brigada pesada,,
127341174,canasta,,
127336590,canasta,,
127341178,ejecutado,,
12729338,ejecutado,,
127339923,brigada pesada,,
127344432,canasta,,
127095943,brigada pesada,,
127095464,brigada pesada,,
127162462,brigada pesada,,
127166559,brigada pesada,,
127336607,brigada pesada,,
127015705,brigada pesada,,
126534949,brigada pesada,,
126512161,brigada pesada,,
125685490,brigada pesada,,
127323469,brigada pesada,,
124728040,brigada pesada,,
125899525,brigada pesada,,
127356785,especial,,
127354632,canasta,,
127347530,canasta,,
127347529,canasta,,
127343211,canasta,,
127345672,canasta,,
127351160,canasta,,
127227063,brigada pesada,,
126851150,canasta,,
127163753,brigada pesada,,
127420807,canasta,14/4/2025,
127420478,ejecutado,,
127343033,ejecutado,,
127341091,brigada pesada,,
127353794,ejecutado,,
127418849,brigada pesada,,
127420380,canasta,,
127344131,brigada pesada,,
127418448,brigada pesada,,
127352368,canasta,,
127164784,brigada pesada,,
127485740,ejecutado,,
127485809,ejecutado,,
127485578,ejecutado,,
127485676,ejecutado,,
127334465,brigada pesada,,
127487381,ejecutado,,
127487449,ejecutado,,
127487482,ejecutado,,
127487306,ejecutado,,
127487286,ejecutado,,
127487556,ejecutado,,
127349988,brigada pesada,,
125980993,canasta,,
126587409,brigada pesada,,
127356908,ejecutado,,
127347507,ejecutado,,
127347526,ejecutado,,
127347521,ejecutado,,
127347515,ejecutado,,
125980766,ejecutado,,
127351589,brigada pesada,,
127162884,brigada pesada,,
127139307,brigada pesada,,
126541081,caja concentradora,,
127497182,brigada pesada,,
127522179,canasta,,
126375287,canasta,,
126364965,caja concentradora,,
127547462,canasta,15/4/2025,
127514601,canasta,,
127341384,ejecutado,,
127520353,brigada pesada,,
127517752,brigada pesada,,
127518848,brigada pesada,,
127520603,brigada pesada,,
127492773,brigada pesada,,
127518948,brigada pesada,,
127492994,ejecutado,,
127519019,canasta,,
127520932,ejecutado,,
127520943,ejecutado,,
127493844,brigada pesada,,
127343893,brigada pesada,,
127520580,ejecutado,,
127486707,brigada pesada,,
127520431,canasta,,
127519039,ejecutado,,
127469099,canasta,,
127520962,ejecutado,,
127517462,brigada pesada,,
127519521,canasta,,
127520934,brigada pesada,,
127487419,ejecutado,,
127520870,brigada pesada,,
127520928,ejecutado,,
127495201,brigada pesada,,
127495013,brigada pesada,,
127326275,canasta,,
127493765,brigada pesada,,
127519143,canasta,,
127519006,ejecutado,,
127492711,brigada pesada,,
127519957,ejecutado,,
127522358,canasta,,
127458688,ejecutado,,
127522916,brigada pesada,,
127520266,canasta,,
127519747,ejecutado,,
127494431,brigada pesada,,
127519101,ejecutado,,
127559998,ejecutado,,
127494080,brigada pesada,,
127519535,canasta,,
127520500,ejecutado,,
127520911,canasta,,
127519077,ejecutado,,
127518899,ejecutado,,
127520737,brigada pesada,,
127526776,brigada pesada,,
127518972,brigada pesada,,
127559209,canasta,,
127491599,ejecutado,,
127490326,brigada pesada,,
127490363,ejecutado,,
-28532653,canasta,,
-28507003,canasta,,
-28526592,Sin acceso,,
-28526643,cliente no permite intervencion,,
-28526646,cliente no permite intervencion,,
-28532406,Desocupado,,
-28532473,canasta,,
-28532528,Sin acceso,,
-28535922,Desocupado,,
-28535927,Desocupado,,
-28532419,cliente no permite intervencion,,
-28532420,cliente no permite intervencion,,
-28532498,Sin acceso,,
-28532543,cliente no permite intervencion,,
-28532589,Sin acceso,,
-28532687,Doble generacion,,
-28532644,Sin acceso,,
-28532679,Sin acceso,,
-28535923,Sin acceso,,
-28540832,Sin acceso,,
-28543057,Sin acceso,,
-28543026,Sin acceso,,
-28542848,Sin acceso,,
-28542789,Sin acceso,,
-28538008,Sin acceso,,
-28537977,Sin acceso,,
-28532410,Sin acceso,,
-28532445,Sin acceso,,
-28532540,Sin acceso,,
-28532638,Sin acceso,,
-28532692,canasta,,
-28537926,Sin acceso,,
-28543027,Sin acceso,,
-28543028,Sin acceso,,
-28543030,Sin acceso,,
-28543039,Sin acceso,,
-28530131,Sin acceso,,
-28530132,Sin acceso,,
-28530192,Sin acceso,,
-28530239,Sin acceso,,
-28530240,Sin acceso,,
-28530241,Sin acceso,,
-28530242,Sin acceso,,
-28530243,Sin acceso,,
-28530244,Sin acceso,,
-28530245,Sin acceso,,
-28530246,Sin acceso,,
-28532675,Sin acceso,,
-28532718,Sin acceso,,
-28532789,Sin acceso,,
-28532794,Sin acceso,,
-28532795,Sin acceso,,
-28532796,Sin acceso,,
-28532913,Sin acceso,,
-28535067,Sin acceso,,
-28535902,Sin acceso,,
-28540854,Sin acceso,,
-28540857,Sin acceso,,
-28541334,Sin acceso,,
-28543067,Sin acceso,,
-28543068,Sin acceso,,
-28546017,Sin acceso,,
-28546139,Sin acceso,,
-28522664,Sin acceso,,
-28530322,cliente no permite intervencion,,
-28532422,Dificil acceso,,
-28532465,Dificil acceso,,
-28532533,Dificil acceso,,
-28546011,Desocupado,,
-28546048,Desocupado,,
-28548242,Dificil acceso,,
-28551314,canasta,,
-28546100,canasta,,
-28551305,cliente no permite intervencion,,
-28551323,canasta,,
-28551366,canasta,,
-28551406,canasta,,
113195705,cliente no permite intervencion,,
113192494,cliente no permite intervencion,,
113192493,cliente no permite intervencion,,
113192492,cliente no permite intervencion,,
113192491,cliente no permite intervencion,,
113192490,cliente no permite intervencion,,
113192489,cliente no permite intervencion,,
113192488,cliente no permite intervencion,,
113192487,cliente no permite intervencion,,
113192486,cliente no permite intervencion,,
113192485,cliente no permite intervencion,,
113192484,cliente no permite intervencion,,
113192483,cliente no permite intervencion,,
113192482,cliente no permite intervencion,,
113192480,cliente no permite intervencion,,
113192479,cliente no permite intervencion,,
113192478,cliente no permite intervencion,,
113192477,cliente no permite intervencion,,
113192476,cliente no permite intervencion,,
113192475,cliente no permite intervencion,,
113192474,cliente no permite intervencion,,
113192473,cliente no permite intervencion,,
113192472,cliente no permite intervencion,,
113192471,cliente no permite intervencion,,
113192470,cliente no permite intervencion,,
113192469,cliente no permite intervencion,,
113192468,cliente no permite intervencion,,
113192467,cliente no permite intervencion,,
113192465,cliente no permite intervencion,,
113192462,cliente no permite intervencion,,
113192461,cliente no permite intervencion,,
113192460,cliente no permite intervencion,,
113192459,cliente no permite intervencion,,
113192458,cliente no permite intervencion,,
113192457,cliente no permite intervencion,,
113192456,cliente no permite intervencion,,
113192455,cliente no permite intervencion,,
113192454,cliente no permite intervencion,,
113192453,cliente no permite intervencion,,
113192452,cliente no permite intervencion,,
113192451,cliente no permite intervencion,,
113192450,cliente no permite intervencion,,
113192449,cliente no permite intervencion,,
113192448,cliente no permite intervencion,,
113192447,cliente no permite intervencion,,
113192446,cliente no permite intervencion,,
113192445,cliente no permite intervencion,,
113192444,cliente no permite intervencion,,
113192443,cliente no permite intervencion,,
113192442,cliente no permite intervencion,,
113192441,cliente no permite intervencion,,
113192440,cliente no permite intervencion,,
113192439,cliente no permite intervencion,,
113192438,cliente no permite intervencion,,
113192437,cliente no permite intervencion,,
113192436,cliente no permite intervencion,,
113192435,cliente no permite intervencion,,
113192434,cliente no permite intervencion,,
113192433,cliente no permite intervencion,,
113192432,cliente no permite intervencion,,
113192431,cliente no permite intervencion,,
113192430,cliente no permite intervencion,,
113192429,cliente no permite intervencion,,
113192428,cliente no permite intervencion,,
113192427,cliente no permite intervencion,,
113192426,cliente no permite intervencion,,
113192425,cliente no permite intervencion,,
113192424,cliente no permite intervencion,,
113192423,cliente no permite intervencion,,
113192422,cliente no permite intervencion,,
113192421,cliente no permite intervencion,,
113192420,cliente no permite intervencion,,
113192419,cliente no permite intervencion,,
113192418,cliente no permite intervencion,,
113192416,cliente no permite intervencion,,
113192415,cliente no permite intervencion,,
113192414,cliente no permite intervencion,,
113192413,cliente no permite intervencion,,
113192412,cliente no permite intervencion,,
113192411,cliente no permite intervencion,,
113192410,cliente no permite intervencion,,
108273640,cliente no permite intervencion,,
108200190,cliente no permite intervencion,,
108200141,cliente no permite intervencion,,
108200087,cliente no permite intervencion,,
108200032,cliente no permite intervencion,,
108199980,cliente no permite intervencion,,
108199936,cliente no permite intervencion,,
108199865,cliente no permite intervencion,,
106114166,cliente no permite intervencion,,
106069043,cliente no permite intervencion,,
106068952,cliente no permite intervencion,,
105621980,cliente no permite intervencion,,
105621925,cliente no permite intervencion,,
105299372,cliente no permite intervencion,,
105295055,cliente no permite intervencion,,
105294966,cliente no permite intervencion,,
105179340,cliente no permite intervencion,,
105178681,cliente no permite intervencion,,
105178565,cliente no permite intervencion,,
105178413,cliente no permite intervencion,,
104970394,cliente no permite intervencion,,
104965406,cliente no permite intervencion,,
104965170,cliente no permite intervencion,,
104965069,cliente no permite intervencion,,
104964891,cliente no permite intervencion,,
104964754,cliente no permite intervencion,,
104925811,cliente no permite intervencion,,
104925757,cliente no permite intervencion,,
104925715,cliente no permite intervencion,,
104834758,cliente no permite intervencion,,
104744432,cliente no permite intervencion,,
104744286,cliente no permite intervencion,,
104743895,cliente no permite intervencion,,
104743509,cliente no permite intervencion,,
104662027,cliente no permite intervencion,,
104420367,cliente no permite intervencion,,
103996216,cliente no permite intervencion,,
103051485,cliente no permite intervencion,,
103001363,cliente no permite intervencion,,
103000730,cliente no permite intervencion,,
102988490,cliente no permite intervencion,,
102419678,cliente no permite intervencion,,
102419597,cliente no permite intervencion,,
102239544,cliente no permite intervencion,,
102146800,cliente no permite intervencion,,
102146410,cliente no permite intervencion,,
102054456,cliente no permite intervencion,,
101932448,cliente no permite intervencion,,
101843400,cliente no permite intervencion,,
101839297,cliente no permite intervencion,,
101831930,cliente no permite intervencion,,
101831785,cliente no permite intervencion,,
101830656,cliente no permite intervencion,,
101830401,cliente no permite intervencion,,
101829740,cliente no permite intervencion,,
101829252,cliente no permite intervencion,,
101824638,cliente no permite intervencion,,
101783464,cliente no permite intervencion,,
101780398,cliente no permite intervencion,,
101780316,cliente no permite intervencion,,
101780230,cliente no permite intervencion,,
101779316,cliente no permite intervencion,,
101763671,cliente no permite intervencion,,
101763378,cliente no permite intervencion,,
101763159,cliente no permite intervencion,,
101762932,cliente no permite intervencion,,
101762707,cliente no permite intervencion,,
101757453,cliente no permite intervencion,,
101730589,cliente no permite intervencion,,
101729757,cliente no permite intervencion,,
101729620,cliente no permite intervencion,,
101728307,cliente no permite intervencion,,
101728251,cliente no permite intervencion,,
101726685,cliente no permite intervencion,,
101726434,cliente no permite intervencion,,
101726176,cliente no permite intervencion,,
101726066,cliente no permite intervencion,,
101725929,cliente no permite intervencion,,
101725792,cliente no permite intervencion,,
101725122,cliente no permite intervencion,,
101724989,cliente no permite intervencion,,
101720461,cliente no permite intervencion,,
101718924,cliente no permite intervencion,,
101718464,cliente no permite intervencion,,
101718205,cliente no permite intervencion,,
101718035,cliente no permite intervencion,,
101711634,cliente no permite intervencion,,
101711414,cliente no permite intervencion,,
101710803,cliente no permite intervencion,,
101710429,cliente no permite intervencion,,
101710174,cliente no permite intervencion,,
101670196,cliente no permite intervencion,,
101669374,cliente no permite intervencion,,
101667917,cliente no permite intervencion,,
101665941,cliente no permite intervencion,,
101587471,cliente no permite intervencion,,
101443382,cliente no permite intervencion,,
101204452,cliente no permite intervencion,,
100992709,cliente no permite intervencion,,
100992591,cliente no permite intervencion,,
100885840,cliente no permite intervencion,,
100261367,cliente no permite intervencion,,
100178379,cliente no permite intervencion,,
100178270,cliente no permite intervencion,,
100178201,cliente no permite intervencion,,
100171992,cliente no permite intervencion,,
100090915,cliente no permite intervencion,,
100088347,cliente no permite intervencion,,
100088304,cliente no permite intervencion,,
100088209,cliente no permite intervencion,,
100088166,cliente no permite intervencion,,
100088076,cliente no permite intervencion,,
100087987,cliente no permite intervencion,,
99998888,cliente no permite intervencion,,
99998795,cliente no permite intervencion,,
99998724,cliente no permite intervencion,,
99995153,cliente no permite intervencion,,
99993210,cliente no permite intervencion,,
99899493,cliente no permite intervencion,,
99899402,cliente no permite intervencion,,
98982404,cliente no permite intervencion,,
98860951,cliente no permite intervencion,,
98728185,cliente no permite intervencion,,
98727962,cliente no permite intervencion,,
98727747,cliente no permite intervencion,,
98559903,cliente no permite intervencion,,
98559691,cliente no permite intervencion,,
98514664,cliente no permite intervencion,,
98513732,cliente no permite intervencion,,
98512767,cliente no permite intervencion,,
98451261,cliente no permite intervencion,,
-28551443,Sin acceso,,
-28551448,Sin acceso,,
-28551789,cliente no permite intervencion,,
-28551762,Medidor 220V,,
-28568010,Semidirecta,,
-28568083,Desocupado,,
-28568014,Dificil acceso,,
-28568373,Dificil acceso,,
-28568239,canasta,,
-28568293,Predio enrejado,,
-28568361,canasta,,
-28568407,cliente no permite intervencion,,
-28568409,canasta,,
-28568434,cliente no permite intervencion,,
-28580927,Medidor 220V,,
-28580834,Medidor 220V,,
-28571106,Medidor 220V,,
-28568244,canasta,,
-28568352,Dificil acceso,,
-28568386,cliente no permite intervencion,,
-28580734,Medidor 220V,,
-28580735,Medidor 220V,,
-28580736,Medidor 220V,,
-28568416,Desocupado,,
-28568424,Predio enrejado,,
-28585094,Predio enrejado,,
-28585096,Predio enrejado,,
-28568299,No encontrado,,
-28580754,Medidor 220V,,
-28580761,Medidor 220V,,
-28580772,Medidor 220V,,
-28584935,canasta,,
-28584943,canasta,,
-28585001,canasta,,
-28585121,cliente no permite intervencion,,
-28585178,cliente no permite intervencion,,
-28588186,Medidor 220V,,
-28564297,cliente no permite intervencion,,
-28593758,Doble generacion,,
-28593759,Doble generacion,,
-28593760,Doble generacion,,
-28593784,cliente no permite intervencion,,
-28593788,canasta,,
-28593826,Doble generacion,,
-28593827,Doble generacion,,
-28593828,Doble generacion,,
-28593829,Doble generacion,,
-28593831,Doble generacion,,
-28593832,Doble generacion,,
-28593833,Doble generacion,,
-28593835,Doble generacion,,
-28568210,Dificil acceso,,
-28584801,canasta,,
-28589907,canasta,,
-28593777,Predio enrejado,,
-28589733,cliente no permite intervencion,,
-28593996,canasta,,
-28593997,cliente no permite intervencion,,
-28596623,cliente no permite intervencion,,
-28596629,canasta,,
-28602678,canasta,,
-28564460,Dificil acceso,,
-28602577,canasta,,
-28549449,canasta,,
-28602497,cliente no permite intervencion,,
-28602646,cliente no permite intervencion,,
-28611578,cliente no permite intervencion,,
-28611671,canasta,,
-28611597,canasta,,
-28611600,canasta,,
-28611628,canasta,,
-28611724,cliente no permite intervencion,,
-28614646,Dificil acceso,,
-28611745,No encontrado,,
-28611598,canasta,,
-28611627,canasta,,
-28611642,canasta,,
-28611692,Dificil acceso,,
-28621027,Doble generacion,,
-28621135,Dificil acceso,,
-28580768,Dificil acceso,,
-28580774,cliente no permite intervencion,,
-28591643,cliente no permite intervencion,,
-28596217,Dificil acceso,,
-28613564,Dificil acceso,,
-28621041,cliente no permite intervencion,,
-28621268,Doble generacion,,
-28621239,cliente no permite intervencion,,
-28621076,canasta,,
-28566230,canasta,,
-28565763,cliente no permite intervencion,,
-28621045,cliente no permite intervencion,,
-28631694,Doble generacion,,
-28631692,Doble generacion,,
-28621250,canasta,,
-28626950,cliente no permite intervencion,,
-28627016,canasta,,
-28616759,canasta,,
-28616760,canasta,,
-28627738,canasta,,
-28627066,canasta,,
-28613806,canasta,,
-28630695,cliente no permite intervencion,,
-28630526,canasta,,
-28630508,canasta,,
-28630509,canasta,,
-28630539,Otros,,
-28630531,Otros,,
-28630537,Otros,,
-28630528,Otros,,
-28630507,Otros,,
-28630558,Otros,,
-28630563,Otros,,
-28630559,Otros,,
-28611644,Otros,,
-28621039,Otros,,
-28621093,Otros,,
-28611703,Desocupado,,
-28635253,cliente no permite intervencion,,
-28635340,cliente no permite intervencion,,
-28635366,dificil acceso,,
-28645693,DOBLE GENERACION,,
-28645696,DOBLE GENERACION,,
-28631680,Desocupado,,
-28645695,DOBLE GENERACION,,
-28632498,Dificil acceso,,
-28632486,Dificil acceso,,
-28632492,Dificil acceso,,
-28632490,cliente no permite intervencion,,
-28645689,Doble generacion,,
-28645595,Otros,,
-28645593,Otros,,
-28645594,Otros,,
-28645674,Otros,,
-28645661,Otros,,
-28645660,Otros,,
-28645753,Otros,,
-28645752,Otros,,
-28647382,Doble generacion,,
-28645690,Dificil acceso,,
-28645691,Dificil acceso,,
-28645614,Dificil acceso,,
-28645602,cliente no permite intervencion,,
-28635271,cliente no permite intervencion,,
-28645629,cliente no permite intervencion,,
-28627645,Otros,,
-28645641,canasta,,
-28635309,cliente no permite intervencion,,
-28647370,Desocupado,,
-28602549,cliente no permite intervencion,,
-28635282,cliente no permite intervencion,,
-28635305,Dificil acceso,,
-28635259,cliente no permite intervencion,,
-28640154,Otros,,
-28653993,Doble generacion,,
-28635114,cliente no permite intervencion,,
-28645714,canasta,,
-28645748,Dificil acceso,,
-28581204,Predio enrejado,,
-28585182,cliente no permite intervencion,,
-28585129,Dificil acceso,,
-28593806,cliente no permite intervencion,,
-28599578,cliente no permite intervencion,,
-28659057,Doble generacion,,
-28659056,Doble generacion,,
-28655742,Desocupado,,
-28645639,cliente no permite intervencion,,
-28645638,cliente no permite intervencion,,
-28647374,Predio enrejado,,
-28645577,Dificil acceso,,
-28642929,canasta,,
-28642866,cliente no permite intervencion,,
-28645446,cliente no permite intervencion,,
-28645511,cliente no permite intervencion,,
-28645448,cliente no permite intervencion,,
-28645518,canasta,,
-28645447,cliente no permite intervencion,,
-28645449,cliente no permite intervencion,,
-28661729,canasta,,
-28659069,canasta,,
-28632649,cliente no permite intervencion,,
-28632524,cliente no permite intervencion,,
-28632671,cliente no permite intervencion,,
-28659109,Dificil acceso,,
-28659053,cliente no permite intervencion,,
122121068,cliente no permite intervencion,,
122121607,Semidirecta,,
122121357,Medidor 220V,,
122121354,Medidor 220V,,
122121790,canasta,,
122121331,canasta,,
122121349,canasta,,
121965326,canasta,,
121980591,canasta,,
122123070,Escritorio,,
122038495,canasta,,
122121293,canasta,,
122121016,Desocupado,,
122121027,Desocupado,,
122121018,Desocupado,,
122121022,cliente no permite intervencion,,
122121024,cliente no permite intervencion,,
122121029,Sin acceso,,
122121623,Sin acceso,,
122121026,Sin acceso,,
122121622,Sin acceso,,
122121304,Sin acceso,,
122121015,Sin acceso,,
122121031,Dificil acceso,,
122121243,Dificil acceso,,
122121021,cliente no permite intervencion,,
122121023,Dificil acceso,,
122121413,Desocupado,,
122121462,Desocupado,,
122121303,Dificil acceso,,
122121301,cliente no permite intervencion,,
122121325,canasta,,
122122627,Medidor 220V,,
122122693,canasta,,
122122637,cliente no permite intervencion,,
122122638,cliente no permite intervencion,,
122122621,especial,,
122122632,cliente no permite intervencion,,
122122631,cliente no permite intervencion,,
122122629,cliente no permite intervencion,,
122122711,canasta,,
122121452,Desocupado,,
122121568,Desocupado,,
122121576,cliente no permite intervencion,,
122122992,Sin acceso,,
122122991,Sin acceso,,
122122636,cliente no permite intervencion,,
122121308,cliente no permite intervencion,,
122122993,cliente no permite intervencion,,
122121608,canasta,,
122121411,Desocupado,,
122121620,cliente no permite intervencion,,
122122642,cliente no permite intervencion,,
122122643,cliente no permite intervencion,,
122122998,cliente no permite intervencion,,
122123005,cliente no permite intervencion,,
122122995,cliente no permite intervencion,,
122123165,Semidirecta,,
122121600,canasta,,
122121369,cliente no permite intervencion,,
122121611,Doble generacion,,
122121612,Desocupado,,
122121613,Desocupado,,
121849734,cliente no permite intervencion,,
122121615,Dificil acceso,,
122121618,cliente no permite intervencion,,
122121619,cliente no permite intervencion,,
122121380,cliente no permite intervencion,,
122123011,Sin acceso,,
122122994,Semidirecta,,
122123015,Semidirecta,,
122121598,cliente no permite intervencion,,
122121617,Desocupado,,
122121603,cliente no permite intervencion,,
122121591,Desocupado,,
122121585,canasta,,
122121589,cliente no permite intervencion,,
122121590,cliente no permite intervencion,,
122121596,canasta,,
122123039,canasta,,
122121588,canasta,,
122121602,canasta,,
122123016,cliente no permite intervencion,,
122123017,cliente no permite intervencion,,
122121409,canasta,,
122121597,Dificil acceso,,
122121593,canasta,,
122121592,canasta,,
122121583,cliente no permite intervencion,,
122121586,Predio enrejado,,
122121587,canasta,,
122121594,cliente no permite intervencion,,
122122623,cliente no permite intervencion,,
122123021,cliente no permite intervencion,,
122123013,Sin acceso,,
122123014,Medidor 220V,,
122123018,cliente no permite intervencion,,
122123022,cliente no permite intervencion,,
122123020,cliente no permite intervencion,,
122100248,canasta,,
122123025,cliente no permite intervencion,,
122123026,cliente no permite intervencion,,
121492445,canasta,,
122121604,canasta,,
122121584,Dificil acceso,,
122121595,cliente no permite intervencion,,
122121582,Desocupado,,
122121581,Predio enrejado,,
122121359,Predio enrejado,,
122121599,No encontrado,,
122123119,cliente no permite intervencion,,
122122649,cliente no permite intervencion,,
122122747,cliente no permite intervencion,,
122121264,cliente no permite intervencion,,
122121346,canasta,,
122121362,canasta,,
122122661,Doble generacion,,
122123027,Semidirecta,,
122121248,Doble generacion,,
122121249,Doble generacion,,
122121251,Doble generacion,,
122121252,Doble generacion,,
122121257,Doble generacion,,
122121258,Doble generacion,,
122121259,Doble generacion,,
122121262,Doble generacion,,
122121263,Doble generacion,,
122121265,Doble generacion,,
122121288,Doble generacion,,
122121289,Doble generacion,,
122121253,canasta,,
122121292,cliente no permite intervencion,,
122123023,Unificado,,
122122646,cliente no permite intervencion,,
122122647,cliente no permite intervencion,,
122122664,cliente no permite intervencion,,
122121294,Predio enrejado,,
122122645,Sin acceso,,
122123012,Sin acceso,,
122122656,Sin acceso,,
122122653,Sin acceso,,
122122650,Sin acceso,,
127247010,canasta,,
127657275,canasta,,
127520413,canasta,,
125980877,canasta,16/4/2025,
127645121,brigada pesada,,
127653536,ejecutado,,
127633162,brigada pesada,,
127633176,canasta,,
127613206,ejecutado,,
127652887,ejecutado,,
127642565,canasta,,
127644179,ejecutado,,
127639076,brigada pesada,,
127509221,canasta,,
127653620,ejecutado,,
127631155,brigada pesada,,
127649047,canasta,,
127641168,ejecutado,,
127643443,ejecutado,,
127644213,ejecutado,,
127654255,brigada pesada,,
127654139,canasta,,
127654527,canasta,,
127654720,canasta,,
127645978,brigada pesada,,
127652885,ejecutado,,
127560405,canasta,,
127176617,ejecutado,,
127629089,brigada pesada,,
127640917,ejecutado,,
127091426,canasta,,
127642965,canasta,,
127645876,brigada pesada,,
127487403,brigada pesada,,
127643890,canasta,,
127656955,canasta,,
127561420,brigada pesada,,
127656959,ejecutado,,
127560925,ejecutado,,
127559937,ejecutado,,
127560850,ejecutado,,
127634303,canasta,,
127632701,canasta,,
127629328,brigada pesada,,
127653739,canasta,,
127642910,brigada pesada,,
127669361,canasta,,
127670827,Doble generacion,,
127653376,canasta,,
127520531,ejecutado,,
127633090,ejecutado,,
127657045,canasta,,
127643552,ejecutado,,
127484490,ejecutado,,
127656338,canasta,,
127696776,canasta,,
127680245,canasta,,
127686119,canasta,,
127694455,canasta,,
127715723,canasta,,
127806868,ejecutado,,
127795396,ejecutado,,
127717488,ejecutado,,
127805793,canasta,19/4/2025,
127806402,canasta,,
127254272,canasta,,
127807226,ejecutado,,
127690607,ejecutado,,
127712121,ejecutado,,
127804801,brigada pesada,,
127807081,ejecutado,,
127697770,canasta,,
127806550,ejecutado,,
127804148,brigada pesada,,
127806322,canasta,,
127652850,canasta,,
127804231,ejecutado,,
127804462,canasta,,
127514658,canasta,,
127685318,ejecutado,,
127807205,ejecutado,,
127806469,brigada pesada,,
127692445,ejecutado,,
127807255,brigada pesada,,
127694615,ejecutado,,
127251748,caja concentradora,,
127333957,caja concentradora,,
127815572,canasta,,
127677470,brigada pesada,,
127904001,canasta,,
127879188,canasta,,
127917487,brigada pesada,,
127926538,ejecutado,21/4/2025,
127907240,ejecutado,,
127904153,brigada pesada,,
127917587,brigada pesada,,
127825276,canasta,,
127903530,ejecutado,,
127905257,canasta,,
127906182,canasta,,
127827237,ejecutado,,
127904363,canasta,,
127905159,ejecutado,,
127905158,canasta,,
127907801,ejecutado,,
127541080,canasta,,
127822185,ejecutado,,
127813090,ejecutado,,
127905326,ejecutado,,
127903790,ejecutado,,
127905838,ejecutado,,
127904083,ejecutado,,
127905406,brigada pesada,,
127904026,ejecutado,,
127907278,ejecutado,,
127905130,brigada pesada,,
127809449,ejecutado,,
127824182,ejecutado,,
127907656,brigada pesada,,
127810506,brigada pesada,,
127813790,ejecutado,,
127804304,ejecutado,,
127616515,ejecutado,,
127903865,ejecutado,,
127907455,ejecutado,,
127816279,ejecutado,,
127903737,canasta,,
128033671,ejecutado,,
127907031,canasta,,
127683100,canasta,,
127683917,ejecutado,,
127347527,Doble generacion,,
128038912,canasta,22/4/2025,
128011305,brigada pesada,,
127640704,ejecutado,,
127981037,ejecutado,,
128013235,canasta,,
128039058,brigada pesada,,
127941364,canasta,,
128030337,brigada pesada,,
128029728,brigada pesada,,
128036372,brigada pesada,,
127936866,ejecutado,,
128022489,brigada pesada,,
128017907,canasta,,
128028531,ejecutado,,
128020824,canasta,,
128023226,canasta,,
128018510,ejecutado,,
128017574,canasta,,
128029006,ejecutado,,
128034515,brigada pesada,,
128026463,brigada pesada,,
128039059,ejecutado,,
128039109,ejecutado,,
128014735,brigada pesada,,
128033056,ejecutado,,
127647448,ejecutado,,
128027232,ejecutado,,
128021161,ejecutado,,
127940034,ejecutado,,
128038939,ejecutado,,
128023543,canasta,,
128016846,ejecutado,,
128019750,brigada pesada,,
128037979,ejecutado,,
128016615,ejecutado,,
127936835,canasta,,
128039061,canasta,,
127995848,brigada pesada,,
128016404,ejecutado,,
127937003,canasta,,
127937138,ejecutado,,
128033054,brigada pesada,,
128012649,canasta,,
128034878,brigada pesada,,
127938365,ejecutado,,
127903248,ejecutado,,
128039049,ejecutado,,
127682737,ejecutado,,
128012229,ejecutado,,
128027489,ejecutado,,
128011792,brigada pesada,,
127940621,brigada pesada,,
127996051,ejecutado,,
128033049,canasta,,
128022064,brigada pesada,,
128039057,ejecutado,,
128116512,canasta,,
128112128,ejecutado,,
128113200,ejecutado,,
128114188,ejecutado,23/4/2025,
128098238,ejecutado,,
128117092,canasta,,
128113431,canasta,,
128107104,brigada pesada,,
128111956,ejecutado,,
128103978,ejecutado,,
128040613,canasta,,
128108176,brigada pesada,,
128105776,ejecutado,,
128117668,ejecutado,,
128117078,canasta,,
128117253,canasta,,
128039208,canasta,,
-28670426,negativa NP,,
-28671615,negativa NP,,
-28670564,negativa NP,,
-28670566,negativa NP,,
-28670430,negativa NP,,
-28670429,negativa NP,,
-28670565,negativa NP,,
-28671614,negativa NP,,
-28670706,negativa NP,,
-28670710,negativa NP,,
-28671613,negativa NP,,
-28670572,negativa NP,,
-28670573,negativa NP,,
-28670700,negativa NP,,
-28670703,negativa NP,,
-28670575,negativa NP,,
-28670578,negativa NP,,
-28670591,negativa NP,,
-28670592,negativa NP,,
-28670576,negativa NP,,
-28670692,negativa NP,,
-28670693,negativa NP,,
-28670593,negativa NP,,
-28670598,negativa NP,,
-28670597,negativa NP,,
-28670696,negativa NP,,
-28671612,negativa NP,,
-28670698,negativa NP,,
-28670595,negativa NP,,
-28670596,negativa NP,,
-28671618,negativa NP,,
-28671619,negativa NP,,
-28671617,negativa NP,,
-28671616,negativa NP,,
-28670418,negativa NP,,
-28670417,negativa NP,,
-28670421,negativa NP,,
-28670422,negativa NP,,
-28670569,negativa NP,,
-28670425,negativa NP,,
-28670419,negativa NP,,
-28670424,negativa NP,,
-28670571,negativa NP,,
-28670567,negativa NP,,
-28670570,negativa NP,,
-28670574,negativa NP,,
-28670568,negativa NP,,
-28670428,negativa NP,,
-28670594,negativa NP,,
-28670756,negativa NP,,
-28661814,negativa NP,,
-28668278,negativa NP,,
-28668303,negativa NP,,
-28668262,negativa NP,,
-28668299,negativa NP,,
-28662081,negativa NP,,
-28672561,negativa NP,,
-28662921,negativa NP,,
-28668279,negativa NP,,
-28668295,negativa NP,,
-28665860,negativa NP,,
-28665825,negativa NP,,
-28672381,negativa NP,,
-28672385,negativa NP,,
-28672573,negativa NP,,
-28672576,negativa NP,,
-28672715,negativa NP,,
-28662029,negativa NP,,
-28673528,negativa NP,,
-28674080,negativa NP,,
-28674074,negativa NP,,
-28674068,negativa NP,,
-28674070,negativa NP,,
-28667491,negativa NP,,
-28667470,negativa NP,,
-28667898,negativa NP,,
-28667472,negativa NP,,
-28663423,negativa NP,,
-28663424,negativa NP,,
-28663421,negativa NP,,
-28665845,negativa NP,,
-28672083,negativa NP,,
-28662867,negativa NP,,
-28671970,negativa NP,,
-28667738,negativa NP,,
-28668717,negativa NP,,
-28665934,negativa NP,,
-28667724,negativa NP,,
-28665918,negativa NP,,
-28672600,negativa NP,,
-28665943,negativa NP,,
-28665940,negativa NP,,
-28666811,negativa NP,,
-28674087,negativa NP,,
-28672591,negativa NP,,
-28672593,negativa NP,,
-28667736,negativa NP,,
-28666340,negativa NP,,
-28667893,negativa NP,,
-28667889,negativa NP,,
-28667740,negativa NP,,
-28667890,negativa NP,,
-28666344,negativa NP,,
-28667891,negativa NP,,
-28667479,negativa NP,,
-28667474,negativa NP,,
-28666803,negativa NP,,
-28664431,negativa NP,,
-28667431,negativa NP,,
-28672632,negativa NP,,
-28662321,negativa NP,,
-28673013,negativa NP,,
-28661467,negativa NP,,
-28661759,negativa NP,,
-28672560,negativa NP,,
-28662064,negativa NP,,
-28661915,negativa NP,,
-28661918,negativa NP,,
-28662724,negativa NP,,
-28661857,negativa NP,,
-28667452,negativa NP,,
-28662030,negativa NP,,
-28662033,negativa NP,,
-28662035,negativa NP,,
-28667442,negativa NP,,
-28667447,negativa NP,,
-28667455,negativa NP,,
-28667444,negativa NP,,
-28667446,negativa NP,,
-28667454,negativa NP,,
-28662026,negativa NP,,
-28662028,negativa NP,,
-28661453,negativa NP,,
-28672041,negativa NP,,
-28667097,negativa NP,,
-28670340,negativa NP,,
-28672713,negativa NP,,
-28672367,negativa NP,,
-28666317,negativa NP,,
-28666321,negativa NP,,
128102481,brigada pesada,,
128106286,canasta,,
128113605,brigada pesada,,
128102490,ejecutado,,
128037066,canasta,,
128099883,canasta,,
128040637,ejecutado,,
128109404,brigada pesada,,
128116721,ejecutado,,
128117168,canasta,,
128117606,canasta,,
128100939,canasta,,
128114496,ejecutado,,
128105531,ejecutado,,
128100929,brigada pesada,,
128096069,brigada pesada,,
128105875,brigada pesada,,
128100636,ejecutado,,
127421588,ejecutado,,
128197724,ejecutado,,
128197759,ejecutado,,
128197882,ejecutado,,
128198080,ejecutado,,
128197640,ejecutado,,
128197610,ejecutado,,
128198178,ejecutado,,
128197677,ejecutado,,
128198147,ejecutado,,
128198300,ejecutado,,
128187510,canasta,,
128194639,canasta,,
128196994,brigada pesada,,
128197188,canasta,,
128203609,brigada pesada,,
128204301,brigada pesada,24/4/2025,
128196913,brigada pesada,,
128121163,canasta,,
127991251,ejecutado,,
128114052,canasta,,
-28674701,cerrar desde escritorio,,
-28674685,cerrar desde escritorio,,
-28674684,cerrar desde escritorio,,
-28674383,cerrar desde escritorio,,
-28674154,cerrar desde escritorio,,
-28674152,cerrar desde escritorio,,
-28674148,cerrar desde escritorio,,
-28673788,cerrar desde escritorio,,
-28669094,cerrar desde escritorio,,
-28666609,cerrar desde escritorio,,
-28666606,cerrar desde escritorio,,
128201046,caja concentradora,,
128199740,canasta,,
127651362,brigada pesada,,
128100618,brigada pesada,,
128099898,brigada pesada,,
128199633,ejecutado,,
128199319,canasta,,
128112385,canasta,,
128121610,brigada pesada,,
128119013,brigada pesada,,
128183406,canasta,,
128202220,caja concentradora,,
128260719,canasta,,
128109488,ejecutado,,
128268821,canasta,,
128036219,brigada pesada,,
128260596,canasta,,
128191344,ejecutado,,
128272295,brigada pesada,,
128265370,canasta,,
128260708,brigada pesada,,
128262419,ejecutado,25/4/2025,
128277615,ejecutado,,
128268751,brigada pesada,,
125980881,canasta,,
125980994,no programar,,
125980785,canasta,,
128275111,brigada pesada,,
128255012,brigada pesada,,
128277790,brigada pesada,,
128255186,canasta,,
128266663,brigada pesada,,
128275366,ejecutado,,
128272634,canasta,,
128277398,canasta,,
128264000,canasta,,
128204988,ejecutado,,
128254531,caja concentradora,,
128205229,canasta,,
128278032,brigada pesada,,
128186333,canasta,,
128266670,brigada pesada,,
128181520,brigada pesada,,
128277642,ejecutado,,
128266365,ejecutado,,
128202903,ejecutado,,
128264790,brigada pesada,,
128267831,canasta,,
128268395,brigada pesada,,
128260632,caja concentradora,,
128261498,ejecutado,,
128203158,ejecutado,,
128204556,brigada pesada,,
128109552,canasta,,
128109476,canasta,,
128109480,canasta,,
128204322,brigada pesada,,
128183025,ejecutado,,
128109475,ejecutado,,
128342669,brigada pesada,,
128339894,canasta,,
128342436,canasta,,
128339029,ejecutado,26/4/2025,
128357419,brigada pesada,,
128341118,canasta,,
128279830,canasta,,
128348177,ejecutado,,
128350919,brigada pesada,,
128356241,brigada pesada,,
128347363,canasta,,
128277589,ejecutado,,
128339898,brigada pesada,,
128109452,no programar,,
128109479,canasta,,
128356622,primaria,,
128346860,canasta,,
128353575,brigada pesada,,
128324798,brigada pesada,,
128356792,ejecutado,,
128325455,brigada pesada,,
128341351,brigada pesada,,
128346772,ejecutado,,
128349447,canasta,,
128346388,ejecutado,,
128354011,canasta,,
128346387,brigada pesada,,
128356471,ejecutado,,
128353875,ejecutado,,
128279682,ejecutado,,
128347834,ejecutado,,
128354724,canasta,,
128346864,primaria,,
125980896,canasta,,
128399719,canasta,,
128365298,canasta,,
128367321,brigada pesada,,
128474109,canasta,,
128365953,especial,,
128276258,brigada pesada,28/4/2025,
128359688,canasta,,
128476759,canasta,,
128109555,no programar,,
128109459,no programar,,
128366989,ejecutado,,
128472958,ejecutado,,
128479112,canasta,,
128365641,ejecutado,,
128388389,canasta,,
128364943,brigada pesada,,
128360695,canasta,,
128385501,ejecutado,,
128474939,ejecutado,,
128366949,brigada pesada,,
128338697,canasta,,
128190674,canasta,,
123415215,brigada pesada,,
128488240,canasta,,
122038505,brigada pesada,,
128505341,brigada pesada,,
128510148,brigada pesada,,
128497838,brigada pesada,,
128567424,ejecutado,29/4/2025,
128499848,canasta,,
128506976,canasta,,
128500962,canasta,,
128495146,canasta,,
128482468,brigada pesada,,
128482794,canasta,,
128198630,canasta,,
128488423,brigada pesada,,
128489267,brigada pesada,,
128499545,brigada pesada,,
128508554,canasta,,
128492517,canasta,,
128498341,brigada pesada,,
128508921,canasta,,
128504090,canasta,,
128499292,ejecutado,,
128504685,canasta,,
128602620,ejecutado,,
128602805,ejecutado,,
128602564,ejecutado,,
128602977,ejecutado,,
128602674,ejecutado,,
128602905,ejecutado,,
128602724,ejecutado,,
128572070,brigada pesada,,
128582532,canasta,,
128579495,brigada pesada,,
128576828,brigada pesada,30/4/2025,
128579326,brigada pesada,,
128607216,ejecutado,,
128560245,ejecutado,,
128580863,canasta,,
128583751,brigada pesada,,
128511415,canasta,,
128584940,ejecutado,,
128596295,brigada pesada,,
128563890,ejecutado,,
128370993,ejecutado,,
128596587,ejecutado,,
128579720,brigada pesada,,
128566034,brigada pesada,,
128567006,brigada pesada,,
128504699,canasta,,
128646772,canasta,,
128578544,brigada pesada,,
128478831,ejecutado,,
128381198,ejecutado,,
128625622,ejecutado,,
128501107,ejecutado,,
128501103,ejecutado,,
128501102,ejecutado,,
128501104,ejecutado,,
128197440,brigada pesada,,
128504802,ejecutado,,
128642699,canasta,,
128645382,canasta,,
128663146,especial,,
128658162,canasta,1/5/2025,
128691188,ejecutado,,
128565526,brigada pesada,,
128699282,brigada pesada,2/5/2025,
128673800,canasta,,
128706725,brigada pesada,,
128632304,brigada pesada,,
128693891,ejecutado,,
128705117,canasta,,
128603317,canasta,,
128632557,brigada pesada,,
128632302,brigada pesada,,
128648288,ejecutado,,
128018023,brigada pesada,,
126643967,brigada pesada,,
127629086,ejecutado,,
128669059,ejecutado,,
128645633,brigada pesada,,
128643222,brigada pesada,,
128702382,canasta,,
128699146,brigada pesada,,
128691467,brigada pesada,,
128648895,brigada pesada,,
128272420,brigada pesada,,
128577068,ejecutado,,
128255352,canasta,,
128703185,canasta,,
128738340,canasta,,
128641323,canasta,,
128665224,ejecutado,,
128743694,brigada pesada,3/5/2025,
128730590,brigada pesada,,
128738093,ejecutado,,
128741311,ejecutado,,
128726923,ejecutado,,
128734636,brigada pesada,,
128720136,ejecutado,,
128633702,ejecutado,,
128730176,brigada pesada,,
128504723,canasta,,
128742460,canasta,,
128640510,brigada pesada,,
128745465,ejecutado,,
128719473,canasta,,
128720858,brigada pesada,,
128736311,canasta,,
128744324,ejecutado,,
121867838,canasta,,
128645748,caja concentradora,,
128665783,no programar,,
128505755,ejecutado,,
128751450,ejecutado,5/5/2025,
128498015,brigada pesada,,
128498143,brigada pesada,,
128761823,ejecutado,,
128764103,brigada pesada,,
128827004,brigada pesada,,
128764314,ejecutado,,
128762685,ejecutado,,
128830389,brigada pesada,,
128757682,ejecutado,,
128829288,ejecutado,,
128763376,ejecutado,,
128764191,canasta,,
128831259,brigada pesada,,
128829135,brigada pesada,,
128829629,canasta,,
128829018,canasta,,
128661687,ejecutado,,
128827974,ejecutado,,
128763433,ejecutado,,
128745884,ejecutado,,
128826741,brigada pesada,,
128598360,brigada pesada,,
128598888,brigada pesada,,
128720039,brigada pesada,,
128649567,canasta,,
128665784,canasta,,
128827713,ejecutado,,
128900264,especial,,
128826277,ejecutado,,
128896216,ejecutado,,
128896709,ejecutado,,
128896710,ejecutado,,
128896363,ejecutado,,
128896725,ejecutado,,
128896620,ejecutado,,
128896674,ejecutado,,
128896304,ejecutado,,
128896139,ejecutado,,
128896525,ejecutado,,
128896448,ejecutado,,
128896571,ejecutado,,
128896042,ejecutado,,
128895934,ejecutado,,
128896410,ejecutado,,
128665849,no programar,,
128916758,ejecutado,,
128912387,canasta,,
128905454,canasta,,
128763286,brigada pesada,6/5/2025,
128903467,ejecutado,,
128918324,brigada pesada,,
128898036,brigada pesada,,
128898406,brigada pesada,,
128919602,ejecutado,,
128833310,brigada pesada,,
128912383,ejecutado,,
128864856,canasta,,
128906252,ejecutado,,
128901721,ejecutado,,
128897424,brigada pesada,,
128912726,ejecutado,,
128909210,ejecutado,,
128919179,brigada pesada,,
128906384,ejecutado,,
128919287,brigada pesada,,
128834216,brigada pesada,,
128900803,brigada pesada,,
128901163,brigada pesada,,
128864302,brigada pesada,,
128832929,brigada pesada,,
128610054,ejecutado,,
128917051,brigada pesada,,
128899737,brigada pesada,,
128911834,ejecutado,,
128903723,brigada pesada,,
128902306,brigada pesada,,
128913148,brigada pesada,,
128902025,canasta,,
128585994,brigada pesada,,
128898781,ejecutado,,
128499601,brigada pesada,,
128499731,brigada pesada,,
128500047,brigada pesada,,
128584647,canasta,,
128660332,brigada pesada,,
128660718,brigada pesada,,
128905319,brigada pesada,,
128707538,ejecutado,,
128584208,brigada pesada,,
129011795,brigada pesada,,
129009675,canasta,,
129009669,canasta,,
129009668,canasta,7/5/2025,
129009670,canasta,,
129009667,canasta,,
129009671,canasta,,
129011747,ejecutado,,
128833944,canasta,,
128991162,ejecutado,,
129009803,ejecutado,,
129006131,brigada pesada,,
128905888,canasta,,
129008603,canasta,,
129009802,brigada pesada,,
128996512,ejecutado,,
129006394,especial,,
129008610,ejecutado,,
128999715,canasta,,
128897146,ejecutado,,
128991161,ejecutado,,
128991153,ejecutado,,
128977323,brigada pesada,,
129009977,ejecutado,,
128999416,ejecutado,,
128665848,canasta,,
128999431,canasta,,
129009683,canasta,,
129009682,canasta,,
129008014,brigada pesada,,
128992006,ejecutado,,
129010921,ejecutado,,
128997382,ejecutado,,
129089616,primaria,,
128990872,ejecutado,,
129000699,canasta,,
129091372,ejecutado,,
129098405,brigada pesada,8/5/2025,
129100346,brigada pesada,,
129099863,ejecutado,,
129088261,ejecutado,,
129085257,canasta,,
129086719,brigada pesada,,
129101071,ejecutado,,
129100258,brigada pesada,,
129038688,ejecutado,,
129099568,ejecutado,,
129089013,ejecutado,,
129014291,canasta,,
129101246,ejecutado,,
129092960,ejecutado,,
129013313,ejecutado,,
129100682,brigada pesada,,
129089413,canasta,,
129100077,ejecutado,,
129101339,ejecutado,,
129100575,brigada pesada,,
129091639,ejecutado,,
129086498,brigada pesada,,
129012672,ejecutado,,
128990682,brigada pesada,,
128992198,brigada pesada,,
129099206,ejecutado,,
129100525,brigada pesada,,
129183495,especial,,
129183022,ejecutado,,
129093678,ejecutado,,
129091649,brigada pesada,9/5/2025,
129014502,ejecutado,,
129090552,ejecutado,,
129174055,canasta,,
129183924,ejecutado,,
129137533,ejecutado,,
129176402,brigada pesada,,
129174987,ejecutado,,
129092187,brigada pesada,,
129103493,ejecutado,,
129099467,ejecutado,,
129173030,ejecutado,,
129174847,ejecutado,,
129169117,brigada pesada,,
129103319,canasta,,
129178419,ejecutado,,
129176075,ejecutado,,
129101636,ejecutado,,
129181704,no pertenece,,
129167628,ejecutado,,
129184390,especial,,
129179974,canasta,,
129099579,ejecutado,,
129183754,ejecutado,,
129103819,ejecutado,,
129143366,ejecutado,,
129169517,no pertenece,,
129167635,canasta,,
129184577,ejecutado,,
129171126,ejecutado,,
129185001,ejecutado,,
129184837,ejecutado,,
129086339,ejecutado,,
129172620,ejecutado,,
129184113,ejecutado,,
129185208,ejecutado,,
129170370,brigada pesada,,
125980812,canasta,,
128665854,canasta,,
129145975,ejecutado,,
129181453,canasta,,
129067720,ejecutado,,
129187659,especial,10/5/2025,
129203254,canasta,,
129203582,ejecutado,,
129204780,brigada pesada,,
12190889,canasta,,
129192979,ejecutado,,
129193523,ejecutado,,
129187875,brigada pesada,,
129188438,ejecutado,,
129009704,canasta,,
129197061,ejecutado,,
129203615,canasta,,
129056994,ejecutado,,
129196296,canasta,,
129196662,ejecutado,,
129193524,brigada pesada,,
129196450,ejecutado,,
129200513,ejecutado,,
128504688,canasta,,
129200221,canasta,,
129207067,ejecutado,,
129203546,ejecutado,,
129277247,brigada pesada,,
129275646,ejecutado,,
129277401,ejecutado,12/5/2025,
129213758,canasta,,
129277199,brigada pesada,,
129215364,ejecutado,,
129211447,ejecutado,,
129276449,ejecutado,,
129275680,ejecutado,,
129200364,ejecutado,,
129208427,canasta,,
129203865,canasta,,
129214474,ejecutado,,
129205541,ejecutado,,
129211776,ejecutado,,
129190889,ejecutado,,
129277406,brigada pesada,,
129275816,ejecutado,,
129276372,ejecutado,,
129276463,ejecutado,,
129206486,canasta,,
129275397,ejecutado,,
129196636,ejecutado,,
129210586,brigada pesada,,
129345027,ejecutado,,
129100598,especial,,
128665878,visita posterior Jean Muñoz,,
128665851,canasta,,
128109465,canasta,,
129355459,ejecutado,,
129205179,ejecutado,,
128665870,no permite normalizar,,
129352858,canasta,,
129009656,canasta,,
129358326,canasta,13/5/2025,
129171112,especial,,
129171110,canasta,,
128660662,canasta,,
129212818,brigada pesada,,
129083135,no pertenece,,
128920748,canasta,,
129100460,canasta,,
129353736,canasta,,
129355215,canasta,,
129210307,especial,,
129209625,ejecutado,,
129357661,ejecutado,,
129359318,canasta,,
129277999,ejecutado,,
129276352,ejecutado,,
129275735,ejecutado,,
129206154,ejecutado,,
129359196,ejecutado,,
1011054,Alveys Fonseca,,
1008609,Yamid Villazón,,
1008276,Deibys Hernández,,
129425409,ejecutado,,
129436840,ejecutado,,
129448581,brigada pesada,,
129429680,ejecutado,14/5/2025,
129430705,especial,,
129432281,ejecutado,,
129368048,ejecutado,,
129435731,ejecutado,,
129435290,ejecutado,,
129433878,ejecutado,,
129439893,brigada pesada,,
129359555,brigada pesada,,
129426072,brigada pesada,,
129278511,canasta,,
129438890,canasta,,
129429905,canasta,,
129438899,ejecutado,,
129348814,canasta,,
129435212,canasta,,
129357747,brigada pesada,,
129428087,ejecutado,,
129431192,ejecutado,,
129353498,ejecutado,,
129526819,canasta,,
129360657,canasta,,
129450803,brigada pesada,,
129358916,canasta,,
129432662,ejecutado,,
129431177,especial,,
129432003,canasta,,
129442825,especial,,
129432841,canasta,,
129434701,brigada pesada,,
129432913,ejecutado,,
128665819,poste en mal estado,,
129426575,canasta,,
129442868,ejecutado,,
125177240,canasta,,
129358366,ejecutado,,
129438855,ejecutado,,
129479131,ejecutado,,
129355676,ejecutado,,
129436115,ejecutado,,
129428541,canasta,,
123071734,programar,,
129433210,brigada pesada,,
129361371,ejecutado,,
129360650,ejecutado,,
129440843,brigada pesada,,
129279491,ejecutado,,
129357934,ejecutado,,
129431656,brigada pesada,,
129435417,ejecutado,,
129358014,ejecutado,,
129342673,no permite normalizar,,
129593071,brigada pesada,,
129582984,ejecutado,,
129595038,ejecutado,,
129506422,ejecutado,15/5/2025,
129506427,ejecutado,,
129571470,brigada pesada,,
129584083,brigada pesada,,
129593365,canasta,,
129579241,especial,,
129579359,ejecutado,,
129582693,ejecutado,,
129573769,ejecutado,,
129586720,ejecutado,,
129506295,canasta,,
129570782,ejecutado,,
129576658,ejecutado,,
129592919,ejecutado,,
129581710,ejecutado,,
129587589,ejecutado,,
129582735,ejecutado,,
129573776,especial,,
129592256,ejecutado,,
129577721,brigada pesada,,
129430389,brigada pesada,,
129581716,canasta,,
129594656,ejecutado,,
129592199,canasta,,
129692523,brigada pesada,,
129688451,brigada pesada,,
128504712,canasta,,
129617782,especial,16/5/2025,
129691115,ejecutado,,
129683364,ejecutado,,
128665893,canasta,,
129699314,ejecutado,,
12961125,canasta,,
129691702,ejecutado,,
129190097,canasta,,
129689360,canasta,,
129699293,brigada pesada,,
129697044,ejecutado,,
129689876,ejecutado,,
129620902,ejecutado,,
129442856,ejecutado,,
129431761,ejecutado,,
129348301,ejecutado,,
128665892,canasta,,
128109477,canasta,,
129690598,brigada pesada,,
129703527,brigada pesada,,
129687104,ejecutado,,
129275331,ejecutado,,
129590267,brigada pesada,,
129695459,ejecutado,,
129617343,canasta,,
124278804,canasta,,
124278807,canasta,,
129737540,ejecutado,,
129749503,ejecutado,,
129585325,ejecutado,,
129734953,ejecutado,,
129753719,ejecutado,,
129759388,brigada pesada,,
129760272,ejecutado,17/5/2025,
129732288,canasta,,
122123010,no permite normalizar,,
129733445,ejecutado,,
129728782,canasta,,
129729487,ejecutado,,
129622243,ejecutado,,
129749619,ejecutado,,
129746452,ejecutado,,
129739911,ejecutado,,
129740229,ejecutado,,
129755369,brigada pesada,,
129702271,brigada pesada,,
129756658,ejecutado,,
129744384,canasta,,
124810925,no pertenece,,
129343191,ejecutado,,
129736808,ejecutado,,
129689031,ejecutado,,
129738374,brigada pesada,,
129731275,ejecutado,,
129760256,ejecutado,,
129756579,canasta,,
129759177,ejecutado,,
129767466,canasta,,
129773170,canasta,,
129734386,no pertenece,,
129698906,canasta,18/5/2025,
129733716,ejecutado,,
129772244,brigada pesada,,
129702620,especial,,
129877852,ejecutado,,
129778576,brigada pesada,,
129878004,ejecutado,,
129873081,ejecutado,,
129587941,no permite normalizar,,
129591658,no permite normalizar,,
129584911,brigada pesada,,
129585622,especial,,
129874905,ejecutado,,
129876881,brigada pesada,,
129876923,canasta,,
129876613,ejecutado,,
129873701,ejecutado,,
129435811,no permite normalizar,,
129877400,canasta,,
129874875,ejecutado,,
129440554,canasta,,
128504683,canasta,,
123991855,canasta,,
123670728,canasta,,
123991843,poste en predio vecino,,
123670754,canasta,,
129876353,ejecutado,,
129876498,ejecutado,,
129781865,ejecutado,,
129780376,ejecutado,,
129875831,ejecutado,,
129783599,brigada pesada,,
129771314,ejecutado,,
129873073,ejecutado,,
129772699,ejecutado,,
128665839,no permite normalizar,,
129749828,ejecutado,,
129873020,ejecutado,,
122122755,no permite revisión,,
124633702,no programar,,
122122635,no programar,,
122122903,no programar,,
124633693,no programar,,
124633700,no programar,,
124633722,no programar,,
125980779,no programar,,
122122885,no programar,,
125980780,no programar,,
125980791,no programar,,
125980772,no programar,,
124633689,no programar,,
122122690,no programar,,
124725270,no programar,,
122122673,no programar,,
123670718,no programar,,
125980796,no programar,,
122122990,no programar,,
123670682,no programar,,
123837214,no programar,,
122123058,no programar,,
124810978,no programar,,
126639840,no programar,,
124236395,no programar,,
124810998,no programar,,
123316830,no programar,,
122122817,no programar,,
122123057,no programar,,
124810920,no programar,,
124810966,no programar,,
126379687,no programar,,
126655332,no programar,,
124278719,no programar,,
124278722,no programar,,
124151717,no programar,,
127683918,no programar,,
122707791,no programar,,
124278712,no programar,,
121867595,no programar,,
124810977,no programar,,
124151691,no programar,,
122273220,no programar,,
125022937,no programar,,
123160678,no programar,,
125993777,no programar,,
127255862,no permite normalizar,,
125993778,no programar,,
125993776,no programar,,
126822208,no programar,,
124342214,no programar,,
125993782,no programar,,
125993786,no programar,,
125993787,no programar,,
125993834,no programar,,
125993835,no programar,,
125993827,no programar,,
125993833,no programar,,
125993806,no programar,,
122467992,no programar,,
125993808,no programar,,
125207605,no programar,,
125207609,no programar,,
125207578,no programar,,
125207596,no programar,,
125207597,no programar,,
125207617,no programar,,
125993781,no programar,,
125993810,no programar,,
125993780,no programar,,
122122640,no programar,,
122122641,no programar,,
125993783,no programar,,
125993784,no programar,,
125993788,no programar,,
125993789,no programar,,
125993799,no programar,,
125993800,no programar,,
125993817,no programar,,
125993818,no programar,,
127629005,no programar,,
127629004,no programar,,
127629003,no programar,,
127629071,no programar,,
127347512,no programar,,
127347534,no programar,,
127347532,no programar,,
127657357,no programar,,
127256449,no programar,,
127347509,no programar,,
124810975,no programar,,
126327716,no programar,,
125093216,no programar,,
122122678,no programar,,
122122680,no programar,,
122122681,no programar,,
123312213,no programar,,
123168303,no programar,,
122107282,no programar,,
124278724,no programar,,
124278726,no programar,,
123937877,no programar,,
123991940,no programar,,
124711917,no programar,,
124712043,no programar,,
124278740,no programar,,
124267578,no programar,,
127334837,no permite normalizar,,
127698531,no programar,,
122121579,no permite normalizar,,
122121624,no permite normalizar,,
127698414,SUR,,
127698367,SUR,,
127657569,SUR,,
127657364,SUR,,
127657406,SUR,,
127657463,SUR,,
127657542,no permite normalizar,,
127657668,no permite normalizar,,
127657410,SUR,,
127698467,SUR,,
129617376,no programar,,
129617394,no programar,,
129617375,no programar,,
129617374,no programar,,
129617373,no programar,,
129617365,no programar,,
129617366,no programar,,
129617369,no programar,,
129617370,no programar,,
129617371,no programar,,
129617368,no programar,,
129617372,no programar,,
129617360,no programar,,
129617363,no programar,,
129617364,no programar,,
129617335,no programar,,
129617336,no programar,,
129617334,no programar,,
129617333,no programar,,
129617359,no programar,,
122276650,cliente no permite intervencion,,
122123102,no programar,,
124810972,no programar,,
124360581,no programar,,
122122722,no programar,,
123991852,no programar,,
123991854,no programar,,
122123032,no programar,,
124810949,no programar,,
129949003,ejecutado,,
129955182,ejecutado,,
129880816,canasta,,
129783377,ejecutado,20/5/2025,
129977154,canasta,,
129976126,ejecutado,,
129977071,brigada pesada,,
129976423,ejecutado,,
129918120,canasta,,
129976337,ejecutado,,
129969905,no permite normalizar,,
129750558,canasta,,
129954146,brigada pesada,,
129971537,Dificil acceso,,
129972683,Dificil acceso,,
129969525,ejecutado,,
129978619,canasta,,
129970757,ejecutado,,
129967943,ejecutado,,
129970824,ejecutado,,
129978231,ejecutado,,
129743639,ejecutado,,
129783598,brigada pesada,,
129962474,ejecutado,,
129959272,ejecutado,,
129779173,ejecutado,,
129952730,brigada pesada,,
128665896,canasta,,
129880815,brigada pesada,,
129964010,ejecutado,,
129963725,ejecutado,,
122123093,no programar,,
122123107,no programar,,
123238808,no programar,,
124278745,no programar,,
125284839,no programar,,
125980762,no programar,,
125980818,no programar,,
125980832,no programar,,
127347511,no programar,,
127482792,no programar,,
127558897,no programar,,
128196082,no permite revisión,,
128196084,no permite revisión,,
129961282,ejecutado,,
129007942,ejecutado,,
129977152,brigada pesada,,
129880429,ejecutado,,
129950139,ejecutado,,
129783337,ejecutado,,
129428699,ejecutado,,
129949518,ejecutado,,
129978367,ejecutado,,
129953887,canasta,,
129966485,brigada pesada,,
129964514,canasta,,
129962209,especial,,
128504669,poste en predio vecino,,
130097475,brigada pesada,,
130083467,ejecutado,,
130089089,ejecutado,,
130095751,ejecutado,21/5/2025,
130102672,ejecutado,,
129999821,ejecutado,,
129192382,poste en mal estado,,
130082849,canasta,,
130102834,ejecutado,,
129086367,ejecutado,,
130001256,canasta,,
130085312,ejecutado,,
130097527,ejecutado,,
130097380,ejecutado,,
130093903,ejecutado,,
130088944,ejecutado,,
130097379,canasta,,
130102894,ejecutado,,
129691125,ejecutado,,
130092806,brigada pesada,,
130102774,especial,,
130083208,especial,,
130088871,ejecutado,,
130099564,brigada pesada,,
130096707,ejecutado,,
130089379,ejecutado,,
130103340,brigada pesada,,
129760237,canasta,,
13013405,canasta,,
130201888,ejecutado,,
130103405,canasta,,
13023497,canasta,,
130105058,ejecutado,,
130215789,canasta,22/5/2025,
130103477,canasta,,
130210467,canasta,,
130213281,ejecutado,,
130209368,canasta,,
130213457,brigada pesada,,
130178761,canasta,,
130206986,brigada pesada,,
130206244,ejecutado,,
130213511,canasta,,
130205967,brigada pesada,,
130213424,ejecutado,,
130201810,ejecutado,,
130211239,canasta,,
129965217,canasta,,
130215435,brigada pesada,,
130205326,primaria,,
130203062,no pertence,,
130302616,ejecutado,,
130305342,brigada pesada,,
130313029,ejecutado,,
128665852,no permite normalizar,23/5/2025,
130270196,canasta,,
130299654,ejecutado,,
130301686,brigada pesada,,
130313796,ejecutado,,
129948964,ejecutado,,
130288769,ejecutado,,
130296908,especial,,
130306624,canasta,,
130274939,brigada pesada,,
130316248,ejecutado,,
129734563,ejecutado,,
130216005,brigada pesada,,
130272040,brigada pesada,,
130303410,ejecutado,,
130312523,canasta,,
130274929,brigada pesada,,
130313155,ejecutado,,
130212602,ejecutado,,
130402907,ejecutado,,
130297199,no pertenece,,
130286827,especial,,
130401220,ejecutado,,
130211118,canasta,,
130415817,ejecutado,,
130413987,ejecutado,24/5/2025,
130215957,ejecutado,,
129439259,canasta,,
129192084,acceso impedido,,
130421510,canasta,,
130408102,brigada pesada,,
130403845,especial,,
130422155,ejecutado,,
130408117,canasta,,
130400421,ejecutado,,
129734567,ejecutado,,
130423433,ejecutado,,
130421388,ejecutado,,
130406758,ejecutado,,
130304874,ejecutado,,
130211048,ejecutado,,
130213153,ejecutado,,
130399731,canasta,,
130422942,ejecutado,,
130407461,ejecutado,,
130414066,canasta,,
130421665,canasta,26/5/2025,
130441837,brigada pesada,,
130418645,ejecutado,,
130526502,ejecutado,,
130424498,ejecutado,,
130522388,ejecutado,,
130411234,canasta,,
130299230,ejecutado,,
130524129,ejecutado,,
130211107,canasta,,
130444469,brigada pesada,,
130423053,ejecutado,,
130405779,ejecutado,,
130524760,ejecutado,,
130425587,ejecutado,,
130525893,ejecutado,,
129741136,canasta,,
130411995,ejecutado,,
130211144,canasta,,
129739788,no permite normalizar,,
130441945,ejecutado,,
130522261,ejecutado,,
130441442,ejecutado,,
130441714,canasta,,
130439039,ejecutado,,
130402651,brigada pesada,,
130402631,ejecutado,,
130604679,ejecutado,,
130526185,ejecutado,,
130403730,ejecutado,,
130416623,canasta,,
130337922,ejecutado,,
130426147,ejecutado,,
130620256,ejecutado,,
130102477,ejecutado,,
129948994,ejecutado,,
130619582,brigada pesada,27/5/2025,
129434322,ejecutado,,
130607181,canasta,,
130211105,canasta,,
130211104,canasta,,
130604176,canasta,,
130624572,ejecutado,,
130619762,ejecutado,,
129009663,no permite normalizar,,
130527204,ejecutado,,
130616139,ejecutado,,
130590306,ejecutado,,
130622091,ejecutado,,
130608239,canasta,,
130526125,ejecutado,,
130446135,ejecutado,,
130423941,ejecutado,,
130425688,ejecutado,,
130445664,ejecutado,,
130527156,canasta,,
130605288,ejecutado,,
130597170,canasta,,
130619401,ejecutado,,
130526180,ejecutado,,
130443907,ejecutado,,
130627098,ejecutado,,
130610749,ejecutado,,
129876922,ejecutado,,
129779559,ejecutado,,
130440347,ejecutado,,
130080525,canasta,,
130445123,ejecutado,,
130404627,brigada pesada,,
130608711,brigada pesada,,
130615980,canasta,,
130525244,ejecutado,,
130620526,ejecutado,,
129965926,ejecutado,,
130307943,canasta,,
130307945,canasta,,
130620333,brigada pesada,,
130527269,ejecutado,,
130676328,canasta,,
130592155,ejecutado,28/5/2025,
130687549,canasta,,
130652186,ejecutado,,
130667922,ejecutado,,
130672428,ejecutado,,
130309711,ejecutado,,
130663621,ejecutado,,
130524122,ejecutado,,
130684639,ejecutado,,
130679996,ejecutado,,
130681458,brigada pesada,,
130670359,no pertenece,,
130606814,ejecutado,,
129592447,no permite normalizar,,
129592623,no permite normalizar,,
129592711,no permite normalizar,,
129587664,no permite normalizar,,
129586742,no permite normalizar,,
129592198,no permite normalizar,,
129592651,no permite normalizar,,
130671097,no pertenece,,
130622388,ejecutado,,
130683906,ejecutado,,
130671305,ejecutado,,
130678124,brigada pesada,,
130670361,ejecutado,,
130664971,brigada pesada,,
130733468,ejecutado,,
130526203,ejecutado,,
130425017,ejecutado,,
130739162,ejecutado,,
130739105,ejecutado,,
130688006,brigada pesada,,
130723382,brigada pesada,,
130740642,canasta,,
130740135,brigada pesada,29/5/2025,
130730344,brigada pesada,,
130744486,ejecutado,,
130741475,ejecutado,,
130720162,especial,,
130720686,brigada pesada,,
130712052,brigada pesada,,
130670743,ejecutado,,
130741355,ejecutado,,
130733076,ejecutado,,
130404724,ejecutado,,
130712666,ejecutado,,
130425663,ejecutado,,
130440570,ejecutado,,
130676409,ejecutado,,
130733216,ejecutado,,
130718592,brigada pesada,,
130436257,brigada pesada,,
130735730,ejecutado,,
130712068,ejecutado,,
130744245,brigada pesada,,
129734677,brigada pesada,,
130414426,canasta,,
130740670,brigada pesada,,
130732968,ejecutado,,
130614895,ejecutado,,
130805031,ejecutado,,
130809910,no pertenece,,
130810796,brigada pesada,,
130819795,brigada pesada,,
130808326,brigada pesada,,
130817111,ejecutado,30/5/2025,
130844062,ejecutado,,
130806317,ejecutado,,
129100326,canasta,,
130743881,canasta,,
130813117,ejecutado,,
130802029,ejecutado,,
130795550,ejecutado,,
130813107,canasta,,
130732539,canasta,,
130822864,ejecutado,,
130820757,especial,,
130811002,ejecutado,,
130797064,ejecutado,,
130818951,ejecutado,,
130819630,brigada pesada,,
130802549,ejecutado,,
130823509,ejecutado,,
130822004,ejecutado,,
130743557,ejecutado,,
130732550,ejecutado,,
130732518,brigada pesada,,
130817569,brigada pesada,,
130799224,ejecutado,,
130858131,brigada pesada,,
130863540,ejecutado,,
130848574,ejecutado,,
130856458,ejecutado,31/5/2025,
130859153,ejecutado,,
130849317,ejecutado,,
130880518,ejecutado,,
130854648,especial,,
130679042,ejecutado,,
130882041,canasta,,
130856518,ejecutado,,
130790052,ejecutado,,
130566665,canasta,,
130933206,ejecutado,,
130844401,ejecutado,,
130906316,brigada pesada,,
130931017,brigada pesada,3/6/2025,
130885974,ejecutado,,
130888827,ejecutado,,
130932881,brigada pesada,,
130933906,brigada pesada,,
130937736,canasta,,
130931082,ejecutado,,
130910671,ejecutado,,
130903523,brigada pesada,,
130938298,ejecutado,,
130848951,brigada pesada,,
130905894,ejecutado,,
130899214,especial,,
130526345,ejecutado,,
130911837,ejecutado,,
130942552,ejecutado,,
130952892,canasta,,
130930697,ejecutado,,
130910715,ejecutado,,
130414465,ejecutado,,
130947999,brigada pesada,,
130851821,ejecutado,,
130937130,ejecutado,,
130888917,ejecutado,,
130898002,ejecutado,,
130898008,ejecutado,,
130938114,ejecutado,,
130931230,ejecutado,,
130937922,brigada pesada,,
130863412,ejecutado,,
130883968,ejecutado,,
130871184,ejecutado,,
130952923,ejecutado,,
130889002,ejecutado,,
130949497,ejecutado,,
130937339,ejecutado,,
130861249,brigada pesada,,
130955185,ejecutado,,
130304320,especial,,
129754041,canasta,,
130870479,ejecutado,4/6/2025,
129086578,canasta,,
130870102,canasta,,
129431958,canasta,,
131044033,canasta,,
130903805,brigada pesada,,
130939671,ejecutado,,
131022282,canasta,,
131126364,no pertenece,,
130958356,ejecutado,,
131035406,ejecutado,,
130793420,ejecutado,,
130591327,ejecutado,,
130944596,ejecutado,,
130944595,ejecutado,,
131035215,ejecutado,,
131040157,brigada pesada,,
130910586,ejecutado,,
130903174,ejecutado,,
130618836,ejecutado,,
131126030,ejecutado,,
130715586,canasta,,
130715870,canasta,,
130716235,canasta,5/6/2025,
131039828,ejecutado,,
130663353,canasta,,
131129680,especial,,
131132329,ejecutado,,
131028404,brigada pesada,,
130594397,brigada pesada,,
129090079,brigada pesada,,
131129708,brigada pesada,,
131034352,especial,,
131147936,ejecutado,,
131099072,especial,,
131118801,especial,,
131225789,ejecutado,,
131035506,ejecutado,,
131138045,canasta,,
129969454,canasta,,
129969668,canasta,,
130675373,canasta,,
130675603,canasta,,
131139305,ejecutado,,
131061460,ejecutado,,
131120990,ejecutado,,
130679975,canasta,,
131235003,no pertenece,,
131234435,ejecutado,,
131165294,canasta,6/6/2025,
131098883,ejecutado,,
131228492,brigada pesada,,
130661665,brigada pesada,,
130872346,ejecutado,,
131234242,ejecutado,,
131235606,canasta,,
131225117,ejecutado,,
131250483,canasta,,
131233815,ejecutado,,
131223995,ejecutado,,
131258530,ejecutado,,
130818333,brigada pesada,,
131146988,ejecutado,,
131132376,ejecutado,,
130598576,canasta,,
131198129,ejecutado,,
130902638,ejecutado,,
131267306,canasta,,
131229052,ejecutado,,
130907732,ejecutado,,
131225520,ejecutado,,
131230327,ejecutado,,
131281304,ejecutado,,
131279900,ejecutado,,
131258268,ejecutado,,
131278208,ejecutado,7/6/2025,
131262153,canasta,,
131270801,brigada pesada,,
131280730,ejecutado,,
131273396,ejecutado,,
131263920,ejecutado,,
131149192,ejecutado,,
131279864,brigada pesada,,
131257895,brigada pesada,,
131255960,canasta,,
130096788,especial,,
129976270,especial,,
130883433,no permite normalizar,,
130868830,no permite normalizar,,
130955047,no permite normalizar,,
130859589,no permite normalizar,,
131271619,ejecutado,,
131279984,brigada pesada,,
131280429,canasta,,
130666637,canasta,,
131276304,ejecutado,,
131040640,brigada pesada,,
131269266,brigada pesada,,
131281340,ejecutado,,
131121595,especial,,
131286717,ejecutado,,
131279814,ejecutado,,
131273953,ejecutado,,
131282410,ejecutado,,
130617941,brigada pesada,,
131283914,ejecutado,,
131281177,ejecutado,,
131281671,ejecutado,,
131246768,ejecutado,,
130844596,ejecutado,,
131290909,canasta,,
131289627,canasta,,
131365203,ejecutado,,
131128797,especial,8/6/2025,
131285907,brigada pesada,,
131365074,ejecutado,9/6/2025,
131363442,ejecutado,,
130401039,canasta,,
131294502,brigada pesada,,
131287356,ejecutado,,
131290409,brigada pesada,,
131289413,especial,,
131283877,ejecutado,,
131283407,ejecutado,,
131284121,canasta,,
131284791,ejecutado,,
131365731,ejecutado,,
131282512,ejecutado,,
131282509,canasta,,
131286882,ejecutado,,
131365496,ejecutado,,
131231481,canasta,,
131287661,brigada pesada,,
131291670,especial,,
131293213,brigada pesada,,
131281023,brigada pesada,,
131284244,brigada pesada,,
131364084,ejecutado,,
131284808,brigada pesada,,
131291089,brigada pesada,,
131366145,canasta,,
131364777,ejecutado,,
131293705,ejecutado,,
131248138,ejecutado,,
131365861,especial,,
131363059,ejecutado,,
131294829,brigada pesada,,
131337169,ejecutado,,
131364406,ejecutado,,
131222166,ejecutado,,
131222069,ejecutado,,
131270581,ejecutado,,
131283581,canasta,,
131262608,canasta,,
131294827,ejecutado,,
128734768,brigada pesada,,
131365443,ejecutado,,
131431756,brigada pesada,,
131445679,canasta,,
131448103,ejecutado,,
131433000,ejecutado,10/6/2025,
131434468,ejecutado,,
131436966,brigada pesada,,
131443144,ejecutado,,
131445842,ejecutado,,
131443910,no pertenece,,
131366990,ejecutado,,
131439877,ejecutado,,
131449781,ejecutado,,
131445548,ejecutado,,
129204549,brigada pesada,,
131443802,ejecutado,,
131434590,ejecutado,,
131443590,ejecutado,,
131444273,ejecutado,,
131445960,ejecutado,,
131431580,brigada pesada,,
131447727,ejecutado,,
129277983,brigada pesada,,
131443865,ejecutado,,
129277987,brigada pesada,,
131444456,brigada pesada,,
129277907,brigada pesada,,
131444281,ejecutado,,
131445704,ejecutado,,
131366899,ejecutado,,
131451088,ejecutado,,
131442869,canasta,,
131445757,ejecutado,,
131433512,brigada pesada,,
131444435,brigada pesada,,
128922259,brigada pesada,,
128604186,canasta,,
131432719,especial,,
131365665,ejecutado,,
131444524,ejecutado,,
130211122,no permite revisión,,
130211137,desocupado,,
131432207,ejecutado,,
131036029,ejecutado,,
131363881,ejecutado,,
131365681,ejecutado,,
128497485,canasta,,
128496231,canasta,,
131454117,canasta,,
131283509,brigada pesada,,
131534994,ejecutado,,
131534452,canasta,,
131534956,especial,11/6/2025,
131531907,ejecutado,,
131531297,ejecutado,,
131455170,ejecutado,,
131534336,ejecutado,,
131523466,brigada pesada,,
131368060,ejecutado,,
131368015,ejecutado,,
131525803,ejecutado,,
131533132,brigada pesada,,
131525506,canasta,,
131364514,canasta,,
131525955,brigada pesada,,
131530696,canasta,,
131531245,brigada pesada,,
131534893,ejecutado,,
131525807,brigada pesada,,
131518566,canasta,,
131532086,brigada pesada,,
131270802,ejecutado,,
131447517,ejecutado,,
131431742,ejecutado,,
131524281,ejecutado,,
131534184,ejecutado,,
131431991,ejecutado,,
130411598,ejecutado,,
131521951,brigada pesada,,
131525954,canasta,,
131518171,brigada pesada,,
131366902,ejecutado,,
131520772,ejecutado,,
131537769,canasta,,
131535945,ejecutado,,
131611909,canasta,,
130608519,brigada pesada,,
131610677,ejecutado,,
13165694,brigada pesada,,
131609110,ejecutado,,
130097484,ejecutado,,
131034124,canasta,,
131608415,brigada pesada,,
131273477,canasta,,
131222445,canasta y especial,,
129173405,canasta,,
131261356,canasta y especial,,
130803255,canasta,,
131536913,canasta,,
129435673,canasta,,
130673602,especial,,
131611498,brigada pesada,,
131431496,canasta,,
131603963,brigada pesada,,
131537683,ejecutado,,
131293469,brigada pesada,,
131604613,ejecutado,,
131659900,programar,,
131253143,especial,,
131615694,brigada pesada,,
130614866,canasta,,
131258540,canasta,,
131660155,ejecutado,13/5/2025,
131532937,canasta,,
131729775,brigada pesada,,
131736850,ejecutado,,
131655149,brigada pesada,,
131736731,canasta,,
131736272,canasta,,
131658765,canasta,,
131736478,canasta,,
131610890,brigada pesada,,
131622614,ejecutado,,
131728008,ejecutado,,
131519995,brigada pesada,,
131627686,ejecutado,,
131655936,ejecutado,,
131741269,brigada pesada,,
131858917,ejecutado,,
131851324,ejecutado,,
131863065,canasta,,
131725197,especial,14/7/2025,
131851270,ejecutado,,
131731858,ejecutado,,
131861893,brigada pesada,,
131455148,ejecutado,,
131732957,ejecutado,,
131852320,ejecutado,,
131865892,ejecutado,,
131612083,ejecutado,,
131847726,ejecutado,,
131730169,brigada pesada,,
131851082,brigada pesada,,
131847730,brigada pesada,,
131618215,ejecutado,,
131860862,ejecutado,,
131861562,brigada pesada,,
131843472,ejecutado,,
131863625,ejecutado,,
131120897,brigada pesada,,
131868139,ejecutado,,
131122653,desocupado,,
129432002,desocupado,,
129592555,desocupado,,
130740436,no permite revisión,,
129976278,no permite revisión,,
129976259,no permite revisión,,
129976271,no permite revisión,,
130401267,no permite revisión,,
129976199,no permite revisión,,
130729966,no permite revisión,,
131741246,Brandon para el lunes,,
131865887,ejecutado,,
122122752,canasta,,
131850670,ejecutado,,
125980789,canasta,,
131264843,brigada pesada,,
131725192,brigada pesada,,
131851124,ejecutado,,
131847912,ejecutado,,
131744201,ejecutado,,
131862865,brigada pesada,,
131859957,ejecutado,,
131861291,ejecutado,,
131810905,ejecutado,,
131521134,brigada pesada,,
131532942,ejecutado,,
131525539,ejecutado,,
131737533,ejecutado,,
131839146,brigada pesada,,
131745402,ejecutado,,
131607697,ejecutado,,
131607724,brigada pesada,,
131878190,brigada pesada,,
131967818,brigada pesada,,
131861489,canasta,16/6/2025,
131735874,brigada pesada,,
122122659,cliente no permite intervencion,,
122122655,cliente no permite intervencion,,
122122658,cliente no permite intervencion,,
122122654,cliente no permite intervencion,,
122122652,cliente no permite intervencion,,
122122651,cliente no permite intervencion,,
131277997,cliente no permite intervencion,,
131840895,canasta,,
129100591,especial,,
131969499,ejecutado,,
131961924,canasta,,
131888335,ejecutado,,
131264437,canasta,,
131834386,no pertenece,,
131868513,brigada pesada,,
131731243,especial,,
131970577,ejecutado,,
131963296,ejecutado,,
131966349,ejecutado,,
131887738,brigada pesada,,
131858182,ejecutado,,
131963766,ejecutado,,
131969972,canasta,,
131889104,brigada pesada,,
131877295,ejecutado,,
131836762,especial,,
131608185,ejecutado,,
131534370,ejecutado,,
131890656,ejecutado,,
131971053,ejecutado,,
131886905,brigada pesada,,
131843965,ejecutado,,
131969041,ejecutado,,
130102467,especial,,
131866872,brigada pesada,,
131970097,brigada pesada,,
129697340,ejecutado,,
129697162,ejecutado,,
130619255,fue normalizado en Proyecto,,
131884331,ejecutado,,
131288660,especial,,
131851953,ejecutado,,
131863351,ejecutado,,
131967823,ejecutado,,
131745764,ejecutado,,
131440020,ejecutado,,
131886853,ejecutado,,
131853831,ejecutado,,
131858919,ejecutado,,
132054934,ejecutado,,
132062519,brigada pesada,,
131876079,brigada pesada,,
132060948,ejecutado,17/6/2025,
132048276,canasta,,
132049509,ejecutado,,
131974120,canasta,,
131876105,ejecutado,,
132058114,canasta,,
132053834,ejecutado,,
131634695,ejecutado,,
131439542,ejecutado,,
132056624,ejecutado,,
132062479,ejecutado,,
132052517,ejecutado,,
132099958,ejecutado,,
131887482,ejecutado,,
132065419,ejecutado,,
131971366,ejecutado,,
132048263,ejecutado,,
132063238,ejecutado,,
131968965,ejecutado,,
132066164,ejecutado,,
131869800,brigada pesada,,
131846169,ejecutado,,
131973831,ejecutado,,
131889785,brigada pesada,,
131971422,canasta,,
132047890,ejecutado,,
131625680,brigada pesada,,
131972255,ejecutado,,
131866330,ejecutado,,
131534585,ejecutado,,
131860471,brigada pesada,,
131873396,ejecutado,,
132060932,brigada pesada,,
131971683,ejecutado,,
132062185,ejecutado,,
131968350,ejecutado,,
131971609,ejecutado,,
132185792,brigada pesada,,
132197689,canasta,,
130847747,brigada pesada,18/6/2025,
132189986,canasta,,
132192154,ejecutado,,
132187639,canasta,,
133100426,ejecutado,,
132191826,ejecutado,,
132100426,ejecutado,,
132187210,canasta,,
130658357,brigada pesada,,
132197008,ejecutado,,
131248661,canasta,,
131249350,canasta,,
132193055,ejecutado,,
132189894,canasta,,
132192437,ejecutado,,
132178021,brigada pesada,,
131836667,ejecutado,,
132099989,ejecutado,,
132182476,brigada pesada,,
132183727,ejecutado,,
132047614,ejecutado,,
132104983,brigada pesada,,
122122633,no permite revisión,,
130665429,canasta,,
132054158,ejecutado,,
132027010,ejecutado,,
131963496,ejecutado,,
132304880,brigada pesada,,
130720441,brigada pesada,,
132103621,brigada pesada,,
132100638,ejecutado,,
132201404,ejecutado,,
131264176,brigada pesada,,
128648095,canasta,,
132222022,ejecutado,,
132043500,ejecutado,,
124633728,canasta,,
132180364,ejecutado,,
132191062,ejecutado,,
123084554,canasta,,
132177041,brigada pesada,,
132221035,brigada pesada,,
132222654,ejecutado,,
132177715,brigada pesada,19/6/2025,
132327378,brigada pesada,,
132063194,brigada pesada,,
132063477,brigada pesada,,
132063350,brigada pesada,,
132316684,ejecutado,,
132319635,ejecutado,,
122122697,canasta,,
130904498,especial,,
131845020,especial,,
131604806,especial,,
132320938,brigada pesada,,
132313840,canasta,,
132317020,canasta,,
132224507,brigada pesada,,
132100499,ejecutado,,
132064517,ejecutado,,
132049537,ejecutado,,
129176169,canasta,,
132324926,canasta,,
132325585,canasta,,
132309640,canasta,,
132314401,ejecutado,,
132322450,brigada pesada,,
132316681,ejecutado,,
132196345,brigada pesada,,
132325785,brigada pesada,,
131122107,especial,,
131123506,especial,,
132350028,brigada pesada,,
132309041,brigada pesada,,
132435731,ejecutado,,
132437321,ejecutado,20/6/2025,
132446799,ejecutado,,
132432688,ejecutado,,
132319690,ejecutado,,
132437134,ejecutado,,
132307131,ejecutado,,
132313769,ejecutado,,
132421469,brigada pesada,,
132316923,ejecutado,,
132351944,canasta,,
132102506,especial,,
132420567,canasta,,
132320979,ejecutado,,
132178028,especial,,
132437747,ejecutado,,
132350013,brigada pesada,,
132325438,brigada pesada,,
132420252,brigada pesada,,
132318339,ejecutado,,
131608211,canasta,,
132421338,canasta,,
132433363,ejecutado,,
132101055,ejecutado,,
132323441,ejecutado,,
131865891,ejecutado,,
132176580,sin cargas,,
132543140,canasta,,
132425688,brigada pesada,,
132536118,brigada pesada,,
132550988,canasta,,
132448036,ejecutado,,
132550201,ejecutado,,
132551376,ejecutado,,
132536659,ejecutado,,
132442821,brigada pesada,,
133537352,brigada pesada,,
132446519,canasta,,
131866304,ejecutado,,
131523937,ejecutado,,
132540531,ejecutado,,
132470786,brigada pesada,,
132473162,ejecutado,,
132532341,ejecutado,,
132469027,brigada pesada,,
132528376,brigada pesada,,
132540240,brigada pesada,,
132548188,ejecutado,,
132446463,ejecutado,,
132421839,ejecutado,,
132536983,especial,,
132447980,ejecutado,,
132316383,ejecutado,,
132435269,ejecutado,,
132534346,ejecutado,,
132536211,ejecutado,,
132448039,ejecutado,,
132528092,canasta,,
132535506,ejecutado,,
132052112,ejecutado,,
132541107,canasta,,
131974365,brigada pesada,,
132558006,brigada pesada,,
132053286,ejecutado,,
132472794,brigada pesada,,
132549934,ejecutado,,
132549527,ejecutado,,
132531137,brigada pesada,,
131144518,no permite revisión,,
131144508,suspendido,,
132549629,ejecutado,,
132539183,ejecutado,,
132433516,ejecutado,,
132349553,ejecutado,,
132314703,ejecutado,,
132548787,brigada pesada,,
132329252,canasta,,
132531396,ejecutado,,
132524932,ejecutado,,
132531399,ejecutado,,
132581279,canasta,,
132587989,ejecutado,,
132533746,brigada pesada,,
132684140,ejecutado,,
132621295,especial,24/6/2025,
132685283,ejecutado,,
132594188,ejecutado,,
132590914,ejecutado,,
132617454,especial,,
132617219,brigada pesada,,
132591671,ejecutado,,
132550768,ejecutado,,
132351753,ejecutado,,
132329817,ejecutado,,
132352010,ejecutado,,
132686468,ejecutado,,
132681353,ejecutado,,
132327190,canasta,,
132621100,ejecutado,,
132685613,ejecutado,,
132548198,brigada pesada,,
132683569,ejecutado,,
132592442,brigada pesada,,
132685098,brigada pesada,,
132573007,canasta,,
132574962,ejecutado,,
132617352,ejecutado,,
132586168,brigada pesada,,
132432690,ejecutado,,
131735170,ejecutado,,
132622494,ejecutado,,
131866549,ejecutado,,
132683645,brigada pesada,,
132591443,canasta,,
132578396,ejecutado,,
133681856,canasta,,
132617385,canasta,,
132686215,brigada pesada,,
132617742,ejecutado,,
132683161,primaria,,
132685192,brigada pesada,,
132686497,ejecutado,,
132585708,brigada pesada,,
132579088,brigada pesada,,
132572693,brigada pesada,,
132587035,ejecutado,,
132684983,ejecutado,,
132582426,ejecutado,,
132433250,ejecutado,,
132433871,ejecutado,,
132432978,ejecutado,,
132443884,canasta,,
132689328,canasta,,
132315757,ejecutado,,
132305081,ejecutado,,
132578151,ejecutado,,
132621285,brigada pesada,,
132573118,ejecutado,,
132585267,brigada pesada,,
132592157,ejecutado,,
132681856,canasta,,
132685267,ejecutado,,
132580170,canasta,,
132539861,ejecutado,,
132582309,ejecutado,,
132617372,ejecutado,,
132684484,ejecutado,,
132774657,especial,,
132759227,ejecutado,,
132690546,ejecutado,,
132765715,canasta,25/6/2025,
132586372,ejecutado,,
132759369,ejecutado,,
132772808,brigada pesada,,
132748694,brigada pesada,,
132774858,brigada pesada,,
131738486,canasta,,
132757596,ejecutado,,
132765098,especial,,
132689728,ejecutado,,
132306126,brigada pesada,,
132765214,brigada pesada,,
132682578,ejecutado,,
132190137,canasta,,
132746247,ejecutado,,
132751603,canasta,,
131959730,ejecutado,,
132691646,ejecutado,,
132766487,brigada pesada,,
132576499,ejecutado,,
132684197,ejecutado,,
132593591,ejecutado,,
132537352,ejecutado,,
132772366,ejecutado,,
132686285,ejecutado,,
132753952,brigada pesada,,
132721192,ejecutado,,
132759231,ejecutado,,
132749279,brigada pesada,,
132577424,brigada pesada,,
132746913,ejecutado,,
132764264,brigada pesada,,
132755151,ejecutado,,
132748419,ejecutado,,
131264175,canasta,,
132757586,ejecutado,,
132789112,ejecutado,,
132768192,brigada pesada,,
132439247,canasta,,
132755500,ejecutado,,
132049583,brigada pesada,,
132769187,ejecutado,,
132799353,ejecutado,,
132593094,ejecutado,,
132787816,ejecutado,,
132681255,ejecutado,,
132749014,brigada pesada,,
132751638,ejecutado,,
132758771,brigada pesada,,
132773554,especial,,
132774548,especial,,
131875055,especial,,
132886254,ejecutado,,
132875737,ejecutado,,
132867336,especial,26/6/2025,
132593442,ejecutado,,
132883845,brigada pesada,,
132798007,ejecutado,,
132869949,canasta,,
132060919,ejecutado,,
132753473,ejecutado,,
132888250,brigada pesada,,
132863337,brigada pesada,,
132873012,brigada pesada,,
132887420,ejecutado,,
132873946,brigada pesada,,
132869094,ejecutado,,
132425402,ejecutado,,
132530326,ejecutado,,
132764057,canasta,,
132763112,canasta,,
132887762,ejecutado,,
132877334,canasta,,
131610666,canasta,,
129963897,brigada pesada,,
132754005,brigada pesada,,
132754307,brigada pesada,,
132754681,brigada pesada,,
132774260,ejecutado,,
132889391,ejecutado,,
132876292,ejecutado,,
132761189,ejecutado,,
132573561,ejecutado,,
132889777,ejecutado,,
132875468,ejecutado,,
132888055,brigada pesada,,
132799617,especial,,
132981654,ejecutado,,
132885171,ejecutado,,
132978795,brigada pesada,,
132964445,especial,27/6/2025,
132963765,canasta,,
132977739,ejecutado,,
132965894,ejecutado,,
132942571,brigada pesada,,
132869829,brigada pesada,,
132966906,no pertenece,,
132891704,brigada pesada,,
132963594,brigada pesada,,
132981630,ejecutado,,
132957077,ejecutado,,
132890523,canasta,,
132965981,brigada pesada,,
132878035,canasta,,
132969178,ejecutado,,
132983767,brigada pesada,,
132770280,ejecutado,,
132885628,ejecutado,,
132941445,ejecutado,,
132978832,ejecutado,,
132960215,brigada pesada,,
133005625,ejecutado,,
132985507,ejecutado,,
132963598,brigada pesada,,
132956860,ejecutado,,
131034205,SUR,,
131258448,SUR,,
132966233,ejecutado,,
130211119,canasta,,
132621148,ejecutado,,
130807864,canasta,,
131400262,canasta,,
132875055,ejecutado,,
132980597,ejecutado,,
132962596,ejecutado,,
133027490,brigada pesada,,
133047658,ejecutado,,
132880682,brigada pesada,,
133026963,ejecutado,28/6/2025,
133047571,brigada pesada,,
133043007,ejecutado,,
133041218,ejecutado,,
133042675,ejecutado,,
133051939,brigada pesada,,
132471307,ejecutado,,
133036687,ejecutado,,
133037154,ejecutado,,
131144538,cliente no permite intervencion,,
133040670,canasta,,
133049256,canasta,,
132951818,cliente no permite intervencion,,
132951277,cliente no permite intervencion,,
133015499,ejecutado,,
132975042,ejecutado,,
133049385,ejecutado,,
133039434,ejecutado,,
133030424,ejecutado,,
133029117,brigada pesada,,
132870067,ejecutado,,
133031351,ejecutado,,
133040061,ejecutado,,
133050564,brigada pesada,,
132797984,ejecutado,,
133026513,ejecutado,,
133040093,canasta,,
131605457,brigada pesada,,
132470556,ejecutado,,
133078938,especial,,
133086105,ejecutado,,
133038285,ejecutado,,
133103876,ejecutado,1/7/2025,
133098314,brigada pesada,,
133099678,ejecutado,,
133110604,brigada pesada,,
133097838,ejecutado,,
133098392,canasta,,
133104384,ejecutado,,
133079869,brigada pesada,,
132751918,ejecutado,,
133110346,brigada pesada,,
133094278,especial,,
133107556,ejecutado,,
133035289,canasta,,
133079281,brigada pesada,,
133105478,ejecutado,,
133090179,ejecutado,,
132438766,brigada pesada,,
133075819,ejecutado,,
133028492,ejecutado,,
132440451,ejecutado,,
133013503,canasta,,
133013014,ejecutado,,
133038522,ejecutado,,
132968248,canasta,,
133101134,ejecutado,,
133080599,ejecutado,,
133104445,ejecutado,,
132877557,canasta,,
133076661,ejecutado,,
133103930,brigada pesada,,
133018490,brigada pesada,,
133018797,brigada pesada,,
133019131,brigada pesada,,
133100977,ejecutado,,
133089652,canasta,,
133088031,ejecutado,,
133109699,ejecutado,,
133073995,ejecutado,,
133068268,brigada pesada,,
133109410,ejecutado,,
133107870,ejecutado,,
133102310,canasta,,
132868253,ejecutado,,
132969406,ejecutado,,
133101802,ejecutado,,
133084162,ejecutado,,
133080020,ejecutado,,
133083983,canasta,,
133109780,brigada pesada,,
132869406,brigada pesada,,
133097905,ejecutado,,
132959812,ejecutado,,
133022699,ejecutado,,
132966794,ejecutado,,
132537609,ejecutado,,
132974213,canasta y pesada,,
132974544,canasta y pesada,,
133082889,brigada pesada,,
131521160,brigada pesada,,
133087697,brigada pesada,,
133084522,brigada pesada,,
132470934,brigada pesada,,
132969454,ejecutado,,
133095840,brigada pesada,,
133141785,especial,,
133139598,brigada pesada,,
133130115,especial,2/7/2025,
133143743,ejecutado,,
133127230,brigada pesada,,
133144162,brigada pesada,,
133112251,ejecutado,,
133133132,ejecutado,,
133118696,canasta,,
133115491,ejecutado,,
133117644,ejecutado,,
133135240,ejecutado,,
133020430,ejecutado,,
133139719,brigada pesada,,
133119590,brigada pesada,,
13313872,brigada pesada,,
133144087,brigada pesada,,
133137426,brigada pesada,,
133138768,ejecutado,,
133144142,ejecutado,,
133083428,canasta,,
133121964,ejecutado,,
130681460,brigada pesada,,
133170760,brigada pesada,,
133134535,brigada pesada,,
133114644,ejecutado,,
133119366,brigada pesada,,
133135400,brigada pesada,,
133123485,brigada pesada,,
133161278,especial,,
133160944,canasta,,
133170652,canasta,3/7/2025,
133176517,ejecutado,,
133187482,canasta,,
133162284,brigada pesada,,
133176443,brigada pesada,,
133173762,ejecutado,,
133144215,ejecutado,,
133172068,ejecutado,,
133172060,brigada pesada,,
133178686,ejecutado,,
133190278,brigada pesada,,
133183348,ejecutado,,
133161280,ejecutado,,
133176587,canasta,,
133170255,ejecutado,,
133184752,brigada pesada,,
133202133,ejecutado,,
133178549,brigada pesada,,
133163420,ejecutado,,
133183890,ejecutado,,
133177769,ejecutado,,
133167702,brigada pesada,,
133182220,brigada pesada,,
133143010,ejecutado,,
133143268,brigada pesada,,
133183897,brigada pesada,,
133144177,ejecutado,,
133150682,ejecutado,,
133168911,ejecutado,,
133185019,brigada pesada,,
133187168,brigada pesada,,
133178967,ejecutado,,
133171895,ejecutado,,
133186667,especial,,
133131872,brigada pesada,,
133177050,ejecutado,,
133177897,brigada pesada,,
133184927,brigada pesada,,
132754419,brigada pesada,,
133287716,no pertenece,,
133276436,brigada pesada,,
133117843,canasta,4/7/2025,
133275069,brigada pesada,,
132441679,brigada pesada,,
133267929,ejecutado,,
133133656,ejecutado,,
133170117,ejecutado,,
132773877,ejecutado,,
133116764,ejecutado,,
133265602,ejecutado,,
133301392,ejecutado,,
133288503,ejecutado,,
133285883,ejecutado,,
131659866,brigada pesada,,
133267148,canasta,,
133281029,ejecutado,,
133046782,ejecutado,,
133140884,ejecutado,,
133281809,brigada pesada,,
133375868,canasta,,
133365343,ejecutado,,
133384514,ejecutado,5/7/2025,
133380098,brigada pesada,,
133368866,brigada pesada,,
133380392,brigada pesada,,
133301560,brigada pesada,,
133385471,brigada pesada,,
133368168,ejecutado,,
133171689,brigada pesada,,
129084956,no pertenece,,
133364924,brigada pesada,,
133372461,ejecutado,,
133166787,brigada pesada,,
128365548,brigada pesada,,
133279247,ejecutado,,
132439477,brigada pesada,,
133406517,ejecutado,,
133405143,brigada pesada,7/7/2025,
133364866,ejecutado,,
133392068,brigada pesada,,
133364562,ejecutado,,
133184467,ejecutado,,
133164448,ejecutado,,
133406064,especial,,
133403374,ejecutado,,
132861677,brigada pesada,,
133384252,ejecutado,,
133303009,canasta,,
133285391,especial,,
133406431,brigada pesada,,
133401624,canasta,,
133403507,ejecutado,,
133406754,canasta,,
133281864,ejecutado,,
133103852,ejecutado,,
133401457,ejecutado,,
131521914,especial,,
133278479,ejecutado,,
133390697,ejecutado,,
133365403,ejecutado,,
133179904,ejecutado,,
133202159,ejecutado,,
133122314,ejecutado,,
133408782,ejecutado,,
133403566,ejecutado,,
133479728,canasta,,
133394870,ejecutado,,
133380733,brigada pesada,,
133405921,ejecutado,,
133186310,ejecutado,,
133184609,ejecutado,,
133283181,ejecutado,,
133301398,ejecutado,,
133164790,ejecutado,,
133144826,ejecutado,,
133169727,ejecutado,,
133113958,ejecutado,,
133189073,ejecutado,,
133097523,ejecutado,,
133071176,ejecutado,,
133391707,ejecutado,,
133400260,ejecutado,,
129099379,brigada pesada,,
133386108,brigada pesada,,
133494987,brigada pesada,,
133487097,ejecutado,,
133489392,ejecutado,8/7/2025,
133491139,ejecutado,,
133493897,canasta,,
133496488,brigada pesada,,
133488008,brigada pesada,,
133484053,ejecutado,,
133496607,especial,,
133498073,ejecutado,,
133106937,ejecutado,,
131870834,brigada pesada,,
133493958,ejecutado,,
133395179,ejecutado,,
133496869,brigada pesada,,
133497053,brigada pesada,,
133485393,canasta,,
133490108,ejecutado,,
133494449,canasta,,
133496546,canasta,,
133173975,ejecutado,,
133406981,canasta,TET,
133493188,brigada pesada,,
132867753,especial,,
133488373,ejecutado,,
133492973,ejecutado,,
133184237,ejecutado,,
132962553,ejecutado,,
133480428,canasta,,
133393798,ejecutado,,
133406701,ejecutado,,
128496552,canasta,,
131258427,sur,,
131030788,sur,,
132063376,sur,,
132063795,sur,,
132063620,sur,,
132591886,sur,,
132063326,sur,,
132063773,sur,,
132687477,sur,,
133476134,ejecutado,,
133582161,ejecutado,,
133569481,brigada pesada,,
133572671,ejecutado,,
133588874,brigada pesada,9/7/2025,
133571875,ejecutado,,
133576136,brigada pesada,,
133588424,brigada pesada,,
133574263,canasta,,
133587326,especial,,
133573100,ejecutado,,
133475735,ejecutado,,
133578849,brigada pesada,,
133480429,ejecutado,,
133267052,ejecutado,,
133379480,canasta,,
133577274,ejecutado,,
133584314,ejecutado,,
133499781,brigada pesada,,
133573343,brigada pesada,,
133588320,ejecutado,,
133571645,canasta,,
133578634,ejecutado,,
133178145,ejecutado,,
133131067,ejecutado,,
133490634,ejecutado,,
133407065,ejecutado,,
133404187,ejecutado,,
133588856,brigada pesada,,
133580027,brigada pesada,,
133589083,ejecutado,,
133573986,brigada pesada,,
133497539,ejecutado,,
133403210,ejecutado,,
133489273,ejecutado,,
133660341,ejecutado,,
133590380,brigada pesada,,
133481240,brigada pesada,,
133591478,brigada pesada,10/7/2025,
133671941,brigada pesada,,
133644378,canasta,,
133671266,ejecutado,,
133657879,brigada pesada,,
133671901,ejecutado,,
133658773,canasta,,
133668824,ejecutado,,
133672221,canasta,,
133665240,canasta,,
133672147,ejecutado,,
133661753,brigada pesada,,
133570682,brigada pesada,,
133570919,brigada pesada,,
133660548,canasta,,
133571413,brigada pesada,,
133666186,ejecutado,,
133660936,ejecutado,,
133664189,ejecutado,,
133622542,brigada pesada,,
133662032,ejecutado,,
133671946,brigada pesada,,
133672002,ejecutado,,
133671883,ejecutado,,
133657467,ejecutado,,
133656745,ejecutado,,
133671670,ejecutado,,
133624376,brigada pesada,,
133658793,ejecutado,,
132865545,no pertenece,,
133493121,no pertenece,,
133669127,brigada pesada,,
133672923,ejecutado,,
133737212,canasta,,
133673249,ejecutado,11/7/2025,
133752649,especial,,
133749244,brigada pesada,,
133735840,ejecutado,,
133735814,brigada pesada,,
133657302,ejecutado,,
133751418,canasta,,
133671952,ejecutado,,
133737902,ejecutado,,
133737674,ejecutado,,
133659306,brigada pesada,,
133591580,ejecutado,,
133752329,ejecutado,,
133772118,ejecutado,,
133744156,canasta,,
133743611,ejecutado,,
133741520,ejecutado,,
133116768,canasta,,
133751428,canasta,,
133572822,ejecutado,,
133663967,ejecutado,,
133477599,ejecutado,,
133737042,canasta,,
133737737,ejecutado,,
133749841,ejecutado,,
133752607,canasta,,
133131161,canasta,,
133780394,canasta,,
133795794,canasta,,
133798927,brigada pesada,12/7/2025,
133752468,ejecutado,,
133789629,ejecutado,,
133798446,ejecutado,,
133779425,ejecutado,,
133737609,brigada pesada,,
133797105,ejecutado,,
133798427,ejecutado,,
133498092,ejecutado,,
133661349,ejecutado,,
133735707,ejecutado,,
133784164,ejecutado,,
133773609,brigada pesada,,
133799931,canasta,,
133748720,ejecutado,,
133738062,ejecutado,,
133749688,ejecutado,,
133772265,ejecutado,,
133749114,ejecutado,,
133571412,ejecutado,,
133498854,ejecutado,,
133773613,ejecutado,,
133798355,ejecutado,,
133798721,especial,,
133798444,ejecutado,,
129970566,no pertenece,,
133810057,no pertenece,,
133780830,canasta,,
133894414,brigada pesada,,
13311363,ejecutado,,
133803565,canasta,,
133806554,canasta,,
133893595,brigada pesada,,
133775948,ejecutado,,
133800020,canasta,,
133895212,brigada pesada,,
133672872,brigada pesada,,
133893623,ejecutado,,
133811037,ejecutado,,
133665348,ejecutado,,
133810539,especial,,
133810396,brigada pesada,,
133790548,ejecutado,,
133804001,ejecutado,,
133667562,ejecutado,,
133810901,ejecutado,,
133895908,ejecutado,,
133775574,ejecutado,,
133894559,brigada pesada,,
133801955,ejecutado,,
133893534,ejecutado,,
133772119,ejecutado,,
133774159,ejecutado,,
133810766,canasta,,
133808933,ejecutado,,
133894948,ejecutado,,
133804715,ejecutado,,
133478179,ejecutado,,
133785546,ejecutado,,
133794627,ejecutado,,
133808396,brigada pesada,,
133778718,brigada pesada,,
133776061,brigada pesada,,
133895183,brigada pesada,,
133976287,canasta,,
133983584,canasta,,
134047405,canasta,,
133980159,canasta,,
133981311,ejecutado,15/7/2025,
133975406,brigada pesada,,
133976268,ejecutado,,
133970850,brigada pesada,,
133582120,brigada pesada,,
133967653,brigada pesada,,
133982348,ejecutado,,
133980618,ejecutado,,
134048670,ejecutado,,
133981499,ejecutado,,
134048610,ejecutado,,
133974578,canasta,,
133963125,brigada pesada,,
131839722,canasta,,
133806961,ejecutado,,
133981292,brigada pesada,,
133896948,brigada pesada,,
133985614,brigada pesada,,
133572293,ejecutado,,
133974686,brigada pesada,,
133979104,brigada pesada,,
133974898,brigada pesada,,
133897560,ejecutado,,
133970827,brigada pesada,,
134047317,ejecutado,,
133966618,brigada pesada,,
133966549,brigada pesada,,
133897468,canasta,,
133783904,brigada pesada,,
133983743,brigada pesada,,
134092041,canasta,,
134084092,ejecutado,,
134098378,brigada pesada,,
134086607,canasta,,
134084846,brigada pesada,,
134073308,ejecutado,,
134099893,brigada pesada,,
134092739,ejecutado,,
134099712,ejecutado,,
134077649,brigada pesada,,
134094511,ejecutado,,
134076436,canasta,,
134091995,brigada pesada,,
133984741,ejecutado,,
134085621,ejecutado,,
134096385,ejecutado,,
133966818,brigada pesada,,
133971134,brigada pesada,,
134072688,brigada pesada,,
134098578,brigada pesada,,
134096149,brigada pesada,,
134091640,ejecutado,,
133273634,especial,,
133079921,brigada pesada,,
134136955,ejecutado,,
134092980,brigada pesada,,
134082550,caso Marrugo,,
133893580,ejecutado,,
134184741,brigada pesada,,
134092901,brigada pesada,,
134185964,ejecutado,,
134196915,canasta,,
134192241,brigada pesada,,
134194287,brigada pesada,17/7/2025,
134203359,ejecutado,,
134269505,brigada pesada,,
134282248,brigada pesada,,
134210646,brigada pesada,,
134283575,canasta,,
134213554,especial,,
133965976,canasta,,
134205916,ejecutado,,
134196911,ejecutado,,
134202252,ejecutado,,
134193145,ejecutado,,
134193214,brigada pesada,,
134087041,ejecutado,,
134212342,brigada pesada,,
134198456,brigada pesada,,
133476303,ejecutado,,
133772279,ejecutado,,
133970722,ejecutado,,
134212751,ejecutado,,
134211936,primaria,,
134311466,ejecutado,,
134334780,ejecutado,,
133786106,ejecutado,,
134198151,ejecutado,,
134312033,brigada pesada,,
134282021,canasta,,
134321178,brigada pesada,,
134319563,brigada pesada,,
134306649,ejecutado,,
134306639,brigada pesada,,
134311127,especial,,
134331016,canasta,,
134331006,ejecutado,,
134330266,ejecutado,,
134420703,brigada pesada,,
134200528,canasta,,
134315059,ejecutado,,
134404570,brigada pesada,,
134310723,ejecutado,,
134048681,ejecutado,,
134312907,ejecutado,,
134402092,ejecutado,,
133500101,ejecutado,,
133671950,ejecutado,,
134324243,ejecutado,,
134191970,ejecutado,,
133590666,ejecutado,,
133964857,ejecutado,,
133964535,ejecutado,,
134420655,ejecutado,,
134442625,brigada pesada,,
133963169,ejecutado,,
134448049,ejecutado,,
134439836,brigada pesada,,
134442368,ejecutado,,
134451344,brigada pesada,19/7/2025,
134313651,ejecutado,,
134439344,brigada pesada,,
134445889,brigada pesada,,
134424210,brigada pesada,,
134451921,ejecutado,,
134185852,primaria,,
134448046,brigada pesada,,
134433547,ejecutado,,
134447105,ejecutado,,
134454452,ejecutado,,
134442729,ejecutado,,
134312438,ejecutado,,
134402658,brigada pesada,,
134430931,canasta,,
134328090,brigada pesada,,
134444317,brigada pesada,,
134422627,ejecutado,,
134444318,ejecutado,,
134447655,brigada pesada,,
134431907,brigada pesada,,
134474276,brigada pesada,,
134457516,brigada pesada,,
134467361,ejecutado,,
134463549,ejecutado,20/7/2025,
134475038,canasta,,
134475082,brigada pesada,,
134464928,ejecutado,,
134454602,canasta,,
134459992,especial,,
134475148,brigada pesada,,
134464629,brigada pesada,,
134473768,brigada pesada,,
134474582,ejecutado,,
134468021,ejecutado,,
134431304,canasta,,
134403011,canasta,,
134466917,canasta,,
134464895,brigada pesada,,
133040092,especial,,
134574218,canasta,,
134439234,no pertenece,21/7/2025,
134570684,brigada pesada,,
134573646,canasta,,
134323225,canasta,,
134333357,ejecutado,,
134575608,brigada pesada,,
134443808,canasta,,
133380831,ejecutado,,
134473643,ejecutado,,
134445361,ejecutado,,
134091046,ejecutado,,
134575710,ejecutado,,
134469353,canasta,,
134570531,especial,,
134576060,ejecutado,,
134571625,ejecutado,,
134463500,ejecutado,,
134571191,ejecutado,,
134570847,canasta,,
134465634,ejecutado,,
134200669,ejecutado,,
134586796,ejecutado,,
130616291,brigada pesada,,
134570878,ejecutado,,
134575256,ejecutado,,
134470370,brigada pesada,,
134475295,ejecutado,,
134475375,ejecutado,,
134459763,ejecutado,,
134312460,ejecutado,,
134073428,ejecutado,,
133778824,ejecutado,,
134326473,ejecutado,,
134403014,ejecutado,,
133138842,ejecutado,,
134577220,ejecutado,,
134576978,ejecutado,,
134072233,ejecutado,,
134661413,brigada pesada,,
134656732,ejecutado,,
134668887,brigada pesada,,
134583767,brigada pesada,22/7/2025,
134667102,ejecutado,,
134669532,brigada pesada,,
133672821,ejecutado,,
134305013,ejecutado,,
134669781,ejecutado,,
134657027,especial,,
134665263,brigada pesada,,
134580865,ejecutado,,
134670329,brigada pesada,,
133779402,ejecutado,,
133798449,ejecutado,,
134433813,ejecutado,,
134656870,ejecutado,,
134662504,ejecutado,,
134577154,brigada pesada,,
134194981,canasta,,
134588629,brigada pesada,,
134669424,ejecutado,,
134653426,brigada pesada,,
134689996,ejecutado,,
134667627,brigada pesada,,
134097446,ejecutado,,
133586281,ejecutado,,
134659216,ejecutado,,
134578257,brigada pesada,,
134749749,ejecutado,,
134665983,ejecutado,,
134752036,ejecutado,,
133980381,ejecutado,,
134658361,ejecutado,,
134567550,ejecutado,,
134446291,ejecutado,,
134761814,brigada pesada,,
134586788,brigada pesada,,
134768607,brigada pesada,,
134758610,brigada pesada,,
134447367,especial,23/7/2025,
134693627,ejecutado,,
134765255,ejecutado,,
134323949,brigada pesada,,
134325070,brigada pesada,,
134748213,ejecutado,,
134575784,ejecutado,,
134657965,ejecutado,,
134694082,ejecutado,,
134657166,ejecutado,,
134761641,ejecutado,,
134771754,brigada pesada,,
134756416,ejecutado,,
133744155,ejecutado,,
133896135,ejecutado,,
133794633,ejecutado,,
134771717,ejecutado,,
134571099,ejecutado,,
134693960,ejecutado,,
134763721,brigada pesada,,
134402115,canasta,,
134318937,ejecutado,,
133622641,canasta,,
134656730,ejecutado,,
134587689,ejecutado,,
134432546,ejecutado,,
133801315,ejecutado,,
134749501,brigada pesada,,
134667514,canasta,,
134582965,canasta,,
134752988,ejecutado,,
134444857,ejecutado,,
134664255,canasta,,
134846066,ejecutado,,
134866008,ejecutado,,
133772162,ejecutado,,
134868587,brigada pesada,,
134771270,ejecutado,24/7/2025,
134840158,ejecutado,,
132975381,canasta y pesada,,
134872343,ejecutado,,
134837655,canasta,,
134771985,brigada pesada,,
134472968,ejecutado,,
134832731,brigada pesada,,
134873390,ejecutado,,
133967400,ejecutado,,
134865606,ejecutado,,
134869586,canasta,,
134873117,ejecutado,,
134873750,brigada pesada,,
134849836,ejecutado,,
134960623,ejecutado,,
134865614,brigada pesada,,
134771424,brigada pesada,,
134837665,ejecutado,,
134966977,brigada pesada,,
134073326,ejecutado,,
134955186,brigada pesada,,
134896119,brigada pesada,,
134872934,ejecutado,,
134578351,ejecutado,,
134874601,ejecutado,,
134896071,brigada pesada,,
134965236,canasta,,
134967132,ejecutado,,
134083843,ejecutado,,
134957810,ejecutado,,
134858764,ejecutado,,
134774460,ejecutado,,
134474868,ejecutado,,
134316243,ejecutado,,
134870744,ejecutado,,
134832863,brigada pesada,,
134975458,ejecutado,,
134988572,brigada pesada,,
134575396,ejecutado,,
134964892,brigada pesada,,
134977446,ejecutado,,
134871091,ejecutado,,
134662601,ejecutado,,
134963160,ejecutado,,
134967080,brigada pesada,,
134975385,brigada pesada,,
134872158,ejecutado,,
134977750,brigada pesada,,
134973496,canasta,,
134968178,brigada pesada,,
134965162,especial,,
134958262,brigada pesada,,
134970200,ejecutado,,
134961822,brigada pesada,,
135075223,ejecutado,,
134861719,ejecutado,,
134866424,ejecutado,,
134191662,ejecutado,,
134832739,ejecutado,,
134999801,ejecutado,,
134956186,brigada pesada,,
135068752,ejecutado,,
135088807,ejecutado,,
135112133,brigada pesada,,
134963409,ejecutado,,
133561210,canasta,,
135074903,brigada pesada,,
135081819,ejecutado,,
134965698,brigada pesada,,
135087332,brigada pesada,,
135083767,brigada pesada,,
135087637,brigada pesada,,
134332503,ejecutado,,
135079090,ejecutado,,
135084223,ejecutado,,
134585031,ejecutado,,
135112264,ejecutado,,
135069009,brigada pesada,,
135086709,ejecutado,,
135069250,canasta,,
134868771,canasta,,
135001753,ejecutado,,
135065362,canasta,,
134467099,ejecutado,28/7/2025,
134466909,ejecutado,,
135073768,brigada pesada,,
134750790,brigada pesada,,
135144014,brigada pesada,,
134195799,brigada pesada,,
135133483,brigada pesada,,
134198719,canasta y especial,,
134971706,ejecutado,,
134867816,ejecutado,,
134461927,ejecutado,,
135142072,ejecutado,,
135141003,ejecutado,,
135127253,brigada pesada,,
135116056,ejecutado,,
135140282,ejecutado,,
134955445,canasta,,
134326557,canasta,,
135126653,ejecutado,,
135135196,canasta,,
135132123,ejecutado,,
135070026,ejecutado,,
134999783,brigada pesada,,
135143946,brigada pesada,,
135145592,ejecutado,,
135117985,brigada pesada,,
135116829,ejecutado,,
135132741,canasta,,
134663041,especial,,
134969630,brigada pesada,,
135142703,ejecutado,,
134768458,ejecutado,,
134973069,canasta,,
135075829,ejecutado,,
135080571,ejecutado,,
135065472,canasta y pesada,,
135065760,canasta y pesada,,
134867409,ejecutado,,
135169979,ejecutado,,
135151244,canasta,,
135172370,ejecutado,,
135163161,ejecutado,29/7/2025,
13518183,ejecutado,,
135153555,brigada pesada,,
135168628,ejecutado,,
135170340,ejecutado,,
135162257,brigada pesada,,
135172972,canasta,,
135154518,ejecutado,,
135154242,ejecutado,,
135134246,ejecutado,,
135073292,ejecutado,,
134403640,ejecutado,,
135165664,brigada pesada,,
135143508,ejecutado,,
134967982,ejecutado,,
135062389,ejecutado,,
134964052,ejecutado,,
135153825,brigada pesada,,
135173203,ejecutado,,
135144674,ejecutado,,
134668095,ejecutado,,
135170640,ejecutado,,
13519574,canasta,,
135136196,ejecutado,,
135171535,ejecutado,,
135166893,ejecutado,,
135080397,ejecutado,,
135129090,ejecutado,,
135149592,ejecutado,,
135239412,canasta,,
135165501,ejecutado,,
135156178,canasta,,
135159574,canasta,,
135259029,ejecutado,,
135262827,ejecutado,,
135266811,ejecutado,,
135265119,ejecutado,30/7/2025,
135242033,ejecutado,,
134869807,ejecutado,,
134474206,ejecutado,,
135264778,ejecutado,,
135157422,ejecutado,,
135264098,ejecutado,,
135002464,ejecutado,,
135258612,canasta,,
135239452,ejecutado,,
135236503,canasta,,
135255133,ejecutado,,
135299601,ejecutado,,
135309430,ejecutado,,
135258210,ejecutado,,
135256541,canasta,,
135310767,ejecutado,,
134475201,ejecutado,,
134752335,ejecutado,,
135245441,canasta,,
135079083,canasta,,
135079413,canasta,,
135297696,canasta,31/7/2025,
135296485,ejecutado,,
135315326,ejecutado,,
135311450,ejecutado,,
135171596,ejecutado,,
135246744,ejecutado,,
135268112,ejecutado,,
135308123,ejecutado,,
135314615,brigada pesada,,
135140443,ejecutado,,
135327325,brigada pesada,,
135315817,canasta,,
135264640,ejecutado,,
135302958,ejecutado,,
135302951,ejecutado,,
135166364,ejecutado,,
135301256,ejecutado,,
135304172,ejecutado,,
135318873,ejecutado,,
134190681,brigada pesada,,
135363267,ejecutado,,
135363153,ejecutado,,
135363046,ejecutado,,
135362938,ejecutado,,
135362856,ejecutado,,
135362653,ejecutado,,
135300161,ejecutado,,
135308338,brigada pesada,,
135317824,ejecutado,,
135171361,ejecutado,,
135268064,ejecutado,,
135328558,ejecutado,,
135310799,especial,,
135327248,ejecutado,,
135325677,brigada pesada,,
135309635,canasta,,
135325084,brigada pesada,,
135153712,ejecutado,,
135250726,ejecutado,,
135357027,ejecutado,,
135356361,ejecutado,,
135258395,ejecutado,,
135251504,canasta,,
135368068,ejecutado,,
135377139,ejecutado,,
135387101,ejecutado,,
135370080,ejecutado,1/8/2025,
135394479,ejecutado,,
135308426,ejecutado,,
135359402,ejecutado,,
135328532,ejecutado,,
136358218,brigada pesada,,
135370033,brigada pesada,,
135353708,brigada pesada,,
135370027,ejecutado,,
135374778,brigada pesada,,
135384174,ejecutado,,
135388734,ejecutado,,
135357872,ejecutado,,
135164720,canasta,,
135402865,ejecutado,,
135321925,ejecutado,,
135399535,ejecutado,,
135360852,ejecutado,,
135410871,canasta,,
135398826,especial,,
135359331,ejecutado,,
135152712,canasta,,
135421194,canasta,,
135418534,ejecutado,,
135412114,ejecutado,2/8/2025,
135413028,brigada pesada,,
135385039,ejecutado,,
135412063,brigada pesada,,
135385143,brigada pesada,,
135416461,ejecutado,,
135395240,brigada pesada,,
135425088,canasta,,
135412406,ejecutado,,
135395098,ejecutado,,
135422279,ejecutado,,
135420989,canasta,,
135380384,ejecutado,,
135375651,ejecutado,,
135376649,ejecutado,,
135371905,ejecutado,,
135376153,ejecutado,,
135412334,ejecutado,,
135370939,brigada pesada,,
135406132,ejecutado,,
135423287,ejecutado,,
135164199,ejecutado,,
135439001,ejecutado,,
134972656,ejecutado,,
135455751,canasta,,
135444167,ejecutado,,
135530370,ejecutado,,
135454596,ejecutado,,
135452345,ejecutado,4/8/2025,
135405977,ejecutado,,
135447522,ejecutado,,
135457666,ejecutado,,
135452032,canasta,,
135451889,ejecutado,,
135377629,ejecutado,,
135527795,ejecutado,,
135531933,brigada pesada,,
135530445,canasta,,
135446601,ejecutado,,
135529270,ejecutado,,
135526075,ejecutado,,
135457255,brigada pesada,,
135446043,ejecutado,,
135527387,brigada pesada,,
135454086,ejecutado,,
135443407,brigada pesada,,
135526416,ejecutado,,
135447920,ejecutado,,
135439934,brigada pesada,,
135533005,ejecutado,,
135533772,ejecutado,,
135532095,ejecutado,,
135453934,ejecutado,,
135443715,canasta,,
135452029,ejecutado,,
135408064,ejecutado,,
135451021,canasta,,
135401651,ejecutado,,
135527136,ejecutado,,
135529155,ejecutado,,
135386255,ejecutado,,
135624868,brigada pesada,,
135606554,ejecutado,,
135625758,ejecutado,,
135625448,ejecutado,5/8/2025,
135369685,ejecutado,,
135457618,ejecutado,,
135610641,ejecutado,,
135616952,brigada pesada,,
135533094,ejecutado,,
135618131,ejecutado,,
135624910,ejecutado,,
135601688,ejecutado,,
135625730,ejecutado,,
135610907,ejecutado,,
135454754,ejecutado,,
135349959,ejecutado,,
135529835,ejecutado,,
135625948,ejecutado,,
135606249,ejecutado,,
135620043,brigada pesada,,
135621079,ejecutado,,
135532549,ejecutado,,
135610656,ejecutado,,
135594730,ejecutado,,
135614253,ejecutado,,
135444317,ejecutado,,
135624053,ejecutado,,
135417269,ejecutado,,
135601096,ejecutado,,
135625625,ejecutado,,
135614372,ejecutado,,
135614731,canasta,,
135599097,canasta,,
135615895,canasta,,
135367054,ejecutado,,
135458104,ejecutado,,
135615423,ejecutado,,
135616139,ejecutado,,
135625786,ejecutado,,
135626691,brigada pesada,,
135607741,ejecutado,,
135629267,ejecutado,,
135609900,ejecutado,,
129591854,no permite normalización,,
135699566,ejecutado,,
135722633,brigada pesada,,
135719240,canasta,,
135705624,canasta,6/8/2025,
135720041,ejecutado,,
135443599,ejecutado,,
135457448,ejecutado,,
135718169,canasta,,
135456387,ejecutado,,
135718797,ejecutado,,
135610649,ejecutado,,
135722440,ejecutado,,
135704119,ejecutado,,
135610865,ejecutado,,
135710907,ejecutado,,
135628575,ejecutado,,
135628541,ejecutado,,
135618129,brigada pesada,,
135720818,ejecutado,,
135625070,ejecutado,,
135610937,ejecutado,,
135716607,canasta,,
135717043,canasta,,
135526403,ejecutado,,
135711672,brigada pesada,,
135715547,brigada pesada,,
135695985,canasta,,
135719951,canasta,,
135701410,ejecutado,,
135721489,ejecutado,,
135620794,ejecutado,,
135628555,ejecutado,,
135722065,ejecutado,,
135628850,ejecutado,,
135724051,ejecutado,,
135628532,ejecutado,,
135531681,ejecutado,,
135447933,ejecutado,,
135612246,ejecutado,,
135627351,ejecutado,,
135810301,canasta,,
135815708,ejecutado,,
135819731,brigada pesada,,
135815506,ejecutado,8/8/2025,
135823129,canasta,,
135819771,ejecutado,,
135816130,ejecutado,,
135710544,ejecutado,,
135808142,ejecutado,,
135803774,ejecutado,,
135805299,ejecutado,,
135816867,ejecutado,,
135626464,ejecutado,,
135795400,ejecutado,,
135818946,ejecutado,,
135823412,especial,,
135795992,brigada pesada,,
135820813,canasta,,
135814608,ejecutado,,
135815560,ejecutado,,
135723270,ejecutado,,
135816317,canasta,,
135821965,ejecutado,,
135812321,ejecutado,,
135803775,ejecutado,,
135813759,ejecutado,,
135610639,ejecutado,,
135620576,ejecutado,,
135597000,ejecutado,,
135821608,canasta,,
135795287,canasta,,
135712639,canasta,,
135903675,brigada pesada,,
135822402,brigada pesada,,
135702941,ejecutado,,
135803393,brigada pesada,,
135822716,ejecutado,,
135529675,no pertence,,
135820364,especial,,
135796324,ejecutado,,
135800659,ejecutado,,
135798270,canasta,,
135813645,canasta,,
135809397,ejecutado,,
135813362,brigada pesada,,
135818882,canasta,,
135822574,ejecutado,,
135796820,ejecutado,,
135794674,ejecutado,,
135819446,ejecutado,,
135804216,brigada pesada,,
135821651,ejecutado,,
135822103,ejecutado,,
135812186,ejecutado,,
135532010,ejecutado,,
135797550,brigada pesada,,
135822422,ejecutado,,
135708053,ejecutado,,
135709160,ejecutado,,
135812936,brigada pesada,,
135629991,ejecutado,,
135716410,ejecutado,,
135715891,ejecutado,,
135813017,especial,,
135835779,canasta,,
135849173,brigada pesada,,
135848141,ejecutado,9/8/2025,
135848466,ejecutado,,
135842698,especial,,
135835306,brigada pesada,,
135842393,ejecutado,,
135832930,ejecutado,,
135832761,ejecutado,,
135848298,ejecutado,,
135835280,ejecutado,,
135846475,ejecutado,,
135832652,canasta,,
135823324,ejecutado,,
135836165,ejecutado,,
135847609,brigada pesada,,
135817692,ejecutado,,
135839475,ejecutado,,
135813654,canasta,,
135843344,canasta,,
135826958,ejecutado,,
135817483,ejecutado,,
135849891,ejecutado,,
135532548,ejecutado,,
135704948,ejecutado,,
135837147,ejecutado,,
135837121,ejecutado,,
135798907,ejecutado,,
135823311,ejecutado,,
135827067,ejecutado,,
135847612,ejecutado,,
135800094,ejecutado,,
135813250,ejecutado,,
135831289,ejecutado,,
135848006,ejecutado,,
135820936,canasta,,
135803675,brigada pesada,,
135859496,canasta,,
135843389,brigada pesada,,
135923314,ejecutado,,
135858686,ejecutado,,
135809236,ejecutado,11/8/2025,
135853328,ejecutado,,
135834367,ejecutado,,
135922964,ejecutado,,
135858826,ejecutado,,
135858960,ejecutado,,
135856944,ejecutado,,
135921379,ejecutado,,
135814308,ejecutado,,
135921372,ejecutado,,
135851409,brigada pesada,,
135720940,ejecutado,,
135922556,ejecutado,,
135923426,brigada pesada,,
135798995,ejecutado,,
135922780,ejecutado,,
135921468,canasta,,
135921929,brigada pesada,,
135923280,ejecutado,,
135858288,brigada pesada,,
135922858,ejecutado,,
135922798,ejecutado,,
135859407,ejecutado,,
135815014,ejecutado,,
135841983,ejecutado,,
135856416,ejecutado,,
135851112,brigada pesada,,
135822359,ejecutado,,
135830975,ejecutado,,
135853164,brigada pesada,,
135796876,ejecutado,,
135815669,ejecutado,,
135849013,ejecutado,,
135798260,ejecutado,,
135846265,ejecutado,,
135836609,ejecutado,,
135921790,ejecutado,,
135921665,ejecutado,,
135818728,ejecutado,,
135708642,ejecutado,,
135858662,ejecutado,,
135850555,ejecutado,,
135922387,ejecutado,,
135840577,ejecutado,,
135798198,ejecutado,,
135852993,brigada pesada,,
135840931,ejecutado,,
135924098,especial,,
135858459,ejecutado,,
135823354,ejecutado,,
135859635,ejecutado,,
135802156,ejecutado,,
136004340,ejecutado,,
135924232,ejecutado,,
135403588,canasta,,
136004428,brigada pesada,12/8/2025,
136004108,brigada pesada,,
135815282,ejecutado,,
135725055,ejecutado,,
135995493,ejecutado,,
135995287,ejecutado,,
135987110,canasta,,
134865032,ejecutado,,
135166550,canasta,,
135165842,canasta,,
136002403,ejecutado,,
135796069,ejecutado,,
135997898,ejecutado,,
135989814,canasta,,
135826853,brigada pesada,,
135843172,ejecutado,,
135852038,ejecutado,,
135923601,ejecutado,,
135856792,brigada pesada,,
135824569,ejecutado,,
135924386,ejecutado,,
136004332,ejecutado,,
135858642,ejecutado,,
135924171,ejecutado,,
135988537,canasta,,
135991901,ejecutado,,
136003922,especial,,
135819013,ejecutado,,
135837479,brigada pesada,,
135837466,brigada pesada,,
135999012,ejecutado,,
135798760,ejecutado,,
135993966,ejecutado,,
136001693,ejecutado,,
134085170,brigada pesada,,
136004669,canasta,,
135923389,ejecutado,,
136004407,ejecutado,,
136069533,ejecutado,,
136069520,ejecutado,,
136069422,ejecutado,,
135987782,ejecutado,,
136070225,ejecutado,,
136106364,ejecutado,,
136099299,ejecutado,,
136101874,brigada pesada,13/8/2025,
136100787,ejecutado,,
136107393,ejecutado,,
136096512,ejecutado,,
135924191,ejecutado,,
136092995,ejecutado,,
136098594,ejecutado,,
136104678,canasta,,
136072236,ejecutado,,
136092678,ejecutado,,
136006536,ejecutado,,
136102616,brigada pesada,,
135990439,canasta,,
136103271,brigada pesada,,
136004690,ejecutado,,
135924590,ejecutado,,
135993567,ejecutado,,
136106436,ejecutado,,
136100607,ejecutado,,
136096608,ejecutado,,
135999673,canasta,,
136005756,canasta,,
136076715,ejecutado,,
136003991,ejecutado,,
136106363,ejecutado,,
135991298,ejecutado,,
136078317,ejecutado,,
136191978,ejecutado,,
136005935,ejecutado,,
136196377,ejecutado,,
136086020,ejecutado,,
136192071,ejecutado,,
136217263,ejecutado,,
136205939,brigada pesada,14/8/2025,
136212969,brigada pesada,,
136069649,ejecutado,,
136206794,ejecutado,,
136099921,ejecutado,,
135987973,ejecutado,,
136197985,ejecutado,,
136210537,canasta,,
136006011,ejecutado,,
136214513,brigada pesada,,
136125305,canasta,,
136214373,ejecutado,,
136125832,ejecutado,,
136207926,canasta,,
136074257,ejecutado,,
136102888,ejecutado,,
136103915,ejecutado,,
136127565,ejecutado,,
136200624,ejecutado,,
136195608,ejecutado,,
136210572,ejecutado,,
136210915,ejecutado,,
136221710,brigada pesada,,
136105882,ejecutado,,
135818185,brigada pesada,,
136197993,ejecutado,,
136223058,ejecutado,,
136224685,brigada pesada,,
136103029,ejecutado,,
136192073,ejecutado,,
134971944,brigada pesada,,
136333314,brigada pesada,,
136206328,brigada pesada,,
136325316,brigada pesada,,
136217520,brigada pesada,15/8/2025,
136335533,brigada pesada,,
136075319,ejecutado,,
135999361,ejecutado,,
136334893,ejecutado,,
136247758,especial,,
136105553,ejecutado,,
136217260,ejecutado,,
136336679,ejecutado,,
136314948,ejecutado,,
136337146,ejecutado,,
136219095,ejecutado,,
136327505,ejecutado,,
136336343,ejecutado,,
136317310,brigada pesada,,
136328183,brigada pesada,,
136336308,especial,,
135999735,no permite revisión,,
136331273,brigada pesada,,
136320042,brigada pesada,,
136335960,ejecutado,,
136319725,brigada pesada,,
136309640,brigada pesada,,
135859029,ejecutado,,
136247759,ejecutado,,
135921431,ejecutado,,
136329548,ejecutado,,
136330549,brigada pesada,,
135829090,no permite revisión,,
136004489,ejecutado,,
135921357,ejecutado,,
136436455,ejecutado,,
136332042,brigada pesada,,
136431979,brigada pesada,,
136453911,especial,,
136454687,canasta,16/8/2025,
136454396,brigada pesada,,
136247470,brigada pesada,,
136453700,brigada pesada,,
136453982,brigada pesada,,
136441351,especial,,
136454252,canasta,,
136364325,ejecutado,,
136453548,ejecutado,,
136453165,ejecutado,,
136452382,ejecutado,,
136452257,ejecutado,,
136447910,ejecutado,,
136126140,ejecutado,,
136449567,canasta,,
136449782,canasta,,
136364453,brigada pesada,,
136451257,ejecutado,,
136449207,canasta,,
136442783,brigada pesada,,
136105287,ejecutado,,
136446418,brigada pesada,,
136503574,ejecutado,,
136507382,ejecutado,,
136457608,ejecutado,19/8/2025,
136443099,brigada pesada,,
136504264,ejecutado,,
136501944,ejecutado,,
136473260,ejecutado,,
136469645,canasta,,
136334762,ejecutado,,
136211102,ejecutado,,
136442391,ejecutado,,
136471228,ejecutado,,
135999675,canasta,,
136460203,canasta,,
136247358,ejecutado,,
136319658,ejecutado,,
136337071,ejecutado,,
136106700,ejecutado,,
136310129,ejecutado,,
136099928,ejecutado,,
136577682,ejecutado,,
136506770,ejecutado,,
136456999,ejecutado,,
136507428,brigada pesada,,
135999681,canasta,,
136578769,ejecutado,,
136460957,canasta,,
136507643,ejecutado,,
136465600,ejecutado,,
136505903,brigada pesada,,
136471401,brigada pesada,,
136507772,ejecutado,,
136206844,canasta,,
135168380,cliente no permite intervencion,,
135168379,cliente no permite intervencion,,
135168381,cliente no permite intervencion,,
136473780,ejecutado,,
136429863,ejecutado,,
136209252,ejecutado,,
136507734,ejecutado,,
136507834,brigada pesada,,
136473493,ejecutado,,
136578572,ejecutado,,
136577959,ejecutado,,
136508016,canasta,,
136473434,ejecutado,,
136452571,ejecutado,,
136312651,ejecutado,,
136507421,ejecutado,,
136581493,ejecutado,,
136576683,brigada pesada,,
136477573,ejecutado,,
136476359,ejecutado,,
136437640,ejecutado,,
136575633,canasta,,
136440965,ejecutado,,
136247293,ejecutado,,
136445081,ejecutado,,
136335408,ejecutado,,
136578457,ejecutado,,
136006349,ejecutado,,
136506932,ejecutado,,
136577366,ejecutado,,
136507475,canasta,,
136473150,especial,,
136584226,canasta,,
136580982,especial,,
136577697,brigada pesada,,
136658417,ejecutado,,
136669873,canasta,,
136683720,ejecutado,20/8/2025,
136678778,ejecutado,,
136577377,canasta,,
136473247,ejecutado,,
136433475,ejecutado,,
136672390,ejecutado,,
136665409,canasta,,
136577270,ejecutado,,
136501447,ejecutado,,
136579050,ejecutado,,
136463788,ejecutado,,
136475991,ejecutado,,
136669533,brigada pesada,,
136656763,ejecutado,,
136683477,ejecutado,,
136669583,ejecutado,,
136506896,ejecutado,,
136683328,ejecutado,,
136656064,brigada pesada,,
136583518,canasta,,
136479106,ejecutado,,
136506228,ejecutado,,
136502035,ejecutado,,
136660109,ejecutado,,
136126809,ejecutado,,
136206444,ejecutado,,
136453987,ejecutado,,
136676402,brigada pesada,,
136670572,brigada pesada,,
136793683,ejecutado,,
136247854,ejecutado,,
136507797,ejecutado,,
136504119,ejecutado,,
136440829,ejecutado,,
136705616,ejecutado,,
136659102,brigada pesada,,
136201838,ejecutado,,
136072523,ejecutado,,
136791250,ejecutado,,
136796054,ejecutado,,
136790714,canasta,,
136706432,ejecutado,21/8/2025,
136585598,ejecutado,,
136795434,canasta,,
136793182,canasta,,
136787803,brigada pesada,,
136808831,brigada pesada,,
136684290,ejecutado,,
136670410,ejecutado,,
136680909,canasta,,
136808065,canasta,,
136801843,ejecutado,,
136804969,ejecutado,,
136799674,ejecutado,,
136800447,ejecutado,,
136787797,canasta,,
136702523,brigada pesada,,
136800426,ejecutado,,
136796895,ejecutado,,
136789357,ejecutado,,
136099243,ejecutado,,
136435319,ejecutado,,
136662059,ejecutado,,
136683719,ejecutado,,
136459832,ejecutado,,
136803268,brigada pesada,,
136798669,ejecutado,,
136786193,brigada pesada,,
136803023,ejecutado,,
136793847,especial,,
136794428,brigada pesada,,
136808287,ejecutado,,
136808604,ejecutado,,
136808106,brigada pesada,,
136903960,ejecutado,,
136904850,ejecutado,,
136904749,ejecutado,,
136900358,ejecutado,,
136198880,ejecutado,,
136904230,brigada pesada,,
136794552,brigada pesada,,
136335931,ejecutado,,
136217585,ejecutado,,
136916920,brigada pesada,,
136923964,ejecutado,22/8/2025,
136912476,canasta,,
136901109,brigada pesada,,
136932857,canasta,,
134664853,canasta,,
136940977,brigada pesada,,
136899251,ejecutado,,
136900517,brigada pesada,,
136894660,brigada pesada,,
135158106,canasta,,
136654851,ejecutado,,
136803256,ejecutado,,
136904977,ejecutado,,
136802023,ejecutado,,
136795046,ejecutado,,
135921506,brigada pesada,,
135999677,canasta,,
136897892,canasta,,
136919234,ejecutado,,
136911113,canasta,,
132865092,canasta,,
136789912,brigada pesada,,
136807869,brigada pesada,,
136705870,ejecutado,,
136794240,ejecutado,,
136671819,ejecutado,,
136897808,brigada pesada,,
136916925,canasta,,
136909859,canasta,,
136910271,ejecutado,,
136331385,brigada pesada,,
136902758,brigada pesada,,
136896908,ejecutado,,
136942518,brigada pesada,,
136923620,brigada pesada,,
136923868,brigada pesada,,
136916909,canasta,,
136925505,ejecutado,,
136923549,canasta,,
136944105,ejecutado,,
137024479,ejecutado,,
137009252,canasta,,
137011252,ejecutado,23/8/2025,
137010825,ejecutado,,
137019225,especial,,
137006069,brigada pesada,,
137020312,canasta,,
136999059,brigada pesada,,
137014856,ejecutado,,
137023865,brigada pesada,,
136944415,brigada pesada,,
137008443,brigada pesada,,
136944496,brigada pesada,,
136471092,ejecutado,,
136575942,ejecutado,,
136944257,ejecutado,,
136916183,ejecutado,,
137004330,ejecutado,,
136944589,brigada pesada,,
136923060,ejecutado,,
136900770,ejecutado,,
136798051,ejecutado,,
136668751,ejecutado,,
137016200,canasta,,
136944644,brigada pesada,,
136325415,ejecutado,,
136785588,ejecutado,,
136902655,ejecutado,,
136945027,ejecutado,25/8/2025,
137011061,ejecutado,,
137007152,brigada pesada,,
137019994,canasta,,
137143920,ejecutado,,
137044679,ejecutado,,
136438971,ejecutado,,
137141474,brigada pesada,,
136894614,ejecutado,,
136196136,ejecutado,,
136311052,ejecutado,,
137146748,ejecutado,,
136903976,ejecutado,,
136925074,ejecutado,,
137145688,ejecutado,,
137018750,ejecutado,,
137140241,ejecutado,,
137143314,ejecutado,,
137145163,ejecutado,,
137062166,ejecutado,,
137052120,ejecutado,,
137146565,ejecutado,,
137142485,ejecutado,,
137140494,ejecutado,,
137062467,ejecutado,,
136575810,ejecutado,,
137141592,brigada pesada,,
137214864,canasta,,
137218043,canasta,,
137216065,brigada pesada,,
137144314,brigada pesada,26/8/2025,
137009302,ejecutado,,
137147029,ejecutado,,
137143831,ejecutado,,
137144320,brigada pesada,,
137182778,ejecutado,,
137057914,ejecutado,,
137062264,ejecutado,,
137011014,ejecutado,,
137207441,ejecutado,,
137212733,ejecutado,,
136922782,ejecutado,,
137021662,canasta,,
137230331,ejecutado,,
137229717,brigada pesada,,
137145259,canasta,,
137324061,ejecutado,,
137047322,ejecutado,,
137146782,ejecutado,,
137213959,brigada pesada,,
137215710,especial,,
137223892,brigada pesada,,
137228536,ejecutado,,
137051249,ejecutado,,
137022761,ejecutado,,
137020788,ejecutado,,
137226410,canasta,,
137216211,brigada pesada,,
137224172,canasta,,
137021745,ejecutado,27/8/2025,
136926016,ejecutado,,
137229798,ejecutado,,
136575943,ejecutado,,
137052149,ejecutado,,
137256974,ejecutado,,
137255728,brigada pesada,,
137319253,ejecutado,,
137144600,ejecutado,,
137230910,ejecutado,,
137224758,ejecutado,,
137229407,ejecutado,,
137332100,ejecutado,,
137219543,canasta,,
137222307,brigada pesada,,
137212563,ejecutado,,
137344732,canasta,,
137148008,ejecutado,,
137322282,canasta,,
137341888,especial,,
137204422,ejecutado,,
137057918,ejecutado,,
137052621,ejecutado,,
136894389,ejecutado,,
137345394,ejecutado,,
137346951,ejecutado,,
137334900,ejecutado,,
137014228,ejecutado,,
137325613,ejecutado,,
137345574,ejecutado,,
137317282,canasta,,
137332832,brigada pesada,,
137380783,ejecutado,,
137341715,ejecutado,28/8/2025,
137334427,especial,,
137335917,ejecutado,,
137404143,ejecutado,,
137402446,ejecutado,,
136945037,ejecutado,,
137401020,especial,,
136911738,ejecutado,,
137256799,ejecutado,,
137370203,brigada pesada,,
137369985,ejecutado,,
137399380,brigada pesada,,
137401957,brigada pesada,,
137389683,brigada pesada,,
137388476,canasta,,
137380474,ejecutado,,
137337324,canasta,,
137402943,brigada pesada,,
137392458,brigada pesada,,
137255703,ejecutado,,
137208464,canasta,,
137391878,ejecutado,,
137389417,canasta,,
137228262,ejecutado,,
137206668,ejecutado,,
137380905,ejecutado,,
137343293,ejecutado,,
137373797,ejecutado,,
137402027,ejecutado,,
137382320,ejecutado,,
136803291,brigada pesada,,
136803392,brigada pesada,,
137396999,ejecutado,,
137408306,brigada pesada,,
135800748,brigada pesada,,
135800218,brigada pesada,29/8/2025,
137402295,brigada pesada,,
137332132,ejecutado,,
137382231,especial,,
137415005,canasta,,
137403457,brigada pesada,,
137210338,ejecutado,,
137400167,ejecutado,,
137395868,ejecutado,,
137407947,ejecutado,,
137375665,ejecutado,,
137216633,ejecutado,,
137419689,ejecutado,,
137408478,brigada pesada,,
137140578,ejecutado,,
137418226,brigada pesada,,
137212783,ejecutado,,
137210234,brigada pesada,,
137413836,canasta,,
137444040,brigada pesada,,
137452729,ejecutado,,
137440590,ejecutado,,
137448361,brigada pesada,,
137428474,brigada pesada,,
137452321,ejecutado,,
137455491,ejecutado,,
137454448,brigada pesada,,
137431616,brigada pesada,,
137426268,canasta,,
137458796,brigada pesada,,
137459820,brigada pesada,,
137456825,ejecutado,,
137458513,no pertenece,,
137440819,brigada pesada,,
137342030,ejecutado,,
137419686,ejecutado,,
137424468,ejecutado,,
137397990,ejecutado,,
137412841,ejecutado,,
137441862,ejecutado,,
137422091,canasta,,
137460369,ejecutado,,
137434450,ejecutado,,
137410419,ejecutado,,
137428479,ejecutado,,
137432308,ejecutado,,
137424614,brigada pesada,,
137433046,brigada pesada,,
137439837,brigada pesada,,
134423846,canasta,,
137522306,especial,,
137547165,canasta,,
137523918,ejecutado,1/9/2025,
137557225,canasta,,
137545204,ejecutado,,
132437763,especial,,
137455189,ejecutado,,
137455185,ejecutado,,
137455003,ejecutado,,
137551523,ejecutado,,
137523886,ejecutado,,
137520767,brigada pesada,,
137140161,ejecutado,,
137453528,ejecutado,,
137514684,ejecutado,,
137437375,canasta,,
137521179,ejecutado,,
137462256,brigada pesada,,
137451483,brigada pesada,,
137338046,ejecutado,,
137467944,brigada pesada,,
137425389,ejecutado,,
137408441,ejecutado,,
137461900,brigada pesada,,
137557541,ejecutado,,
137559241,ejecutado,,
137448718,ejecutado,,
137418038,ejecutado,,
125173161,brigada pesada,,
125173103,brigada pesada,,
137521895,canasta,,
137426600,ejecutado,,
137460335,ejecutado,,
137558790,ejecutado,,
137557687,ejecutado,,
137551459,ejecutado,,
137468359,ejecutado,,
137445758,ejecutado,,
137403794,ejecutado,,
137555429,ejecutado,,
137522678,ejecutado,,
137549684,ejecutado,,
137553904,brigada pesada,,
137489643,canasta,,
137467161,brigada pesada,,
137455958,brigada pesada,,
137522307,ejecutado,,
137466996,ejecutado,,
137522473,brigada pesada,,
137548759,brigada pesada,,
137466119,brigada pesada,,
137572380,brigada pesada,,
137580856,ejecutado,,
137590742,ejecutado,,
137574454,brigada pesada,2/9/2025,
137431615,ejecutado,,
137586829,ejecutado,,
137372753,ejecutado,,
137573302,ejecutado,,
137586294,ejecutado,,
137579636,ejecutado,,
135999736,canasta,,
135999655,canasta,,
135999695,canasta,,
131144932,multifamiliar,,
137581836,brigada pesada,,
137450710,ejecutado,,
137437100,ejecutado,,
137563881,ejecutado,,
137563513,brigada pesada,,
137579218,brigada pesada,,
137587716,brigada pesada,,
137578676,ejecutado,,
137582782,brigada pesada,,
137545396,ejecutado,,
137587487,canasta,,
137565446,brigada pesada,,
137608702,ejecutado,,
137433990,ejecutado,,
137450507,ejecutado,,
137573014,ejecutado,,
136652872,brigada pesada,,
137565134,brigada pesada,,
137586687,ejecutado,,
137551794,brigada pesada,,
137586652,ejecutado,,
137564994,ejecutado,,
137552375,ejecutado,,
137578036,brigada pesada,,
137442076,ejecutado,,
137379048,ejecutado,,
137562553,ejecutado,,
137582613,brigada pesada,,
137581705,ejecutado,,
137418699,ejecutado,,
137396658,canasta,,
137396633,cliente no permite intervencion,,
137589167,brigada pesada,,
137588290,ejecutado,,
137620560,brigada pesada,,
137619902,canasta,,
137608775,ejecutado,3/9/2025,
137589424,brigada pesada,,
137634027,brigada pesada,,
137618023,canasta,,
137563902,ejecutado,,
137608777,brigada pesada,,
137448858,ejecutado,,
137523711,ejecutado,,
137594221,ejecutado,,
137549425,ejecutado,,
137411460,ejecutado,,
137628006,especial,,
137559283,ejecutado,,
137629978,ejecutado,,
137635753,ejecutado,,
137458854,canasta,,
137635001,ejecutado,,
137609696,brigada pesada,,
137636776,canasta,,
130609700,canasta,,
137419244,ejecutado,,
137583824,ejecutado,,
137646959,ejecutado,,
134204975,canasta,,
133161569,canasta,,
137569086,brigada pesada,,
136803292,brigada pesada,,
137445474,ejecutado,,
137754558,canasta,,
137682282,ejecutado,4/9/2025,
137754925,ejecutado,,
137627506,ejecutado,,
137670372,ejecutado,,
137753803,canasta,,
137750102,brigada pesada,,
137753666,brigada pesada,,
137433926,ejecutado,,
137676802,brigada pesada,,
137821838,ejecutado,,
137667006,canasta,,
137675891,ejecutado,,
137682279,ejecutado,,
137678721,ejecutado,,
136909699,canasta,,
137677348,brigada pesada,,
137620373,brigada pesada,,
137758286,canasta,,
137676496,ejecutado,,
137744561,brigada pesada,,
137639919,ejecutado,,
137590761,canasta,,
137461781,ejecutado,,
137625412,ejecutado,,
137640525,minicanasta,5/9/2025,
137754086,minicanasta,,
137826643,brigada pesada,,
137836965,brigada pesada,,
137841701,brigada pesada,,
137831200,ejecutado,,
137396497,canasta,,
137682151,ejecutado,,
137583045,ejecutado,,
137843374,brigada pesada,,
137837802,ejecutado,,
137829736,ejecutado,,
137843239,ejecutado,,
137581359,ejecutado,,
137822064,ejecutado,,
135829106,suspendido,,
137396574,canasta,,
137835917,canasta,,
137836005,canasta,,
137396418,canasta,,
137853033,ejecutado,,
137841746,ejecutado,,
137860076,canasta,,
137680881,ejecutado,,
137748184,ejecutado,,
137842980,ejecutado,,
137876019,brigada pesada,,
137865039,brigada pesada,6/9/2025,
137874824,brigada pesada,,
137847028,ejecutado,,
137840034,brigada pesada,,
137851492,canasta,,
137833057,brigada pesada,,
137860823,ejecutado,,
137833253,brigada pesada,,
137843693,brigada pesada,,
137838224,brigada pesada,,
137206359,brigada pesada,,
137858773,ejecutado,,
137463175,ejecutado,,
137463117,ejecutado,,
137860407,ejecutado,,
137678727,ejecutado,,
137859645,brigada pesada,,
137847763,ejecutado,,
137861118,brigada pesada,,
137747979,ejecutado,,
137866583,canasta,,
137019616,especial,,
137053379,canasta,,
137445984,canasta,,
137953807,brigada pesada,,
137955924,brigada pesada,,
137955301,ejecutado,,
137884118,ejecutado,,
137881349,ejecutado,,
137954360,canasta,,
137853279,ejecutado,,
137885228,ejecutado,,
136999130,canasta,,
137886997,ejecutado,,
137885759,ejecutado,,
137410197,brigada pesada,,
137410457,brigada pesada,,
137875223,ejecutado,,
137879909,ejecutado,,
137396422,canasta,,
137884014,ejecutado,,
137410050,brigada pesada,,
137876860,ejecutado,,
137879053,especial,,
137677350,ejecutado,,
137864720,ejecutado,,
137842506,ejecutado,,
137876729,canasta,,
137873584,brigada pesada,,
137831986,ejecutado,,
137456602,brigada pesada,,
137880867,canasta,,
137877551,brigada pesada,,
137845228,ejecutado,,
137880152,ejecutado,,
137854523,ejecutado,,
137886518,ejecutado,,
137669041,ejecutado,,
137673033,canasta,,
137396532,canasta,,
138036430,canasta,,
138033523,ejecutado,,
138044663,brigada pesada,9/9/2025,
138040304,ejecutado,,
138029593,canasta,,
137880093,ejecutado,,
137887008,ejecutado,,
137396536,canasta,,
138037020,brigada pesada,,
138038946,ejecutado,,
137850499,ejecutado,,
138038322,brigada pesada,,
137396472,suspendido,,
137396661,canasta,,
137396377,suspendido,,
138047121,brigada pesada,,
137396474,canasta,,
137823395,ejecutado,,
137858619,ejecutado,,
137615437,ejecutado,,
138026825,ejecutado,,
138026696,ejecutado,,
138032879,ejecutado,,
137956818,ejecutado,,
138026010,canasta,,
138035892,brigada pesada,,
137884900,ejecutado,,
138036318,ejecutado,,
138042296,ejecutado,,
138038863,ejecutado,,
138043674,ejecutado,,
135829081,especial,,
137878347,ejecutado,,
138035106,ejecutado,,
137955785,ejecutado,,
137953645,ejecutado,,
138036639,canasta,,
138029295,canasta,,
138113049,canasta,,
138119664,canasta,,
138031990,canasta,,
137396543,acceso impedido,,
137957647,brigada pesada,,
138045988,ejecutado,,
138130590,canasta,,
138029815,ejecutado,,
138043850,ejecutado,,
137396476,suspendido,,
138128764,brigada pesada,,
138127812,minicanasta,,
136916232,brigada pesada,,
137311868,brigada pesada,,
137396483,desmatelado,,
137396524,suspendido,,
137416843,brigada pesada,,
137396466,canasta,,
137417652,brigada pesada,,
138128862,especial,,
138129616,especial,,
137887560,ejecutado,,
138113965,ejecutado,,
135308079,canasta,,
137396464,No pertenece,,
135610292,especial,,
138128029,brigada pesada,,
136676822,especial,,
138128887,ejecutado,,
137396880,desmantelado,,
137396548,suspendido,,
137955017,ejecutado,,
138125219,brigada pesada,,
138211987,ejecutado,,
138210300,ejecutado,,
138211217,ejecutado,11/9/2025,
138211183,brigada pesada,,
138048789,ejecutado,,
138048549,ejecutado,,
138195012,ejecutado,,
137396374,canasta,,
137396492,canasta,,
138115276,ejecutado,,
137862714,ejecutado,,
138122010,ejecutado,,
138132782,ejecutado,,
138036235,ejecutado,,
138036496,ejecutado,,
138032499,ejecutado,,
138200132,ejecutado,,
138118876,ejecutado,,
137396505,unificado,,
138115928,canasta,,
137396553,cliente no permite intervencion,,
137396652,cliente no permite intervencion,,
138212739,canasta,,
138048448,ejecutado,,
138201720,ejecutado,,
138129099,ejecutado,,
138212014,ejecutado,,
138201215,ejecutado,,
138210150,ejecutado,,
138304271,ejecutado,,
138202710,ejecutado,,
138121043,ejecutado,,
138033156,ejecutado,,
137956013,ejecutado,,
138212538,canasta,,
138320857,brigada pesada,,
138313665,ejecutado,,
138323117,brigada pesada,12/9/2025,
138322129,brigada pesada,,
138322820,canasta,,
138313824,brigada pesada,,
138318477,ejecutado,,
138316054,brigada pesada,,
138311580,brigada pesada,,
138323222,ejecutado,,
137881511,ejecutado,,
138121704,ejecutado,,
138207645,ejecutado,,
138311524,ejecutado,,
137396488,canasta,,
138341989,ejecutado,,
138317561,ejecutado,,
138130178,ejecutado,,
138212576,ejecutado,,
138206244,ejecutado,,
138316892,ejecutado,,
138321995,ejecutado,,
138125076,ejecutado,,
138320839,canasta,,
138207484,ejecutado,,
138301893,brigada pesada,,
138319851,canasta,,
137396677,canasta,,
138211295,ejecutado,,
138195729,ejecutado,,
138122504,ejecutado,,
138116610,ejecutado,,
137396401,no permite revisión,,
138198629,brigada pesada,,
138322893,brigada pesada,,
138312104,canasta,,
138322045,ejecutado,,
138207881,ejecutado,,
138318240,canasta,,
138310862,ejecutado,13/9/2025,
138365116,ejecutado,,
138351235,canasta,,
138355393,brigada pesada,,
138345864,ejecutado,,
138353175,brigada pesada,,
138318853,ejecutado,,
138354366,ejecutado,,
138364776,ejecutado,,
138212198,ejecutado,,
138360265,brigada pesada,,
138353947,brigada pesada,,
137396529,desocupado,,
138360133,especial,,
138233786,ejecutado,,
138359900,brigada pesada,,
138299611,especial,,
138356325,ejecutado,,
138364166,ejecutado,,
137396560,cliente no permite intervencion,,
138360791,brigada pesada,,
138377606,brigada pesada,,
138470344,ejecutado,15/9/2025,
138375474,brigada pesada,,
138373570,ejecutado,,
138467516,canasta,,
138469642,ejecutado,,
138469897,ejecutado,,
138470479,ejecutado,,
138468041,ejecutado,,
138371039,brigada pesada,,
138470237,ejecutado,,
138366289,ejecutado,,
138132548,ejecutado,,
138212788,ejecutado,,
138212233,ejecutado,,
138373942,brigada pesada,,
138345897,ejecutado,,
138365439,ejecutado,,
138311889,ejecutado,,
138322707,ejecutado,,
138471617,ejecutado,,
138370207,ejecutado,,
138370044,canasta,,
137396508,cliente no permite intervencion,,
138471331,ejecutado,,
135829112,especial,,
138371332,ejecutado,,
138352012,ejecutado,,
138359589,ejecutado,,
138203142,ejecutado,,
138377115,ejecutado,,
138541200,brigada pesada,,
138378899,ejecutado,,
138559902,brigada pesada,,
138555039,canasta,16/9/2025,
138470394,ejecutado,,
138469820,ejecutado,,
138470674,ejecutado,,
138376880,ejecutado,,
138554435,ejecutado,,
138537913,ejecutado,,
138469046,ejecutado,,
138467426,ejecutado,,
138564903,ejecutado,,
138564546,brigada pesada,,
138550169,brigada pesada,,
138548848,canasta,,
138548381,brigada pesada,,
138544229,ejecutado,,
138549941,ejecutado,,
138369553,ejecutado,,
137750571,acometida 110,,
138542559,brigada pesada,,
138540842,ejecutado,,
138559047,ejecutado,,
138472147,ejecutado,,
138211042,brigada pesada,,
137397071,cliente no permite intervencion,,
138209484,canasta,,
138209734,canasta,,
138544922,ejecutado,,
137396527,canasta,,
138560832,ejecutado,,
138681924,EJECUTADO,,
138668444,EJECUTADO,,
138674677,EJECUTADO,,
137148492,canasta,,
138358571,canasta,,
138679810,EJECUTADO,,
138661917,EJECUTADO,,
138670007,EJECUTADO,,
138594440,brigada pesada,,
137828860,brigada pesada,,
138206725,canasta,,
138591077,canasta,,
138672153,brigada pesada,,
138521629,canasta,,
138553223,ejecutado,,
138665877,ejecutado,,
138665543,brigada pesada,,
138665869,canasta,,
138679214,brigada pesada,,
138658862,ejecutado,,
138658356,ejecutado,,
138354929,especial,,
138661004,canasta,,
138663079,ejecutado,,
137412642,canasta,,
138708235,ejecutado,,
138681651,brigada pesada,,
138681891,ejecutado,18/9/2025,
138786456,brigada pesada,,
138802000,brigada pesada,,
137396526,canasta,,
138784054,ejecutado,,
138800200,ejecutado,,
138680431,ejecutado,,
138776164,ejecutado,,
138779485,ejecutado,,
138792478,ejecutado,,
138779774,ejecutado,,
138777117,ejecutado,,
138554265,ejecutado,,
138657050,canasta,,
138680159,brigada pesada,,
138793619,ejecutado,,
138775777,ejecutado,,
138791678,especial,,
138813389,ejecutado,,
138779849,brigada pesada,,
138467801,ejecutado,,
135366846,canasta,,
138751388,brigada pesada,,
138703750,ejecutado,,
138799547,ejecutado,,
138780153,brigada pesada,,
138788655,especial,,
138794686,ejecutado,,
138676462,ejecutado,,
138787795,ejecutado,,
138675416,ejecutado,,
138467450,ejecutado,,
138376883,ejecutado,,
138590324,ejecutado,,
138680844,ejecutado,,
138681457,ejecutado,,
138591187,ejecutado,,
138297511,canasta,,
138801578,ejecutado,,
138671669,brigada pesada,,
138672039,brigada pesada,,
138902605,ejecutado,,
138782749,especial,,
138706367,canasta,,
138662810,ejecutado,,
138704549,ejecutado,,
138201582,canasta,,
138557367,ejecutado,,
137396533,canasta,,
138914904,ejecutado,19/9/2025,
138822087,brigada pesada,,
138915080,ejecutado,,
138912927,ejecutado,,
129437364,canasta,,
138320007,brigada pesada,,
138785376,ejecutado,,
138657878,ejecutado,,
138128375,brigada pesada,,
136217311,especial,,
138912669,ejecutado,,
138129032,brigada pesada,,
138915585,brigada pesada,,
138937130,ejecutado,,
138903611,ejecutado,,
137224754,brigada pesada,,
138824889,canasta,,
137334812,brigada pesada,,
138911715,brigada pesada,,
138915010,ejecutado,,
138801556,ejecutado,,
138900784,ejecutado,,
138911606,ejecutado,,
138800802,ejecutado,,
139041242,brigada pesada,,
139036401,ejecutado,,
139039401,brigada pesada,,
139041606,ejecutado,,
139037151,ejecutado,,
139041986,ejecutado,,
138914902,ejecutado,,
138902045,ejecutado,,
138903976,ejecutado,,
138908499,ejecutado,,
138914684,ejecutado,,
139038513,brigada pesada,,
139043781,brigada pesada,,
139039822,ejecutado,,
138537061,brigada pesada,,
139041820,canasta,,
139042852,especial,,
138309017,brigada pesada,,
139042961,brigada pesada,,
138938283,ejecutado,,
138898111,ejecutado,,
138210989,canasta,,
129438923,especial,,
138907206,ejecutado,,
138210833,canasta,,
138306153,especial,,
138900975,ejecutado,,
138937454,ejecutado,,
139137165,ejecutado,,
139192642,ejecutado,,
137446682,brigada pesada,,
136324424,brigada pesada,,
139138811,ejecutado,,
128107050,cliente no permite intervencion,,
128580155,cliente no permite intervencion,,
128582823,cliente no permite intervencion,,
128576907,cliente no permite intervencion,,
128691932,cliente no permite intervencion,,
129003801,cliente no permite intervencion,,
129007731,cliente no permite intervencion,,
129005372,cliente no permite intervencion,,
129007576,cliente no permite intervencion,,
129004105,cliente no permite intervencion,,
128990035,cliente no permite intervencion,,
128990368,cliente no permite intervencion,,
129202334,cliente no permite intervencion,,
129350621,cliente no permite intervencion,,
129355440,cliente no permite intervencion,,
129328540,cliente no permite intervencion,,
129356759,cliente no permite intervencion,,
129343353,cliente no permite intervencion,,
129278178,cliente no permite intervencion,,
129279855,cliente no permite intervencion,,
129435264,cliente no permite intervencion,,
129440301,cliente no permite intervencion,,
129440580,cliente no permite intervencion,,
129437742,cliente no permite intervencion,,
129427916,cliente no permite intervencion,,
129506547,cliente no permite intervencion,,
129570998,cliente no permite intervencion,,
129585669,cliente no permite intervencion,,
129586567,cliente no permite intervencion,,
129702691,cliente no permite intervencion,,
129702085,cliente no permite intervencion,,
129735185,cliente no permite intervencion,,
129746860,cliente no permite intervencion,,
129735246,cliente no permite intervencion,,
129749258,cliente no permite intervencion,,
129755221,cliente no permite intervencion,,
129958787,cliente no permite intervencion,,
129962590,cliente no permite intervencion,,
129958007,cliente no permite intervencion,,
129954218,cliente no permite intervencion,,
129979130,cliente no permite intervencion,,
129966734,cliente no permite intervencion,,
129962928,cliente no permite intervencion,,
129979165,cliente no permite intervencion,,
129979142,cliente no permite intervencion,,
129958083,cliente no permite intervencion,,
129957080,cliente no permite intervencion,,
129979149,cliente no permite intervencion,,
129977533,cliente no permite intervencion,,
129973482,cliente no permite intervencion,,
129975840,cliente no permite intervencion,,
129971361,cliente no permite intervencion,,
129970861,cliente no permite intervencion,,
129968159,cliente no permite intervencion,,
129968573,cliente no permite intervencion,,
129968758,cliente no permite intervencion,,
129959624,cliente no permite intervencion,,
130098468,cliente no permite intervencion,,
130086120,cliente no permite intervencion,,
130085525,cliente no permite intervencion,,
130314702,cliente no permite intervencion,,
130314650,cliente no permite intervencion,,
130742650,cliente no permite intervencion,,
130741494,cliente no permite intervencion,,
130741736,cliente no permite intervencion,,
130806480,cliente no permite intervencion,,
130807264,cliente no permite intervencion,,
130807971,cliente no permite intervencion,,
130808406,cliente no permite intervencion,,
130808774,cliente no permite intervencion,,
131040242,cliente no permite intervencion,,
131037362,cliente no permite intervencion,,
131036179,cliente no permite intervencion,,
131030445,cliente no permite intervencion,,
131030561,cliente no permite intervencion,,
131254566,cliente no permite intervencion,,
131255330,cliente no permite intervencion,,
131255414,cliente no permite intervencion,,
131275573,cliente no permite intervencion,,
131447591,cliente no permite intervencion,,
131450168,cliente no permite intervencion,,
131451122,cliente no permite intervencion,,
131450866,cliente no permite intervencion,,
131450951,cliente no permite intervencion,,
131451213,cliente no permite intervencion,,
131451286,cliente no permite intervencion,,
131446703,cliente no permite intervencion,,
131447049,cliente no permite intervencion,,
131518416,cliente no permite intervencion,,
131519842,cliente no permite intervencion,,
131615954,cliente no permite intervencion,,
131617397,cliente no permite intervencion,,
131617687,cliente no permite intervencion,,
131617786,cliente no permite intervencion,,
131769324,cliente no permite intervencion,,
131769197,cliente no permite intervencion,,
131769220,cliente no permite intervencion,,
131769254,cliente no permite intervencion,,
132060654,cliente no permite intervencion,,
131971782,cliente no permite intervencion,,
132061268,cliente no permite intervencion,,
131971725,cliente no permite intervencion,,
132061134,cliente no permite intervencion,,
132527498,cliente no permite intervencion,,
132528023,cliente no permite intervencion,,
132528253,cliente no permite intervencion,,
132536126,cliente no permite intervencion,,
132591255,cliente no permite intervencion,,
132591072,cliente no permite intervencion,,
132975439,cliente no permite intervencion,,
132960637,cliente no permite intervencion,,
132983855,cliente no permite intervencion,,
132969556,cliente no permite intervencion,,
132958398,canasta,,
132959225,canasta,,
132959836,canasta,,
132960484,canasta,,
139131951,ejecutado,,
139027365,ejecutado,,
139137094,ejecutado,,
139213039,canasta,,
139213245,canasta,,
139211524,ejecutado,23/9/2025,
139202082,canasta,,
139204568,canasta,,
136828228,especial,,
139046920,ejecutado,,
139200919,brigada pesada,,
139137008,ejecutado,,
139051622,ejecutado,,
139210743,ejecutado,,
139214734,ejecutado,,
138133068,brigada pesada,,
139136456,ejecutado,,
139215080,ejecutado,,
139137156,brigada pesada,,
139060536,ejecutado,,
139201666,canasta,,
139064317,ejecutado,,
138896077,ejecutado,,
138909168,ejecutado,,
138910329,ejecutado,,
139033760,ejecutado,,
139132716,ejecutado,,
139062218,ejecutado,,
139209838,brigada pesada,,
137761691,canasta,,
139213108,canasta,,
139215862,canasta,,
139192579,canasta,,
139136512,ejecutado,,
139059847,ejecutado,,
139053680,ejecutado,,
139214525,brigada pesada,,
139212468,ejecutado,,
139193209,brigada pesada,,
139216652,brigada pesada,,
136792452,brigada pesada,,
139215762,ejecutado,,
139056611,ejecutado,,
139204292,ejecutado,,
138911511,brigada pesada,,
139333319,reasignar,,
139278793,reasignar,,
139323558,brigada pesada,,
139318641,ejecutado,,
139219378,ejecutado,,
135365975,canasta,,
139333031,canasta,,
139034233,ejecutado,,
139280701,ejecutado,,
139213136,ejecutado,,
139030242,ejecutado,,
139195854,ejecutado,,
139133068,ejecutado,,
139324212,especial,,
139048879,ejecutado,,
139046876,ejecutado,,
139334241,ejecutado,,
139284982,ejecutado,,
135149621,desmantelado,,
139315292,brigada pesada,,
139038649,ejecutado,,
139029739,ejecutado,,
139285253,ejecutado,,
139291444,ejecutado,,
139064708,ejecutado,,
139314647,especial,,
139210748,ejecutado,,
139207635,ejecutado,,
139050372,ejecutado,,
139047623,ejecutado,,
139292845,ejecutado,,
139332006,ejecutado,,
139279226,ejecutado,,
139333259,ejecutado,25/9/2025,
139439922,especial,,
139436692,brigada pesada,,
139422490,canasta,,
139428997,ejecutado,,
139444728,brigada pesada,,
139459954,brigada pesada,,
139428322,brigada pesada,,
139438756,brigada pesada,,
139431088,brigada pesada,,
139427986,ejecutado,,
139421020,brigada pesada,,
139437472,ejecutado,,
139330313,ejecutado,,
139333600,canasta,,
139431550,ejecutado,,
139419136,brigada pesada,,
139359948,ejecutado,,
139327381,brigada pesada,,
139334888,brigada pesada,,
139335733,brigada pesada,,
139431081,canasta,,
139430677,canasta,,
139418434,brigada pesada,,
139208531,canasta,,
139216586,ejecutado,,
139278629,ejecutado,,
139440809,brigada pesada,,
139421638,brigada pesada,,
139360289,canasta,,
139429300,ejecutado,,
139331279,canasta,,
139136097,ejecutado,,
139136436,ejecutado,,
139284551,especial,,
139284972,especial,,
138793419,canasta,,
139331379,ejecutado,,
139525565,canasta,,
139548943,brigada pesada,,
139544224,canasta,,
139526412,canasta,,
139552929,brigada pesada,,
139554748,brigada pesada,,
139333595,ejecutado,,
139433829,ejecutado,,
139429358,ejecutado,,
139429369,ejecutado,,
139440637,ejecutado,,
139533867,ejecutado,,
139417121,ejecutado,,
139426503,ejecutado,,
139528348,brigada pesada,,
139539335,ejecutado,,
102347898,especial,,
139540414,ejecutado,,
139551002,canasta,,
139303611,ejecutado,,
139430578,ejecutado,,
139466963,brigada pesada,,
139546976,canasta,,
139553244,brigada pesada,,
139538110,canasta,,
139596077,canasta,,
139613618,ejecutado,,
139612952,ejecutado,,
139584976,brigada pesada,,
139578368,ejecutado,,
139578319,ejecutado,,
139600192,ejecutado,,
139553293,ejecutado,,
139017612,ejecutado,,
139598149,ejecutado,,
139579135,ejecutado,,
139553188,ejecutado,,
139613616,ejecutado,,
139613615,ejecutado,,
139591889,canasta,,
139601495,brigada pesada,,
139279399,canasta,,
139280110,canasta,,
139592174,ejecutado,,
139613266,ejecutado,,
139534791,canasta,,
136104170,anuladas,,
136104427,anuladas,,
136005861,anuladas,,
136105505,anuladas,,
136005869,anuladas,,
136104662,anuladas,,
136074883,anuladas,,
136070615,anuladas,,
136006164,anuladas,,
136103910,anuladas,,
136105517,anuladas,,
136074510,anuladas,,
136099449,anuladas,,
136075287,anuladas,,
136005941,anuladas,,
136103441,anuladas,,
136069396,anuladas,,
136006272,anuladas,,
135993051,anuladas,,
135996420,anuladas,,
135989615,anuladas,,
135988988,anuladas,,
135991063,anuladas,,
135994743,anuladas,,
135986674,anuladas,,
135998944,anuladas,,
135991823,anuladas,,
135997854,anuladas,,
135995194,anuladas,,
135853352,anuladas,,
135850391,anuladas,,
135854674,anuladas,,
135850005,anuladas,,
135859315,anuladas,,
135852629,anuladas,,
135854443,anuladas,,
135854945,anuladas,,
135851285,anuladas,,
135837990,anuladas,,
135824861,anuladas,,
135826002,anuladas,,
135825319,anuladas,,
135831873,anuladas,,
135832183,anuladas,,
135838159,anuladas,,
135836170,anuladas,,
135841708,anuladas,,
135834678,anuladas,,
135842581,anuladas,,
135845309,anuladas,,
135801625,anuladas,,
135810770,anuladas,,
135809982,anuladas,,
135725248,anuladas,,
135799615,anuladas,,
135812026,anuladas,,
135715356,anuladas,,
135721286,anuladas,,
135714196,anuladas,,
135717486,anuladas,,
135706120,anuladas,,
135710832,anuladas,,
135699562,anuladas,,
135712856,anuladas,,
135710850,anuladas,,
135624513,anuladas,,
135451954,anuladas,,
135395012,anuladas,,
135411443,anuladas,,
135328286,anuladas,,
135250137,anuladas,,
135000390,anuladas,,
134974897,anuladas,,
134747323,anuladas,,
134759658,anuladas,,
134691674,anuladas,,
131534095,anuladas,,
132048277,anuladas,,
132431180,anuladas,,
132420989,anuladas,,
132747350,anuladas,,
133977041,anuladas,,
133897896,anuladas,,
132952719,anuladas,,
133790144,anuladas,,
133175151,anuladas,,
133380260,anuladas,,
7870069,Jean Muñoz,,
6871239,Jean Muñoz,,
1031060,Jean Muñoz,,
1044489,Jean Muñoz,,
139539516,priorizar,,
139135984,priorizar,,
135824191,priorizar,,
137840882,priorizar,,
139545883,priorizar,,
139538971,priorizar,,
139190839,priorizar,,
139537945,priorizar,,
137055603,priorizar,,
138196802,priorizar,,
137471747,priorizar,,
139323794,priorizar,,
139419208,priorizar,,
139193793,priorizar,,
139207998,priorizar,,
137626663,priorizar,,
139311350,priorizar,,
139553310,priorizar,,
139547808,priorizar,,
139331381,priorizar,,
139538920,priorizar,,
136916963,priorizar,,
139433910,priorizar,,
137371293,priorizar,,
137058620,priorizar,,
137842865,priorizar,,
137043666,priorizar,,
139280799,priorizar,,
138041374,priorizar,,
138557085,priorizar,,
139037683,priorizar,,
137061220,priorizar,,
136902832,priorizar,,
136677410,priorizar,,
139211444,priorizar,,
139046879,priorizar,,
139024327,priorizar,,
139545546,priorizar,,
130103194,priorizar,,
139130312,priorizar,,
137148345,priorizar,,
139416588,priorizar,,
138661723,priorizar,,
137421319,priorizar,,
139054039,priorizar,,
139293408,priorizar,,
137221674,priorizar,,
139049963,priorizar,,
136365979,priorizar,,
136314464,priorizar,,
138368094,priorizar,,
138348090,priorizar,,
137634026,priorizar,,
139534138,priorizar,,
136919251,priorizar,,
138668439,priorizar,,
138668383,priorizar,,
138376293,priorizar,,
137141463,priorizar,,
137845365,priorizar,,
139434416,primaria,,
139613929,ejecutado,,
139680025,especial,,
139687001,canasta,,
139206967,canasta 110,,
139680188,ejecutado,,
139539589,ejecutado,,
139614988,ejecutado,,
139615470,brigada pesada,,
139615592,ejecutado,,
139685719,canasta,,
139615387,brigada pesada,,
137225175,brigada pesada,,
139686092,brigada pesada,,
139685821,especial,,
136319550,brigada pesada,,
139688725,canasta,,
139616666,brigada pesada,,
139550004,brigada pesada,,
139615104,ejecutado,,
139425142,canasta,,
139683519,ejecutado,,
139600631,canasta,,
139683901,ejecutado,,
138320183,brigada pesada,,
138351599,canasta,,
139688842,ejecutado,,
139614990,ejecutado,,
138040579,brigada pesada,,
139322993,priorizar,,
139130179,priorizar,,
137397930,priorizar,,
135598920,priorizar,,
139046694,priorizar,,
139130181,priorizar,,
133138335,priorizar,,
139137221,priorizar,,
139728403,ejecutado,,
139717080,brigada pesada,,
139692740,ejecutado,,
139721281,caja concetradora,,
139417716,canasta,,
139708917,brigada pesada,,
139725073,brigada pesada,,
136671912,canasta,,
139726042,canasta,,
139728376,canasta,,
139718120,brigada pesada,,
139706715,brigada pesada,,
139712661,brigada pesada,,
139721677,brigada pesada,,
138129954,canasta,,
139702391,brigada pesada,,
139683386,ejecutado,,
139707678,brigada pesada,,
139720211,canasta,,
139701559,canasta,,
139724556,canasta,,
139680296,ejecutado,,
139708568,canasta,,
139775614,ejecutado,,
138775654,brigada pesada,,
139759951,brigada pesada,,
139767925,brigada pesada,,
139785932,canasta,,
133808960,canasta,,
139783231,caja concetradora,,
139724694,ejecutado,,
139712134,ejecutado,,
139765427,ejecutado,,
139785585,canasta,,
139761535,brigada pesada,,
139765017,ejecutado,,
139718464,canasta,,
139718170,canasta,,
139756684,brigada pesada,,
139783291,ejecutado,,
139762890,ejecutado,,
139277973,canasta,,
139747492,brigada pesada,,
139760069,canasta,,
139808155,brigada pesada,,
139832201,ejecutado,,
139834329,ejecutado,,
139832290,ejecutado,,
139777069,brigada pesada,,
139837659,canasta,,
139831892,ejecutado,,
139721546,brigada pesada,,
139721349,brigada pesada,,
139591425,brigada pesada,,
139830375,ejecutado,,
139821498,ejecutado,,
139760858,ejecutado,,
139834098,canasta,,
139590516,brigada pesada,,
139832465,ejecutado,,
139833486,ejecutado,,
139826865,brigada pesada,,
139860601,ejecutado,,
139860039,ejecutado,,
139816706,ejecutado,,
139768014,ejecutado,,
139839539,canasta,,
139770827,ejecutado,,
139832133,ejecutado,,
139808394,ejecutado,,
139859201,ejecutado,,
139819181,ejecutado,,
139832944,ejecutado,,
139842582,ejecutado,,
139842559,ejecutado,,
139778870,sur,,
133024917,brigada pesada,,
139858140,ejecutado,,
133483860,brigada pesada,,
139058037,brigada pesada,,
139218870,brigada pesada,,
139687046,brigada pesada,,
133489852,brigada pesada,,
135615395,brigada pesada,,
139842216,ejecutado,,
139815352,ejecutado,,
139774908,ejecutado,,
139842701,ejecutado,,
137618011,brigada pesada,,
137618875,no pertenece,,
-28679377,ejecutado,,
-28679507,ejecutado,,
135631688,brigada pesada,,
139284937,brigada pesada,,
133483389,brigada pesada,,
133131104,brigada pesada,,
139279643,brigada pesada,,
139711661,brigada pesada,,
139057734,especial,,
137750842,brigada pesada,,
139057456,brigada pesada,,
135376481,especial,,
138594323,brigada pesada,,
139038704,brigada pesada,,
138661008,canasta,,
130084347,brigada pesada,,
135376646,brigada pesada,,
131769253,brigada pesada,,
133751727,brigada pesada,,
131616095,brigada pesada,,
133486965,brigada pesada,,
139860669,brigada pesada,,
131616336,brigada pesada,,
130097097,canasta,,
137821852,canasta,,
135366945,brigada pesada,,
135366748,brigada pesada,,
135374776,brigada pesada,,
-28679426,ejecutado,,
-28679574,ejecutado,,
-28679607,no pertenece,,
-28679580,no pertenece,,
-28679567,no pertenece,,
-28679563,no pertenece,,
-28679560,no pertenece,,
138206409,brigada pesada,,
139434272,brigada pesada,,
135369475,brigada pesada,,
-28679424,No asignar os negativas,,
-28679342,No asignar os negativas,,
-28679454,No asignar os negativas,,
-28679410,No asignar os negativas,,
-28679352,No asignar os negativas,,
-28679549,No asignar os negativas,,
-28679630,No asignar os negativas,,
-28679516,No asignar os negativas,,
-28679566,No asignar os negativas,,
-28679436,No asignar os negativas,,
-28679547,No asignar os negativas,,
-28679449,No asignar os negativas,,
-28679388,No asignar os negativas,,
-28679435,No asignar os negativas,,
-28679418,No asignar os negativas,,
-28679540,No asignar os negativas,,
-28679524,No asignar os negativas,,
-28679634,No asignar os negativas,,
-28679654,No asignar os negativas,,
-28679309,No asignar os negativas,,
-28679502,No asignar os negativas,,
-28679463,No asignar os negativas,,
-28679577,No asignar os negativas,,
-28679441,No asignar os negativas,,
-28679431,No asignar os negativas,,
-28679439,No asignar os negativas,,
-28679485,No asignar os negativas,,
-28679616,No asignar os negativas,,
-28679351,No asignar os negativas,,
-28679339,No asignar os negativas,,
-28679481,No asignar os negativas,,
-28679612,No asignar os negativas,,
-28679432,No asignar os negativas,,
-28679428,No asignar os negativas,,
139927668,canasta,,
139929327,ejecutado,,
139863574,canasta,,
139874130,brigada pesada,,
139931507,canasta,,
139929087,ejecutado,,
139884857,ejecutado,,
139928496,ejecutado,,
139930066,ejecutado,,
139886495,ejecutado,,
139866032,ejecutado,,
139864154,ejecutado,,
-28679444,No asignar os negativas,,
139879594,ejecutado,,
139909840,brigada pesada,,
139863513,brigada pesada,,
139883327,ejecutado,,
139899465,brigada pesada,,
139918465,canasta,,
139929490,brigada pesada,,
139886034,ejecutado,,
139943630,brigada pesada,,
139879049,ejecutado,,
139883131,ejecutado,,
139928906,brigada pesada,,
139937789,ejecutado,,
139909713,ejecutado,,
139884863,ejecutado,,
139875940,ejecutado,,
139873426,ejecutado,,
139928353,canasta,,
139931145,brigada pesada,,
139928351,ejecutado,,
139939882,canasta,,
139890643,canasta,,
139896636,canasta,,
139881991,ejecutado,,
140020025,brigada pesada,,
139935365,ejecutado,,
139909115,canasta,,
139891000,brigada pesada,,
139941815,brigada pesada,,
139868980,ejecutado,,
139890633,minicanasta,,
133408162,brigada pesada,,
139890644,canasta,,
136435073,especial,,
139884272,canasta,,
139933185,canasta,,
140021865,canasta,,
140096445,brigada pesada,,
140138254,especial,,
140132261,ejecutado,,
140137974,brigada pesada,,
139886033,ejecutado,,
140024049,ejecutado,,
139945091,duplicidad,,
140022305,ejecutado,,
140161171,ejecutado,,
140089682,ejecutado,,
140097900,ejecutado,,
140021973,brigada pesada,,
140024159,canasta,,
140088076,ejecutado,,
140144789,ejecutado,,
139934552,ejecutado,,
132888255,especial,,
140024121,ejecutado,,
140136505,ejecutado,,
140140734,ejecutado,,
137584809,especial,,
140022254,ejecutado,,
139279977,brigada pesada,,
140136205,canasta,,
139874025,ejecutado,,
139873576,ejecutado,,
139213130,brigada pesada,,
139331664,brigada pesada,,
139331483,brigada pesada,,
140096710,canasta,,
137398640,brigada pesada,,
134960266,brigada pesada,,
140092168,canasta,,
140161173,ejecutado,,
140161450,ejecutado,,
135376779,brigada pesada,,
140268011,canasta,,
138561779,canasta,,
140278097,brigada pesada,,
140237016,canasta,,
136332954,brigada pesada,,
140288624,canasta,,
139549845,ejecutado,,
139950686,ejecutado,,
139950016,ejecutado,,
140276086,ejecutado,,
138556646,brigada pesada,,
137397456,brigada pesada,,
140297074,brigada pesada,,
138911585,canasta,,
140024044,ejecutado,,
139951037,ejecutado,,
139861072,ejecutado,,
138317691,brigada pesada,,
140162974,ejecutado,,
140297007,ejecutado,,
140280103,ejecutado,,
140162369,brigada pesada,,
140162908,ejecutado,,
140239576,brigada pesada,,
140094953,canasta,,
129748951,canasta,,
140280147,canasta,,
129703773,canasta,,
138028366,canasta,,
139945093,duplicidad,,
136790160,canasta,,
138675081,canasta,,
138775516,canasta,,
140420677,brigada pesada,,
140427909,ejecutado,,
138557014,brigada pesada,,
140298400,brigada pesada,,
140409499,ejecutado,,
140388738,ejecutado,,
140427411,ejecutado,,
135365827,brigada pesada,,
135374828,brigada pesada,,
140370587,canasta,,
140236202,brigada pesada,,
140412782,brigada pesada,,
140412518,brigada pesada,,
138797220,brigada pesada,,
138797612,brigada pesada,,
138797898,brigada pesada,,
140273412,brigada pesada,,
140236585,brigada pesada,,
140427678,brigada pesada,,
140384523,brigada pesada,,
140371174,ejecutado,,
140412648,brigada pesada,,
140427966,brigada pesada,,
137423568,canasta,,
140427965,brigada pesada,,
140409187,brigada pesada,,
140496414,ejecutado,,
140281818,ejecutado,,
130097522,canasta,,
140135276,ejecutado,,
137585219,brigada pesada,,
137398855,brigada pesada,,
137398918,brigada pesada,,
137399044,brigada pesada,,
140409327,especial,,
140415118,canasta,,
140235478,ejecutado,,
140024321,ejecutado,,
140395028,canasta,,
140278695,ejecutado,,
139935401,ejecutado,,
140563564,duplicidad,,
140543208,especial,,
140540722,brigada pesada,,
140540633,brigada pesada,,
140537446,canasta,,
140543091,brigada pesada,,
140522303,especial,,
140494577,ejecutado,,
140430795,no pertenece,,
140531788,canasta,,
140543246,ejecutado,,
140540154,canasta,,
140535044,brigada pesada,,
140411788,brigada pesada,,
140412600,canasta,,
140561626,ejecutado,,
140410510,ejecutado,,
140296350,ejecutado,,
140500467,brigada pesada,,
140630398,ejecutado,,
140497636,canasta,,
140373573,canasta,,
140538069,brigada pesada,,
140562172,ejecutado,,
140430759,ejecutado,,
140431362,ejecutado,,
140537371,brigada pesada,,
140413353,brigada pesada,,
140543106,canasta,,
140561482,canasta,,
140668838,canasta,,
140672392,ejecutado,,
140494576,brigada pesada,,
140630286,especial,,
140630368,especial,,
140632112,ejecutado,,
135597605,especial,,
140642752,ejecutado,,
140674579,brigada pesada,,
140279738,especial,,
140542283,canasta,,
140626079,ejecutado,,
140694956,ejecutado,,
140413321,caja concentradora,,
140413875,caja concentradora,,
140367857,canasta,,
140632572,canasta,,
140666774,canasta,,
140672764,canasta,,
140673530,brigada pesada,,
140695101,ejecutado,,
138112605,canasta,,
140703077,canasta,,
140495942,canasta,,
137382570,no programar,,
140846022,brigada pesada,,
140845078,brigada pesada,,
140845934,brigada pesada,,
140781633,canasta,,
140847917,ejecutado,,
140732278,canasta,,
140780283,brigada pesada,,
131617259,brigada pesada,,
140844890,ejecutado,,
140734647,ejecutado,,
140697139,canasta,,
131616967,brigada pesada,,
140845694,ejecutado,,
140733729,ejecutado,,
140562817,ejecutado,,
137854062,especial,,
131042464,brigada pesada,,
129977203,brigada pesada,,
135374898,brigada pesada,,
132954631,brigada pesada,,
140844948,ejecutado,,
140847814,ejecutado,,
140673576,canasta,,
139323923,caja concentradora,,
129591984,canasta,,
128990640,especial,,
140673529,ejecutado,,
140848129,canasta,,
140697369,brigada pesada,,
137439157,brigada pesada,,
134442926,canasta,,
139933189,canasta,,
139890672,canasta,,
140775285,ejecutado,,
135374787,brigada pesada,,
135376543,brigada pesada,,
135376580,brigada pesada,,
140964234,duplicidad,,
140964249,duplicidad,,
140963259,brigada pesada,,
140968061,brigada pesada,,
135845151,canasta,,
140919692,ejecutado,,
140850485,brigada pesada,,
133484527,brigada pesada,,
140959988,brigada pesada,,
140985166,brigada pesada,,
140845217,ejecutado,,
140666457,ejecutado,,
140368219,ejecutado,,
140845034,ejecutado,,
140928490,ejecutado,,
140918855,canasta,,
140964854,brigada pesada,,
140964230,ya normalizado,,
137822293,canasta,,
135368137,brigada pesada,,
140959818,especial,,
140962200,brigada pesada,,
140965552,ejecutado,,
140849633,canasta,,
140850233,brigada pesada,,
140959633,brigada pesada,,
140915149,brigada pesada,,
140959697,canasta,,
140964412,cliente no permite intervencion,,
131971854,canasta,,
132045383,canasta,,
133487604,canasta,,
140865277,brigada pesada,,
140985668,canasta,,
140666555,priorizar,,
134693837,priorizar,,
140695140,priorizar,,
134442012,especial,,
140985133,ejecutado,,
140965610,ejecutado,,
140965559,ejecutado,,
131447977,brigada pesada,,
137456736,canasta,,
141082568,canasta,,
141131174,brigada pesada,,
141126541,brigada pesada,,
141079564,especial,,
141147588,brigada pesada,,
141007868,ejecutado,,
135378825,brigada pesada,,
141113039,especial,,
141123669,brigada pesada,,
141133085,ejecutado,,
141130293,brigada pesada,,
141126576,canasta,,
141007011,ejecutado,,
140959790,ejecutado,,
140984653,ejecutado,,
138202058,brigada pesada,,
141008530,brigada pesada,,
138201453,brigada pesada,,
138201150,brigada pesada,,
129958778,brigada pesada,,
129953530,canasta,,
141009133,ejecutado,,
140944040,ejecutado,,
131769199,brigada pesada,,
138128159,brigada pesada,,
141075661,brigada pesada,,
141076009,brigada pesada,,
129008861,brigada pesada,,
130102717,brigada pesada,,
133488879,brigada pesada,,
140848319,canasta,,
129590634,brigada pesada,,
130083774,brigada pesada,,
138789132,brigada pesada,,
137829496,canasta,,
139881582,brigada pesada,,
141006170,brigada pesada,,
141082111,canasta,,
141133272,brigada pesada,,
141146628,ejecutado,,
141006583,brigada pesada,,
141101692,ejecutado,,
141122492,ejecutado,,
140669452,canasta,,
140965276,ejecutado,,
140915855,caja concentradora,,
141293284,brigada pesada,,
141306941,brigada pesada,,
141257923,canasta,,
139889717,canasta,,
141252495,brigada pesada,,
140775170,canasta,,
141173063,ejecutado,,
141243528,ejecutado,,
141306253,ejecutado,,
141289991,brigada pesada,,
141129576,brigada pesada,,
141248642,brigada pesada,,
141283756,brigada pesada,,
141169632,brigada pesada,,
141281055,brigada pesada,,
141307249,brigada pesada,,
141076366,brigada pesada,,
141239664,ejecutado,,
140541807,brigada pesada,,
141331637,ejecutado,,
139915573,ya normalizado,,
141249655,brigada pesada,,
141285656,especial,,
140964233,canasta,,
141286846,ejecutado,,
141305958,brigada pesada,,
141306537,no pertenene,,
141244836,canasta,,
141172562,ejecutado,,
141170797,ejecutado,,
141171983,ejecutado,,
141130287,canasta,,
140915854,ejecutado,,
140671660,brigada pesada,,
140700303,brigada pesada,,
139888574,brigada pesada,,
139890682,desocupado,,
138319306,brigada pesada,,
141234932,brigada pesada,,
141146654,ejecutado,,
141334821,brigada pesada,,
141377513,canasta,,
141329146,brigada pesada,,
141334280,brigada pesada,,
141335414,brigada pesada,,
141244103,brigada pesada,,
141381149,ejecutado,,
141335256,ejecutado,,
141354339,canasta,,
141077232,brigada pesada,,
140666548,brigada pesada,,
139890653,canasta,,
141331915,canasta,,
141375782,brigada pesada,,
141331557,canasta,,
141375932,brigada pesada,,
141243791,ejecutado,,
141244419,ejecutado,,
140845885,brigada pesada,,
141376122,especial,,
141328377,especial,,
141333759,canasta,,
139933186,canasta,,
141347494,brigada pesada,,
139362387,especial,,
141171382,brigada pesada,,
140629324,brigada pesada,,
141444369,canasta,,
141405959,canasta,,
141535712,canasta,,
141424940,brigada pesada,,
137585536,brigada pesada,,
141534097,canasta,,
141531995,ejecutado,,
141537255,brigada pesada,,
141532476,ejecutado,,
141533451,especial,,
141430186,ejecutado,,
141442888,especial,,
141531776,brigada pesada,,
141608109,priorizar,,
141533775,ejecutado,,
141442738,ejecutado,,
141533373,canasta,,
141446838,ejecutado,,
141609060,ejecutado,,
140697244,no pertenene,,
141429307,ejecutado,,
141405912,brigada pesada,,
140964269,cliente no permite intervencion,,
141397923,especial,,
141274913,ejecutado,,
141428647,ejecutado,,
141534837,ejecutado,,
141533971,ejecutado,,
141424941,ejecutado,,
141373069,ejecutado,,
141377951,brigada pesada,,
141535438,ejecutado,,
141424895,ejecutado,,
141622691,ejecutado,,
141660151,canasta,,
141611302,brigada pesada,,
141610837,canasta,,
141608730,ejecutado,,
141442631,ejecutado,,
141583611,ejecutado,,
141681889,ejecutado,,
140964266,canasta,,
140540854,canasta,,
141655748,canasta,,
141618272,canasta,,
141658163,brigada pesada,,
140964251,cliente no permite intervencion,,
141382910,ejecutado,,
141792539,brigada pesada,,
141766062,ejecutado,,
141763262,ejecutado,,
141774264,brigada pesada,,
141840247,ejecutado,,
141682922,brigada pesada,,
141839324,ejecutado,,
139890625,canasta,,
141793118,canasta,,
141799658,especial,,
141809243,especial,,
141829370,especial,,
141645290,ejecutado,,
141538412,ejecutado,,
141832650,ejecutado,,
141767676,brigada pesada,,
141863911,canasta,,
141835957,brigada pesada,,
141861347,brigada pesada,,
141682805,ejecutado,,
141657844,brigada pesada,,
141777241,canasta,,
141776807,brigada pesada,,
141659050,canasta,,
141835647,ejecutado,,
141819884,ejecutado,,
141832449,canasta,,
141821326,canasta,,
141663614,canasta,,
141663615,canasta,,
141663610,canasta,,
141792759,brigada pesada,,
141931789,ejecutado,,
141838581,ejecutado,,
141683289,ejecutado,,
141860184,ejecutado,,
141861447,ejecutado,,
141663982,ejecutado,,
141382432,ejecutado,,
141776540,ejecutado,,
141855814,brigada pesada,,
141860224,ejecutado,,
141829191,ejecutado,,
141761860,ejecutado,,
141838560,ejecutado,,
141860158,ejecutado,,
141991585,ejecutado,,
141862812,ejecutado,,
141940294,brigada pesada,,
141966413,ejecutado,,
141973690,canasta,,
142010889,brigada pesada,,
142010213,ejecutado,,
141932800,ejecutado,,
141977758,ejecutado,,
141761710,ejecutado,,
141805659,ejecutado,,
142007598,ejecutado,,
141935811,ejecutado,,
141966754,brigada pesada,,
141974757,brigada pesada,,
141663618,canasta,,
140964264,canasta,,
142009551,brigada pesada,,
141974644,brigada pesada,,
141861456,brigada pesada,,
141968224,brigada pesada,,
141940475,ejecutado,,
141966604,ejecutado,,
141971410,ejecutado,,
142009869,brigada pesada,,
141935248,brigada pesada,,
142009382,ejecutado,,
141973951,canasta,,
141974397,ejecutado,,
141865546,ejecutado,,
141977288,ejecutado,,
141933401,ejecutado,,
141974187,ejecutado,,
141983585,canasta,,
141966107,canasta,,
141863483,brigada pesada,,
141933287,ejecutado,,
141945173,ejecutado,,
141974931,ejecutado,,
141833453,canasta,,
141534673,ejecutado,,
142012736,ejecutado,,
142142121,especial,,
142120113,ejecutado,,
141835889,canasta,,
141970659,brigada pesada,,
142065988,brigada pesada,,
142121233,ejecutado,,
141953723,ejecutado,,
141663396,ejecutado,,
141969785,ejecutado,,
141774817,ejecutado,,
141975041,canasta,,
141975477,canasta,,
141975714,canasta,,
142115918,brigada pesada,,
142141913,canasta,,
141663611,canasta,,
141793808,canasta,,
141836819,canasta,,
142010736,canasta,,
142141997,brigada pesada,,
140966085,caja concetradora,,
141971475,ejecutado,,
137830050,canasta,,
141657035,brigada pesada,,
142271996,ejecutado,,
142071700,brigada pesada,,
141608221,brigada pesada,,
142143593,brigada pesada,,
142103373,ejecutado,,
141659300,canasta,,
142229311,ejecutado,,
141860217,ejecutado,,
142142779,brigada pesada,,
141939920,ejecutado,,
142118503,ejecutado,,
137414268,brigada pesada,,
142066892,canasta,,
142067064,brigada pesada,,
142250021,brigada pesada,,
142263954,ejecutado,,
142271407,ejecutado,,
142206921,brigada pesada,,
142207356,ejecutado,,
142121399,brigada pesada,,
142115673,brigada pesada,,
142248194,ejecutado,,
142066504,brigada pesada,,
142210721,canasta,,
142249690,canasta,,
142202973,ejecutado,,
141284423,canasta,,
142121112,canasta,,
142072263,canasta,,
142248802,brigada pesada,,
142209603,ejecutado,,
142141591,ejecutado,,
142141960,ejecutado,,
142303265,canasta,,
142383632,brigada pesada,,
142383306,ejecutado,,
141971670,canasta,,
141972580,canasta,,
142245020,canasta,,
142312263,ejecutado,,
142314007,ejecutado,,
142383453,especial,,
142383960,ejecutado,,
142382418,ejecutado,,
142313627,ejecutado,,
142280385,brigada pesada,,
142382305,ejecutado,,
142381773,ejecutado,,
142314516,ejecutado,,
142141581,especial,,
142306480,ejecutado,,
142273156,ejecutado,,
142314874,brigada pesada,,
142209191,especial,,
142328215,brigada pesada,,
142281319,ejecutado,,
142070475,caja concetradora,,
142070387,caja concetradora,,
142247581,brigada pesada,,
142247968,brigada pesada,,
142383012,brigada pesada,,
142204668,brigada pesada,,
142454808,ejecutado,,
142519580,brigada pesada,,
142497981,ejecutado,,
142521749,brigada pesada,,
142453625,canasta,,
142575531,ejecutado,,
142518853,ejecutado,,
142545583,ejecutado,,
142525506,brigada pesada,,
142446632,caja concetradora,,
142447102,caja concetradora,,
142447275,caja concetradora,,
140964268,canasta,,
141382408,suspendido,,
142514607,brigada pesada,,
142449007,brigada pesada,,
142575639,brigada pesada,,
142574634,ejecutado,,
142529573,especial,,
142531334,ejecutado,,
142575304,ejecutado,,
142504492,canasta,,
142554572,canasta,,
142313264,canasta,,
142494413,especial,,
142454200,canasta,,
142382792,no pertenene,,
142453890,brigada pesada,,
142500778,brigada pesada,,
142499308,ejecutado,,
142541762,canasta,,
142524318,brigada pesada,,
142604946,especial,,
142553147,brigada pesada,,
142659117,brigada pesada,,
142657290,especial,,
142653760,ejecutado,,
142677107,especial,,
142618262,ejecutado,,
142656957,ejecutado,,
142653009,brigada pesada,,
142353808,canasta,,
142653818,canasta,,
141793826,canasta,,
142604331,ejecutado,,
142311808,canasta,,
142677207,ejecutado,,
142649895,ejecutado,,
142615083,brigada pesada,,
142605264,brigada pesada,,
142635540,canasta,,
142612227,ejecutado,,
142383651,ejecutado,,
142221896,ejecutado,,
142611440,no pertenene,,
142609578,no pertenene,,
142606105,no pertenene,,
142605378,no pertenene,,
142604487,no pertenene,,
142612481,no pertenene,,
142614770,no pertenene,,
142615186,no pertenene,,
142645180,ejecutado,,
142653815,canasta,,
142612366,brigada pesada,,
142648980,ejecutado,,
142714919,no pertenene,,
142714815,no pertenene,,
142714217,no pertenene,,
142714091,no pertenene,,
142714026,no pertenene,,
142711321,no pertenene,,
142711238,no pertenene,,
142711060,no pertenene,,
142709936,no pertenene,,
142709866,no pertenene,,
142664554,brigada pesada,,
142677345,ejecutado,,
142651074,ejecutado,,
142612524,no pertenene,,
142712549,no pertenene,,
142605495,ejecutado,,
142653812,canasta,,
142653799,cliente no permite intervencion,,
142653349,brigada pesada,,
142703769,canasta,,
142653708,brigada pesada,,
142738886,ejecutado,,
142555010,canasta,,
140540847,canasta,,
141382411,suspendido,,
142653734,ejecutado,,
142271509,ejecutado,,
142711750,ejecutado,,
142501312,brigada pesada,,
141382424,suspendido,,
142735515,canasta,,
141382430,suspendido,,
142724293,ejecutado,,
142702460,especial,,
142708096,brigada pesada,,
142737654,brigada pesada,,
142734774,canasta,,
142705876,ejecutado,,
142738821,canasta,,
142702614,ejecutado,,
142737805,especial,,
142739710,brigada pesada,,
140630611,canasta,,
142733668,brigada pesada,,
141382416,canasta,,
142736987,brigada pesada,,
142702681,ejecutado,,
142677198,ejecutado,,
142249139,brigada pesada,,
142712489,brigada pesada,,
142724664,brigada pesada,,
142703647,ejecutado,,
142739822,brigada pesada,,
142784028,brigada pesada,,
142776127,ejecutado,,
142768910,ejecutado,,
142654319,ejecutado,,
142783879,ejecutado,,
142780310,ejecutado,,
135999755,canasta,,
142784034,brigada pesada,,
142785035,canasta,,
142784397,brigada pesada,,
137397070,canasta,,
142774183,brigada pesada,,
142764840,brigada pesada,,
137396530,cliente no permite intervencion,,
142251247,minicanasta,,
142837711,no programar,,
142795518,canasta,,
145555503,brigada pesada,,
142765873,brigada pesada,,
142790525,canasta,,
137396486,canasta,,
129431988,canasta,,
142844100,canasta,,
142710633,ejecutado,,
142449795,ejecutado,,
142782683,ejecutado,,
142782516,ejecutado,,
142778239,ejecutado,,
142496189,ejecutado,,
142846709,brigada pesada,,
142854068,ejecutado,,
142832663,canasta,,
142849916,ejecutado,,
142840702,brigada pesada,,
142823838,brigada pesada,,
142819292,brigada pesada,,
142832690,ejecutado,,
142704107,brigada pesada,,
142843037,ejecutado,,
142451379,brigada pesada,,
142613984,semipesada,,
142451780,ejecutado,,
142797365,canasta,,
142919257,ejecutado,,
142922568,ejecutado,,
142916653,brigada pesada,,
142920777,canasta,,
142877915,brigada pesada,,
142890972,ejecutado,,
142917814,ejecutado,,
142908253,ejecutado,,
142921591,semipesada,,
142922816,brigada pesada,,
142920703,canasta,,
142787105,ejecutado,,
142912641,canasta,,
142711704,ejecutado,,
142915500,ejecutado,,
142909025,ejecutado,,
142782362,ejecutado,,
142819006,ejecutado,,
142920311,ejecutado,,
141976022,canasta,,
129431833,por anular,,
139362388,por anular,,
137400072,por anular,,
137396491,por anular,,
129579482,por anular,,
137762793,por anular,,
138207987,por anular,,
122122624,por anular,,
138126976,por anular,,
139362411,por anular,,
137762807,por anular,,
138126977,por anular,,
135367464,por anular,,
137396468,por anular,,
137762801,por anular,,
137396885,por anular,,
139362401,por anular,,
137762815,por anular,,
122122622,por anular,,
142914250,especial,,
142854544,brigada pesada,,
142066719,brigada pesada,,
142911314,canasta,,
142919297,brigada pesada,,
142889953,brigada pesada,,
141793814,canasta,,
142920146,ejecutado,,
142907045,ejecutado,,
140540866,canasta,,
142948612,no pertenene,,
142954544,brigada pesada,,
142953342,brigada pesada,,
142953339,brigada pesada,,
142946947,brigada pesada,,
142951920,ejecutado,,
142929253,brigada pesada,,
142945055,brigada pesada,,
142951413,ejecutado,,
142951876,canasta,,
142945209,canasta,,
142930590,canasta,,
142915619,brigada pesada,,
142935242,canasta,,
142945383,ejecutado,,
142555503,brigada pesada,,
142952684,brigada pesada,,
142948331,brigada pesada,,
142952881,ejecutado,,
142942704,brigada pesada,,
142906669,brigada pesada,,
142948834,canasta,,
142952512,brigada pesada,,
142796498,ejecutado,,
142948835,canasta,,
142942105,semipesada,,
142927290,canasta,,
142842955,brigada pesada,,
142949036,brigada pesada,,
142951882,brigada pesada,,
142928602,brigada pesada,,
142948611,canasta,,
142948845,canasta,,
142948838,canasta,,
141283920,canasta,,
142972674,brigada pesada,,
141663633,especial,,
142070971,semidirecta,,
142948934,brigada pesada,,
142971081,brigada pesada,,
142970526,brigada pesada,,
143044701,brigada pesada,,
143056540,ejecutado,,
143051475,ejecutado,,
142938271,especial,,
142948843,canasta,,
143055920,brigada pesada,,
143047321,ejecutado,,
142952339,brigada pesada,,
143051195,brigada pesada,,
143046838,brigada pesada,,
143055976,ejecutado,,
143056966,ejecutado,,
142952543,canasta,,
143057405,brigada pesada,,
142974559,brigada pesada,,
143050889,ejecutado,,
143051515,ejecutado,,
143040914,semipesada,,
143047080,ejecutado,,
142973357,brigada pesada,,
143056467,canasta,,
142968966,brigada pesada,,
142969185,ejecutado,,
142969624,canasta,,
143048628,semipesada,,
142948574,canasta,,
142969296,brigada pesada,,
142921940,brigada pesada,,
143047308,brigada pesada,,
143047244,brigada pesada,,
143047274,ejecutado,,
143051781,brigada pesada,,
143048345,semipesada,,
143054304,especial,,
142952403,brigada pesada,,
137396501,demolido,,
143128006,ejecutado,,
143136957,canasta,,
143043909,ejecutado,,
143141844,especial,,
143059543,semipesada,,
143129763,no pertenene,,
143144416,brigada pesada,,
143122643,brigada pesada,,
143058706,brigada pesada,,
137396541,canasta,,
142070965,canasta,,
137617822,canasta,,
142943234,canasta,,
140135491,especial,,
143060373,cliente no permite intervencion,,
143060372,cliente no permite intervencion,,
143048424,canasta,,
142791089,brigada pesada,,
142703201,brigada pesada,,
143141509,canasta,,
143142502,especial,,
143141056,brigada pesada,,
143220870,canasta,,
143233827,especial,,
143230497,brigada pesada,,
143046207,ejecutado,,
143134969,brigada pesada,,
143227187,brigada pesada,,
143137684,brigada pesada,,
143053636,canasta,,
142925387,ejecutado,,
142944898,ejecutado,,
143053001,no programar,,
143143115,no pertenene,,
133186245,canasta,,
143236036,semipesada,,
134962329,brigada pesada,,
132306832,canasta,,
135805675,canasta,,
136447427,canasta,,
136786200,canasta,,
134444978,canasta,,
143230901,no pertenene,,
143127167,especial,,
143219442,brigada pesada,,
143244136,brigada pesada,,
137002486,no pertenene,,
136100498,canasta,,
135408189,canasta,,
130402731,especial,,
143122143,canasta,,
143223412,canasta,TET,
142653808,canasta,,
143122209,canasta,,
143137373,brigada pesada,,
143318776,canasta,,
143316493,brigada pesada,,
143318285,ejecutado,,
143316931,canasta,,
143317655,brigada pesada,,
143216585,canasta,,
143316936,brigada pesada,,
143317622,brigada pesada,,
143249240,especial,,
143225694,brigada pesada,,
143249244,ejecutado,,
143382018,especial,,
143315988,ejecutado,,
143315960,ejecutado,,
143239755,especial,,
143234837,brigada pesada,,
143223415,canasta,,
143233002,canasta,,
143316906,canasta,,
143316629,brigada pesada,,
143388830,canasta,,
143238192,brigada pesada,,
143237870,brigada pesada,,
143241627,brigada pesada,,
143319339,ejecutado,,
143145811,semipesada,,
143399684,canasta,,
143470724,NO PROGRAMAR,,
143395404,canasta,,
143131335,no pertenene,,
143471488,no pertenene,,
143408750,no pertenene,,
143408850,no pertenene,,
143474895,no pertenene,,
143474974,no pertenene,,
143476015,no pertenene,,
143477045,no pertenene,,
143315878,semipesada,,
143315877,brigada pesada,,
143400988,brigada pesada,,
143249242,ejecutado,,
143470037,especial,,
143402362,canasta,,
143473861,minicanasta,,
143474815,minicanasta,,
143397150,brigada pesada,,
143136878,semipesada,,
143122152,canasta,,
143408182,canasta,,
130717990,especial,,
143477308,ejecutado,,
143318311,brigada pesada,,
143382166,brigada pesada,,
143122218,canasta,,
143405906,brigada pesada,,
143392883,brigada pesada,,
143403749,ejecutado,,
143383135,brigada pesada,,
143470210,no pertenece,,
143475789,minicanasta,,
143470552,ejecutado,,
143470388,no pertenece,,
143403494,ejecutado,,
143486402,brigada pesada,,
143405212,canasta,,
143401539,brigada pesada,,
143400637,brigada pesada,,
143318219,brigada pesada,,
143400277,brigada pesada,,
142518514,brigada pesada,,
143397479,ejecutado,,
143249315,brigada pesada,,
143404729,semipesada,,
143407134,brigada pesada,,
143122210,canasta,,
142948839,canasta,,
142788116,brigada pesada,,
142937572,brigada pesada,,
143483306,semipesada,,
143472148,ejecutado,,
143486981,especial,,
143445260,ejecutado,,
143479115,canasta,,
143400989,brigada pesada,,
143408989,brigada pesada,,
143566331,canasta,,
142251187,canasta,,
143554829,no pertence,,
143552873,no pertence,,
143558999,no pertence,,
143401092,canasta,,
143488745,brigada pesada,,
143475594,brigada pesada,,
143122171,canasta,,
143383666,ejecutado,,
143390469,ejecutado,,
143401913,canasta,,
143060299,comunidad agresiva,,
143559437,brigada pesada,,
143570272,canasta,,
143481490,brigada pesada,,
143576462,brigada pesada,,
143557321,brigada pesada,,
143249383,brigada pesada,,
143485300,ejecutado,,
143665781,brigada pesada,,
143560140,brigada pesada,,
143553043,no pertenece,,
143635923,canasta,,
143552584,especial,,
143569249,brigada pesada,,
143408079,brigada pesada,,
143637320,canasta y especial,,
143552063,ejecutado,,
143569952,canasta,,
143565258,ejecutado,,
143638254,brigada pesada,,
143568553,brigada pesada,,
143553694,ejecutado,,
143556825,especial,,
143481119,brigada pesada,,
142313530,brigada pesada,,
143392900,brigada pesada,,
142874798,brigada pesada,,
143636512,brigada pesada,,
143249219,canasta,,
143399817,comunidad agresiva,,
143399813,comunidad agresiva,,
143399815,comunidad agresiva,,
143122273,acceso impedido,,
143667452,especial,,
143316751,brigada pesada,,
143554716,ejecutado,,
143765110,especial,,
143562539,ya normalizado,,
143641910,brigada pesada,,
143555937,canasta,,
143567462,brigada pesada,,
143790528,canasta,,
143692649,canasta,,
143315894,brigada pesada,,
143408172,brigada pesada,,
143639622,ejecutado,,
143664597,especial,,
143693526,brigada pesada,,
143637604,brigada pesada,,
143667131,ejecutado,,
143671262,brigada pesada,,
143638278,no pertenece,,
143666852,brigada pesada,,
143671435,brigada pesada,,
143571281,brigada pesada,,
143571585,ejecutado,,
143571648,brigada pesada,,
143667826,canasta,,
143694398,ejecutado,,
143220127,brigada pesada,,
143644868,brigada pesada,,
143671059,brigada pesada,,
143661404,no pertenece,,
143640208,canasta,,
143470229,brigada pesada,,
143470622,brigada pesada,,
143667702,ejecutado,BT,
143570189,brigada pesada,,
143797293,ejecutado,,
143838731,brigada pesada,,
143757331,canasta,,
143726372,especial,,
143819397,brigada pesada,,
143670148,brigada pesada,,
143636767,brigada pesada,,
143910947,brigada pesada,,
143561965,brigada pesada,,
143795192,brigada pesada,,
143126812,canasta,,
143640955,canasta,,
143796637,canasta,,
143664567,ejecutado,,
143791543,ejecutado,,
143556043,ejecutado,,
143820643,ejecutado,,
143640202,caja concentradora,,
143692490,ejecutado,,
143637881,ejecutado,,
143666989,ejecutado,,
143460500,brigada pesada,,
143825470,canasta,,
143399689,canasta,,
143561767,canasta,,
143759331,canasta,,
143909536,brigada pesada,,
143914448,canasta,,
143836534,brigada pesada,,
143909831,brigada pesada,,
144000506,brigada pesada,,
143831013,brigada pesada,,
143792496,ejecutado,,
143913465,canasta,,
143838505,brigada pesada,,
143913257,especial,,
143837940,brigada pesada,,
143845510,canasta,,
143909741,brigada pesada,,
143842315,canasta,,
143825146,brigada pesada,,
143831343,brigada pesada,,
143761237,brigada pesada,,
143992868,brigada pesada,,
143907765,canasta,,
143797739,brigada pesada,,
143907545,brigada pesada,,
143908769,brigada pesada,,
143837093,canasta,,
143985059,canasta,,
143667276,canasta,,
143826930,canasta,,
144117474,brigada pesada,,
143399803,especial,,
144179349,brigada pesada,,
144114599,canasta,,
143399802,canasta,,
143834175,caja concentradora,,
143470575,brigada pesada,,
143911719,canasta,,
144133130,canasta,,
144130281,canasta,,
144180745,ejecutado,,
144140455,ejecutado,,
143991686,especial,,
143845256,canasta,,
144277724,canasta,,
144140607,brigada pesada,,
144046435,brigada pesada,,
143984820,ejecutado,,
144002219,canasta,,
144006329,brigada pesada,,
144120015,brigada pesada,,
143990485,especial,,
143827174,brigada pesada,,
143845856,brigada pesada,,
144116864,brigada pesada,,
144117227,brigada pesada,,
144295770,brigada pesada,,
144296044,brigada pesada,,
144297115,brigada pesada,,
143636793,brigada pesada,,
144279563,canasta,,
143984261,especial,,
144286090,caja concentradora,,
143846184,canasta,,
144158473,canasta,,
144158470,canasta,,
144114579,especial,,
144280637,canasta,,
143667244,canasta,,
143667242,canasta,,
131517663,canasta,,
143667241,canasta,,
143982436,brigada pesada,,
143791566,canasta,,
143830653,brigada pesada,,
144299564,canasta,,
144408716,canasta,,
144158468,canasta,,
144282523,canasta,,
144294189,canasta,,
144412548,especial,,
144297070,brigada pesada,,
144287581,canasta,,
143911008,brigada pesada,,
144287688,brigada pesada,,
144047357,canasta,TET,
144389044,brigada pesada,,
144403656,brigada pesada,,
144304628,ejecutado,,
144390496,brigada pesada,,
144283409,caja concentradora,,
144280252,caja concentradora,,
143909331,brigada pesada,,
143846372,brigada pesada,,
144293445,canasta,,
144304902,canasta,,
144114682,canasta,,
144397084,canasta,,
143999315,no pertenece,,
143984794,minicanasta,,
144117030,ejecutado,,
144280012,brigada pesada,,
144116916,semipesada,,
144282545,canasta,,
144282915,minicanasta,,
144414661,no pertenece,,
144158462,canasta,,
144158463,canasta,,
144158472,canasta,,
138207988,canasta,,
144293051,ejecutado,,
143846373,ejecutado,,
143403225,ejecutado,,
144277929,ejecutado,,
143838474,ejecutado,,
144115098,canasta,,
144282525,canasta,,
144282565,canasta,,
143838808,ejecutado,,
144420064,ejecutado,,
143229186,canasta,,
143667286,canasta,,
144296479,no pertenece,,
142206401,NO PROGRAMAR,,
144613262,brigada pesada,,
144281694,canasta,,
144301272,semipesada,,
144455327,canasta,,
144512053,canasta,,
144533914,brigada pesada,,
144460228,ejecutado,,
144453129,canasta,,
144398351,brigada pesada,,
144512131,brigada pesada,,
144046776,brigada pesada,,
144441120,especial,,
144441505,no pertence,,
144534123,ejecutado,,
144512531,canasta,,
144414379,canasta,,
144457203,canasta,,
144412173,especial,,
144418678,ejecutado,,
144179196,ejecutado,,
143910966,ejecutado,,
144535871,brigada pesada,,
144410100,especial,,
144597127,brigada pesada,,
144411359,brigada pesada,,
144512214,especial,,
144511537,brigada pesada,,
144612752,canasta,,
137617835,semidirecta,,
144282560,canasta,,
144604797,canasta,,
144537841,canasta,,
144459105,brigada pesada,,
144003392,canasta,,
144399328,brigada pesada,,
144399576,brigada pesada,,
144303227,ejecutado,,
143400264,brigada pesada,LEWIS ANGARITA SANCHEZ,
144532849,ejecutado,LEWIS ANGARITA SANCHEZ,
144538604,brigada pesada,,
144614486,canasta y especial,,
144536047,especial,,
144537870,brigada pesada,,
144608531,brigada pesada,,
144608972,canasta,,
144536865,brigada pesada,,
144417730,canasta,,
144450661,especial,,
144605395,especial,,
144612809,canasta,,
144597925,brigada pesada,,
144600048,brigada pesada,,
143999839,canasta,,
144614657,ejecutado,,
144610477,especial,,
144616020,ejecutado,,
144711117,ejecutado,,
144712609,canasta,27/11/2025,
144719476,brigada pesada,,
144714118,brigada pesada,,
144713673,brigada pesada,,
144614799,especial,,
144717010,ejecutado,,
144062604,brigada pesada,,
144069290,ejecutado,,
144719082,canasta,,
144788487,ejecutado,,
144512924,no pertenece,,
144612534,canasta,,
144787086,canasta,,
144792469,brigada pesada,,
144719947,brigada pesada,,
144604299,brigada pesada,,
144698046,canasta,,
144792107,canasta,,
144612786,canasta,,
144533628,canasta,,
144711911,canasta,,
144395010,doble generado,,
144710506,canasta,,
144789237,especial,,
144719996,canasta,,
144718725,canasta,,
144706229,brigada pesada,,
144615287,canasta,,
144725820,ejecutado,,
144783611,ejecutado,,
144598648,no pertence,,
144806821,canasta,28/11/2025,
144714215,brigada pesada,,
144806856,ejecutado,,
144805333,brigada pesada,,
144295305,canasta,,
144595298,canasta,,
144807265,canasta,,
144801286,canasta,,
144789503,ejecutado,,
144608971,brigada pesada,,
144805535,especial,,
144716693,canasta,,
144785850,brigada pesada,,
144703664,brigada pesada,,
144786734,brigada pesada,,
144789347,canasta,,
144599723,canasta,,
144710564,no pertence,,
144715282,brigada pesada,,
144681000,brigada pesada,,
143122150,canasta,,
144282573,canasta,,
144837352,canasta,,
144809362,ejecutado,,
144713779,brigada pesada,29/11/2025,
144821659,brigada pesada,,
144721393,brigada pesada,,
144282572,canasta,,
144826786,brigada pesada,,
144820625,ejecutado,,
142948575,canasta,,
144792326,brigada pesada,,
144832491,ejecutado,,
144827552,brigada pesada,,
144722201,semipesada,,
144807636,brigada pesada,,
144396007,ejecutado,,
144533619,ejecutado,,
144717159,ejecutado,,
144511945,brigada pesada,,
144851402,no pertenece,,
144845619,brigada pesada,,
144815814,brigada pesada,1/12/2025,
144402252,ejecutado,,
144601257,ejecutado,,
144800105,brigada pesada,,
144817126,canasta,,
144849072,ejecutado,,
144823771,brigada pesada,,
144282567,canasta,,
144282568,canasta,,
144605829,semipesada,,
144602604,ejecutado,,
144913415,canasta,,
144913055,canasta,,
144913319,canasta,,
144944068,canasta,2/12/2025,
144921048,ejecutado,,
145002220,brigada pesada,,
144920551,semipesada,,
144809363,ejecutado,,
144905589,ejecutado,,
144903564,especial,,
144817972,especial,,
144903245,brigada pesada,,
144859014,especial,,
144512093,ejecutado,,
144891404,ejecutado,,
144993402,canasta,,
144935549,canasta,,
144935144,especial,,
145000283,brigada pesada,,
144904748,canasta,,
144939750,brigada pesada,,
144932212,canasta,,
144852364,brigada pesada,,
144904998,brigada pesada,,
144887047,semipesada,,
144819828,brigada pesada,,
144931733,especial,,
144878605,no pertenece,,
144909119,brigada pesada,,
144921657,ejecutado,,
144902880,ejecutado,,
144536575,ejecutado,,
145000525,ejecutado,,
144925430,brigada pesada,,
144929339,canasta,3/12/2025,
144879503,ejecutado,,
145000448,brigada pesada,,
144826976,canasta,,
144712337,ejecutado,,
144783893,ejecutado,,
145000332,ejecutado,,
144896164,brigada pesada,,
144999972,canasta,,
144913029,canasta,,
144826922,ejecutado,,
144913282,canasta,,
144810107,canasta,,
144939010,brigada pesada,,
144279338,canasta,,
144925224,ejecutado,,
144820970,canasta,,
144613677,brigada pesada,,
144916684,especial,,
144860309,canasta,,
145006364,ejecutado,,
145006359,especial,,
145016556,brigada pesada,,
145026569,canasta,4/12/2025,
145024368,ejecutado,,
145006201,ejecutado,,
145001494,ejecutado,,
144999384,ejecutado,,
145006044,no pertenece,,
145017589,no pertenece,,
145005445,brigada pesada,,
144824997,ejecutado,,
145005485,brigada pesada,,
144614772,ejecutado,,
144912958,canasta,,
144614874,brigada pesada,,
144912959,canasta,,
145245306,canasta,,
-28692177,brigada pesada,,
145235897,canasta,,
-28692110,ejecutado,,
145155599,canasta,5/12/2025,
145071100,canasta,,
-28693531,canasta,,
144914464,canasta,,
145171833,canasta,,
144282524,canasta,,
-28691464,canasta,,
145172733,brigada pesada,,
144938877,ejecutado,,
144912974,canasta,,
144913280,canasta,,
145063805,canasta,,
144913825,canasta,,
144914748,canasta,,
144914700,canasta,,
145153908,brigada pesada,,
145154304,brigada pesada,,
145005400,brigada pesada,,
145005472,no pertenece,,
145026926,no pertenece,,
145246267,ejecutado,,
144999319,brigada pesada,,
145069166,no pertenece,,
145006692,brigada pesada,,
-28691509,brigada pesada,,
145154510,canasta,,
145340638,duplicidad,,
-28691497,brigada pesada,,
145256907,no pertence,,
145073731,canasta,,
-28692080,canasta,,
145251090,no pertenece,,
145256205,especial,6/12/2025,
145239830,canasta,,
145256741,ejecutado,,
144295298,canasta,,
144295299,canasta,,
144400672,canasta,,
-28692740,canasta,,
144914593,canasta,,
145238791,ejecutado,BT,
145241737,especial,,
145055266,ejecutado,,
145156206,ejecutado,,
145339779,no pertenece,,
145052599,no pertenece,,
145236207,no pertenece,,
145007549,no pertenece,,
145066948,no pertenece,7/12/2025,
145262758,no pertenece,,
145330828,no pertenece,,
145071101,no pertenece,,
145337120,no pertenece,,
145346831,no pertenece,,
145007262,no pertenece,,
144914474,canasta,,
145339631,no pertenece,,
145345220,brigada pesada,,
145245447,canasta,9/12/2025,
145245036,brigada pesada,,
145241301,canasta,,
144914282,canasta,,
144915018,canasta,,
144914879,brigada pesada,,
145353773,ejecutado,,
145012529,canasta,,
145253197,brigada pesada,,
144612810,canasta,,
145341671,canasta,,
144914272,canasta,,
145332846,brigada pesada,,
145027861,canasta,,
145244598,canasta,,
144924276,canasta,,
145333946,brigada pesada,,
144914285,canasta,,
144612800,especial,,
145370364,ejecutado,,
145506719,canasta,,
145368807,brigada pesada,,
145437192,canasta,,
145370367,ejecutado,10/12/2025,
144914877,cliente no permite intervencion,,
144114577,especial,,
145364340,brigada pesada,,
145367697,ejecutado,,
145349827,brigada pesada,,
144914870,especial,,
145352924,brigada pesada,,
145344795,canasta,,
145339398,no pertenece,,
145364546,brigada pesada,,
145438081,canasta,,
145369737,no pertenece,,
145365474,brigada pesada,,
144914277,canasta,,
145512025,ejecutado,,
145254238,brigada pesada,,
145261237,brigada pesada,,
145262309,brigada pesada,,
139436771,No programar,,
145237183,brigada pesada,,
145337674,brigada pesada,,
145360826,ejecutado,,
145441155,ejecutado,,
145348934,no pertenece,,
145440166,no pertenece,,
145440167,no pertenece,,
145440204,no pertenece,,
145440206,no pertenece,,
145440213,no pertenece,,
145440217,no pertenece,,
145440221,no pertenece,,
145440222,no pertenece,,
145440223,no pertenece,,
145440224,no pertenece,,
145440238,no pertenece,,
145440241,no pertenece,,
145440246,no pertenece,,
145440247,no pertenece,,
145361809,no pertenece,,
145515697,canasta,,
145242847,ejecutado,,
145369296,ejecutado,,
145519793,brigada pesada,,
145336891,especial,11/12/2025,
145251992,brigada pesada,,
145439882,brigada pesada,,
145526387,no pertenece,,
143043509,no pertenece,,
145520492,no pertenece,,
145369455,no pertenece,,
145512810,no pertenece,,
145588379,no pertenece,,
145364616,no pertenece,,
145518567,no pertenece,,
145520831,brigada pesada,,
145592242,brigada pesada,,
145589090,brigada pesada,,
145046288,ejecutado,,
145524628,canasta,,
145599270,canasta,,
145513193,brigada pesada,,
145592611,NO PROGRAMAR,,
145592718,NO PROGRAMAR,,
145592778,NO PROGRAMAR,,
145592971,NO PROGRAMAR,,
145592995,NO PROGRAMAR,,
145593028,NO PROGRAMAR,,
145593114,NO PROGRAMAR,,
145594798,NO PROGRAMAR,,
145595025,NO PROGRAMAR,,
145595366,NO PROGRAMAR,,
145595444,NO PROGRAMAR,,
145595755,NO PROGRAMAR,,
145512475,canasta,,
145519946,brigada pesada,,
145351259,canasta,,
145370326,ejecutado,,
145588032,brigada pesada,,
145526864,brigada pesada,,
145368619,especial,,
145370376,especial,,
145524587,ejecutado,,
145524489,brigada pesada,,
145026249,ejecutado,,
-28691525,ejecutado,,
144914475,especial,,
145438187,brigada pesada,,
145246222,canasta,,
145588917,canasta,,
145330958,brigada pesada,,
145602300,brigada pesada,,
145602347,brigada pesada,,
145437263,ejecutado,,
145246885,brigada pesada,,
145345406,brigada pesada,,
145331174,brigada pesada,,
145344499,brigada pesada,,
145589442,brigada pesada,,
145366933,canasta,,
145172280,canasta,,
145512992,ejecutado,,
145367316,ejecutado,,
145346779,ejecutado,,
145526201,canasta,,
145608852,especial,,
145605279,brigada pesada,,
145243210,brigada pesada,12/12/2025,
145234315,canasta,,
145520647,ejecutado,,
145520634,brigada pesada,,
145602547,especial,TET,
145599261,canasta,,
145520917,canasta,,
144914907,canasta,,
144913822,canasta,,
144914309,canasta,,
144913469,canasta,,
144912997,canasta,,
145607791,canasta,,
145608799,ejecutado,,
145608273,ejecutado,,
145518362,brigada pesada,,
145606105,canasta,,
145689136,canasta,,
145597811,canasta,,
144914508,brigada pesada,,
145601263,ejecutado,,
145606080,brigada pesada,,
144913321,canasta,,
145599307,canasta,,
145366930,ejecutado,,
145256128,ejecutado,,
141617624,canasta,,
145781774,brigada pesada,,
145597077,no pertenece,,
145674718,ejecutado,,
145526689,duplicidad,contactar usuario,
145526690,duplicidad,,
145526685,duplicidad,,
145526686,duplicidad,,
145526695,duplicidad,,
145526696,duplicidad,,
145526665,duplicidad,,
145526669,duplicidad,,
145526701,duplicidad,,
145526702,duplicidad,,
145526703,duplicidad,,
145526704,duplicidad,,
145526697,duplicidad,,
145526698,duplicidad,,
145526699,duplicidad,,
145526700,duplicidad,,
145526693,duplicidad,,
145526694,duplicidad,,
145526705,duplicidad,,
145526706,duplicidad,,
145526691,duplicidad,,
145526692,duplicidad,,
145526677,duplicidad,,
145526678,duplicidad,,
145526679,duplicidad,,
145526680,duplicidad,,
145526687,duplicidad,,
145526688,duplicidad,,
145526682,duplicidad,,
145526683,duplicidad,,
145526684,duplicidad,,
145526675,duplicidad,,
145526676,duplicidad,,
145526668,duplicidad,,
145526670,duplicidad,,
145526660,duplicidad,,
145526662,duplicidad,,
145526663,duplicidad,,
145526667,duplicidad,,
145526671,duplicidad,,
145526672,duplicidad,,
145526673,duplicidad,,
145526674,duplicidad,,
145057490,ejecutado,,
145369377,ejecutado,,
145348086,ejecutado,,
145250978,brigada pesada,,
145241626,brigada pesada,,
144680417,brigada pesada,,
144914736,especial,,
145606491,brigada pesada,,
145675817,especial,,
145711969,brigada pesada,,
145607977,brigada pesada,13/12/2025,
145690465,brigada pesada,,
145682384,brigada pesada,,
145682385,brigada pesada,,
145689465,ejecutado,,
145782228,brigada pesada,,
145606112,canasta,,
145601136,brigada pesada,,
145597372,ejecutado,,
145785088,brigada pesada,,
145682297,canasta,,
145608994,ejecutado,,
145607436,ejecutado,,
145688971,brigada pesada,,
145684625,brigada pesada,,
145689085,ejecutado,,
145691339,ejecutado,,
145684340,no pertenece,,
145674363,especial,,
145786516,semipesada,,
145685076,brigada pesada,,
145343346,brigada pesada,,
145713171,brigada pesada,,
145786899,brigada pesada,,
145822166,brigada pesada,15/12/2025,
145822109,brigada pesada,,
145797493,brigada pesada,,
145527172,brigada pesada,,
145691322,no pertenece,,
145799784,ejecutado,,
145439441,ejecutado,,
144914315,canasta,,
145795115,ejecutado,,
145793400,canasta,,
145791583,brigada pesada,,
145713588,brigada pesada,,
145824098,brigada pesada,,
145344496,ejecutado,,
145599320,canasta,,
145599321,canasta,,
145599319,canasta,,
144914625,canasta,,
145787061,brigada pesada,,
145683948,brigada pesada,,
145789169,brigada pesada,,
145785058,semipesada,,
145685129,brigada pesada,,
145247032,canasta,,
145606341,duplicidad,,
145244546,brigada pesada,,
145826514,semipesada,,
145791283,brigada pesada,,
145688923,brigada pesada,,
144914624,canasta,,
145785303,brigada pesada,,
144914510,brigada pesada,,
145596266,NO PROGRAMAR,,
145596324,NO PROGRAMAR,,
145596787,NO PROGRAMAR,,
145596487,NO PROGRAMAR,,
145596446,NO PROGRAMAR,,
145596744,NO PROGRAMAR,,
145596873,NO PROGRAMAR,,
145820960,canasta,,
145824836,ejecutado,,
145927615,ejecutado,,
145921698,brigada pesada,16/12/2025,
145827284,brigada pesada,,
145793474,especial,,
145833551,brigada pesada,,
145825306,canasta,,
145787563,canasta,,
144914627,minicanasta,,
144914373,minicanasta,,
145924063,brigada pesada,,
145926311,canasta,,
146006107,brigada pesada,,
145829513,canasta,,
145832915,canasta,,
145922585,ejecutado,,
145921565,ejecutado,,
144914428,canasta,,
145793209,ejecutado,,
144914630,canasta,,
145799272,brigada pesada,TET,
145601490,cliente no permite intervencion,,
145525577,cliente no permite intervencion,BT,
145599251,canasta,,
145996428,brigada pesada,,
145929040,brigada pesada,,
145599317,canasta,,
145599252,canasta,,
145599250,canasta,,
145791282,brigada pesada,BT,
145791995,brigada pesada,BT,
144881198,cliente no permite intervencion,BT,
144914906,canasta,,
144914538,canasta,,
145520612,ejecutado,,
145999277,no pertenece,BT,
146011498,brigada pesada,BT,
146105187,brigada pesada,17/12/2025,
146005492,canasta,,
145518465,brigada pesada,,
145993837,canasta,,
146000243,brigada pesada,,
145819026,brigada pesada,,
146009469,brigada pesada,TET,
144605082,brigada pesada,,
144881231,canasta,,
145599285,canasta,,
146105739,ejecutado,,
145924443,no pertenece,BT,
144913480,canasta,BT,
146011906,ejecutado,,
144913481,cliente no permite intervencion,,
145996869,brigada pesada,BT,
145675173,brigada pesada,,
146000233,canasta,,
145998357,no pertenece,,
146014016,no pertenece,,
146108732,no pertenece,,
145997667,no pertenece,,
146007387,no pertenece,,
146006047,no pertenece,,
146012788,no pertenece,,
146011014,no pertenece,,
145781070,brigada pesada,,
146128767,no pertenece,,
146127733,no pertenece,,
146128852,no pertenece,,
144931804,especial,,
146158699,especial,,
146249689,especial,,
145599272,Medidor tipo3,18/12/2025,
145526661,medida especial,,
145513441,canasta,,
145999697,Medidor tipo3,,
144881258,cliente no permite intervencion,,
144914276,canasta,TET,
146229830,canasta,,
146233149,brigada pesada,,
146122105,brigada pesada,BT,
146133334,brigada pesada,TET,
146228102,brigada pesada,,
145676391,ejecutado,,
146227821,ejecutado,,
146110299,ejecutado,,
146114088,ejecutado,,
146122928,ejecutado,,
146229505,ejecutado,,
145922112,ejecutado,,
146133679,especial,,
146105334,brigada pesada,,
146241889,no pertenece,,
146233513,no pertenece,,
145244276,brigada pesada,,
146112487,ejecutado,,
145779169,especial,,
145997467,brigada pesada,,
145690882,ejecutado,,
145827690,ejecutado,,
146156755,canasta,,
145827279,ejecutado,,
146121786,ejecutado,,
141382412,canasta,,
146130824,ejecutado,,
145990810,ejecutado,,
146248886,canasta,TET,
146373397,brigada pesada,19/12/2025,
146360582,brigada pesada,,
146358549,ejecutado,,
144913053,canasta,,
146246093,ejecutado,,
146352154,no pertenece,,
146355030,no pertenece,BT,
146376043,no pertenece,,
146361355,ejecutado,,
146005057,ejecutado,,
145797562,ejecutado,,
145927374,ejecutado,,
145829955,ejecutado,,
146011289,ejecutado,,
146352510,no pertenece,,
144914423,canasta,,
144914433,canasta,,
144915053,especial,,
146255460,ejecutado,BT,
146351725,ejecutado,BT,
146249632,canasta,,
145921876,ejecutado,,
146125349,canasta,,
146383459,no pertenece,,
146475684,no pertenece,,
146383298,no pertenece,BT,
146479438,no pertenece,20/12/2025,
146481155,no pertenece,,
146135850,ejecutado,,
146372410,brigada pesada,,
146490849,canasta,,
146254787,brigada pesada,,
146382971,brigada pesada,,
146487611,canasta,TET,
146495846,no pertenece,,
146228688,ejecutado,,
146495647,especial,BT,
146380954,brigada pesada,,
146366385,no pertenece,,
146479703,brigada pesada,,
146473998,ejecutado,,
146360116,brigada pesada,,
146481903,no pertenece,,
146477406,brigada pesada,,
146475571,ejecutado,,
146482755,canasta,,
146381629,no pertenece,,
146492257,brigada pesada,,
146474192,especial,BT,
146478285,ejecutado,,
146481327,ejecutado,,
146481372,brigada pesada,,
146374489,brigada pesada,,
146354959,brigada pesada,,
146001339,brigada pesada,,
146495864,brigada pesada,,
146525898,brigada pesada,,
146498069,especial,22/12/2025,
146364959,especial,,
146485328,ejecutado,,
146517962,no pertenece,,
146492782,ejecutado,,
146479849,canasta,,
146496641,no pertenece,,
146495362,ejecutado,,
146369431,canasta,,
146529544,canasta,,
146528457,brigada pesada,,
146495771,canasta,BT,
146354950,brigada pesada,TET,
146534024,ejecutado,,
146362285,especial,,
146528705,ejecutado,,
146597204,no pertenece,,
146637918,no pertenece,,
146525910,no pertenece,,
146483297,no pertenece,,
146537584,ejecutado,,
146377015,especial,,
146522683,brigada pesada,,
146490005,brigada pesada,,
146602892,brigada pesada,,
146491596,ejecutado,,
146603015,canasta,,
146608042,ejecutado,,
146683942,canasta,,
146684173,canasta,23/12/2025,
146684829,canasta,,
146597278,canasta,TET,
146671194,brigada pesada,TET,
146485660,canasta,TET,
146539600,especial,,
146669256,canasta,,
146539930,ejecutado,TET,
146694454,no pertenece,,
146691400,no pertenece,,
146539585,no pertenece,,
146527360,no pertenece,,
146689285,no pertenece,,
146480214,canasta,,
146480218,canasta,,
146668372,brigada pesada,,
144914622,brigada pesada,BT,
146480220,Medidor tipo3,BT,
146693203,especial,,
146487998,brigada pesada,,
146692304,canasta,,
146597389,brigada pesada,,
146678901,brigada pesada,,
146666722,brigada pesada,,
146666628,brigada pesada,,
146517918,brigada pesada,,
146376982,canasta,,
146599841,brigada pesada,,
145678447,brigada pesada,,
146376941,canasta,BT,
146536093,no pertenece,,
146669019,brigada pesada,,
145786448,brigada pesada,TET,
143667234,canasta,,
146684028,brigada pesada,,
146769662,no pertenece,,
146772830,no pertenece,BT,
146771424,no pertenece,,
146771144,no pertenece,24/12/2025,
146795134,no pertenece,,
146794140,no pertenece,,
146791467,no pertenece,,
146782925,no pertenece,,
146790112,no pertenece,,
146787060,no pertenece,,
146770361,no pertenece,,
146517376,no pertenece,,
146716908,especial,,
146717116,especial,,
146537420,especial,,
146690214,canasta,,
146697336,brigada pesada,,
146604501,canasta,,
146597370,brigada pesada,,
146684172,brigada pesada,,
146694413,ejecutado,,
146694107,brigada pesada,,
146778499,especial,,
146669178,brigada pesada,,
146774376,canasta,,
146670138,no pertenece,,
146793376,brigada pesada,,
146771312,ejecutado,TET,
146774550,semipesada,,
146779346,ejecutado,,
146693042,ejecutado,,
146601345,ejecutado,,
146604145,ejecutado,,
146793834,ejecutado,,
146694903,ejecutado,,
146790436,canasta,,
146779708,ejecutado,,
144914271,brigada pesada,,
146790342,canasta,,
146794031,canasta,,
146814775,ejecutado,,
146424753,ejecutado,,
146717062,ejecutado,,
146788188,canasta,,
146822778,no pertenece,,
146825860,ejecutado,,
146817099,ejecutado,,
146793390,canasta,,
146817323,ejecutado,,
146833414,no pertenece,,
146830366,no pertenece,,
146830910,no pertenece,,
146831136,no pertenece,,
146836764,no pertenece,,
146672578,canasta,,
146697419,canasta,,
144914934,canasta BT,25/12/2025,
144914935,canasta BT,,
146377004,no pertenece,26/12/2025,
146369436,canasta BT,,
146369437,canasta BT,,
146915926,no pertenece,,
146838875,brigada pesada,,
146916774,canasta TET,,
146915342,ejecutado,,
146916883,brigada pesada,,
146837466,no pertenece,,
146830627,brigada pesada,,
146917649,especial,,
146917861,no pertenece,,
146918141,canasta BT,,
146915983,brigada pesada,,
146818786,brigada pesada,,
146915061,ejecutado,,
146917561,brigada pesada,,
146839054,canasta TET,,
146839374,especial,,
145066961,canasta,,
146917522,no pertenece,,
146918496,ejecutado,,
146691739,brigada pesada,,
146919067,no pertenece,,
146918337,ejecutado,,
146838447,ejecutado,,
146923711,no pertenece,,
146830741,brigada pesada,,
146920614,ejecutado,,
146916359,brigada pesada,,
146926835,no pertenece,,
146925712,no pertenece,,
146918622,ejecutado,,
146918406,no pertenece,,
146933526,no pertenece,,
146947878,no pertenece,,
146934760,no pertenece,,
146948150,no pertenece,,
146941014,no pertenece,,
146920043,no pertenece,,
146929208,no pertenece,,
146949268,no pertenece,,
146819303,no pertenece,,
146945963,especial,,
146926040,ejecutado,,
146947410,brigada pesada,,
146924585,brigada pesada,27/12/2025,
146917970,canasta,,
146935097,no pertenece,,
146927134,brigada pesada,,
146944384,brigada pesada,,
146917514,canasta TET,,
144914644,canasta BT,,
144914290,especial,,
146915092,ejecutado,,
146917457,ejecutado,,
146927426,ejecutado,,
146932539,ejecutado,,
146923395,ejecutado,,
146938297,ejecutado,,
146919327,ejecutado,,
146377013,canasta TET,,
146923810,no pertenece,,
146943731,ejecutado,,
146947141,no pertenece,,
146936502,ejecutado,,
146931008,no pertenece,,
146917278,brigada pesada,,
146933904,brigada pesada,,
146945888,brigada pesada,,
146949333,no pertenece,,
146937842,ejecutado,,
146935089,ejecutado,,
146928697,ejecutado,,
146839496,ejecutado,,
146932823,ejecutado,,
147060943,no pertenece,,
147061433,no pertenece,,
146935717,no pertenece,,
146952980,no pertenece,29/12/2025,
147009183,no pertenece,,
146933015,no pertenece,,
146932378,no pertenece,,
147006120,no pertenece,,
147018088,no pertenece,,
147019940,no pertenece,,
147019978,no pertenece,,
147013695,no pertenece,,
147016070,no pertenece,,
147061280,no pertenece,,
147010779,no pertenece,,
146369445,canasta BT,,
147014381,brigada pesada,,
146943538,especial,,
147058382,ejecutado,,
147059813,brigada pesada,,
146998956,ejecutado,,
147057262,brigada pesada,,
147026548,ejecutado,,
147020569,ejecutado,,
146999007,ejecutado,,
146999779,brigada pesada,,
147027420,brigada pesada,,
147047988,no pertenece,,
147054284,no pertenece,,
147005228,no pertenece,,
147023562,no pertenece,,
146953199,no pertenece,,
147009683,ejecutado,,
146951877,canasta,,
147024323,ejecutado,,
146951876,brigada pesada,,
147054796,no pertenece,,
147058996,ejecutado,,
147015896,canasta TET,,
147022301,canasta TET,,
147013271,canasta TET,,
147015473,ejecutado,,
147010081,brigada pesada,,
144913049,canasta BT,,
144913054,canasta BT,,
147025729,ejecutado,,
146479702,brigada pesada,,
147065924,no pertenece,,
147065495,no pertenece,,
146943116,ejecutado,,
147022206,brigada pesada,,
147025336,no pertenece,,
146927604,brigada pesada,,
147063646,canasta TET,,
145786632,brigada pesada,,
147060935,especial,,
147063211,ejecutado,,
147069719,brigada pesada,,
147076391,no pertenece,,
147073414,no pertenece,,
147073179,no pertenece,,
147075769,no pertenece,,
147080695,no pertenece,,
147077738,no pertenece,,
147062597,canasta BT,,
140562007,canasta TET,,
144914331,cliente no permite intervencion,,
146480217,cliente no permite intervencion,,
146482351,canasta BT,,
144914634,canasta BT,,
143043140,brigada pesada,,
138036621,brigada pesada,,
147075630,no pertenece,,
146790657,ejecutado,,
147087552,no pertenece,,
147090463,no pertenece,,
147017336,no pertenece,,
146951084,no pertenece,,
146952766,no pertenece,,
147086079,brigada pesada,,
147076863,canasta BT,,
147085358,ejecutado,,
147086735,brigada pesada,30/12/2025,
147073338,ejecutado,,
147080065,ejecutado,,
147105364,ejecutado,,
147089355,ejecutado,,
147084118,ejecutado,,
147065565,ejecutado,,
147089046,especial,,
147088802,ejecutado,,
147069235,ejecutado,,
147129225,no pertenece,,
147109153,brigada pesada,,
147129239,ejecutado,,
147129127,ejecutado,,
147012824,ejecutado,,
146125371,canasta BT,,
147141006,no pertenece,,
147143969,no pertenece,,
147148518,no pertenece,,
147145748,no pertenece,,
147132505,no pertenece,,
147142848,no pertenece,,
147141135,no pertenece,,
147143288,no pertenece,,
147145658,no pertenece,,
147145554,no pertenece,,
147148006,no pertenece,,
147136492,no pertenece,,
147146317,no pertenece,,
147129277,ejecutado,,
147021901,ejecutado,,
147083338,ejecutado,,
147130838,ejecutado,,
147063712,ejecutado,,
147150360,no pertenece,,
147160336,no pertenece,,
147089225,canasta y especial,31/12/2025,
147090086,canasta y especial,,
147070945,brigada pesada,,
147071725,brigada pesada,,
147134454,canasta TET,,
147149327,canasta BT,,
147081931,canasta TET,,
144913317,canasta BT,,
144913063,canasta BT,,
144913062,canasta BT,,
144913082,canasta BT,,
144913083,canasta BT,,
144913081,canasta BT,,
144913048,canasta BT,,
147185653,no pertenece,,
147197261,no pertenece,,
147198054,no pertenece,,
147197019,no pertenece,,
147197790,no pertenece,2/1/2026,
147198900,no pertenece,,
147196256,no pertenece,,
147200284,no pertenece,,
147200375,no pertenece,,
147200276,no pertenece,,
147199359,no pertenece,,
147195783,ejecutado,,
147180387,canasta TET,,
147193198,ejecutado,,
147206926,no pertenece,,
147203428,no pertenece,,
147203778,no pertenece,,
147209521,no pertenece,,
147213876,no pertenece,,
147206575,no pertenece,,
147204766,no pertenece,,
147208454,no pertenece,,
147233905,no pertenece,,
147218055,no pertenece,,
147213092,ejecutado,3/1/2026,
147238004,ejecutado,,
147311671,ejecutado,,
147313014,canasta TET,,
147236670,canasta TET,5/1/2026,
147314878,no pertenece,,
147217303,ejecutado,,
147312776,ejecutado,,
147238096,brigada pesada,,
147242607,No pertenece,,
147080180,brigada pesada,,
147217377,ejecutado,,
147203510,brigada pesada,,
146933317,brigada pesada,,
147203395,brigada pesada,,
147245371,canasta TET,,
147236136,canasta TET,,
147239484,canasta TET,,
147379873,no pertenece,,
147392478,no pertenece,,
147377811,no pertenece,,
147381363,no pertenece,,
146376980,canasta BT,6/1/2026,
144915047,canasta BT,,
147397980,no pertenece,,
147395139,no pertenece,,
147313054,ejecutado,,
147388090,canasta,,
147379724,ejecutado,,
147382039,ejecutado,,
147316360,canasta,,
147388513,especial,,
147381033,canasta,,
147191489,ejecutado,,
147146034,ejecutado,,
147398638,brigada pesada,,
147401212,ejecutado,,
147397357,ejecutado,,
147380464,ejecutado,,
147400984,brigada pesada,,
147393712,brigada pesada,,
147377182,ejecutado,,
147312795,brigada pesada,,
147381458,ejecutado,,
147476010,ejecutado,,
147476295,ejecutado,,
147476359,ejecutado,,
147475556,ejecutado,,
147476218,ejecutado,,
147475888,ejecutado,,
147476129,ejecutado,,
147311625,ejecutado,,
147472462,ejecutado,,
147402601,ejecutado,,
147396467,ejecutado,,
147397479,ejecutado,,
147396264,ejecutado,,
147399861,ejecutado,,
147482090,no pertenece,,
147395615,ejecutado,,
147394758,canasta,,
147482024,brigada pesada,,
147481667,brigada pesada,,
147474889,especial,,
147489867,no pertenece,,
147487583,no pertenece,7/1/2026,
147490820,ejecutado,,
147388776,ejecutado,,
147241567,ejecutado,,
147493467,ejecutado,,
147492298,especial,,
147491101,canasta,,
147486163,brigada pesada,,
147491608,ejecutado,,
147491349,canasta,,
147491568,ejecutado,,
147506612,brigada pesada,,
147484953,canasta,,
147382441,ejecutado,,
147484940,brigada pesada,,
147212757,especial,,
147489940,canasta,,
147491249,brigada pesada,,
147491250,canasta,,
147491788,ejecutado,,
147491602,ejecutado,,
147491360,brigada pesada,,
147492444,brigada pesada,,
147489894,no pertenece,,
147565278,no pertenece,,
147572639,no pertenece,,
147477717,ejecutado,,
147395929,ejecutado,,
147476725,brigada pesada,,
147576080,no pertenece,,
147577156,Alcachofa,,
147577267,Alcachofa,,
147577293,Alcachofa,,
147577385,Alcachofa,8/1/2026,
147576402,ejecutado,Elkin Parra,
147576270,ejecutado,Elkin Parra,
147579499,canasta BT,Elkin Parra,
147581451,canasta BT,Elkin Parra,
147578391,brigada pesada,,
147578044,brigada pesada,,
147570525,canasta,,
147572327,brigada pesada,,
147578041,no pertenece,,
147579539,brigada pesada,,
147578218,brigada pesada,,
147566680,especial,,
147582410,ejecutado,,
147577881,ejecutado,,
147582262,ejecutado,,
147581267,ejecutado,,
147564341,ejecutado,,
147485638,ejecutado,,
147647088,no pertenece,,
147654546,no pertenece,,
147649493,no pertenece,,
147663233,no pertenece,,
147658627,no pertenece,,
147662831,no pertenece,,
147394770,canasta,,
147394768,canasta BT,9/1/2026,
147662386,ejecutado,,
147652646,especial,,
147653573,ejecutado,,
147659273,canasta,,
147656562,canasta TET,,
147662913,canasta BT,,
147660472,no pertenece,,
147659511,no pertenece,,
147581789,ejecutado,,
147658207,brigada pesada,,
147492454,ejecutado,,
147652794,canasta BT,,
147652837,ejecutado,,
147652841,canasta TET,,
147647479,canasta TET,,
147650950,canasta TET,,
147395390,canasta BT,,
147566445,brigada pesada,,
147580812,ejecutado,,
147215295,canasta,,
147646941,ejecutado,,
147581381,ejecutado,,
147582010,ejecutado,,
147656781,ejecutado,,
137411668,ejecutado,,
147660556,brigada pesada,,
144414679,canasta TET,,
147567633,ejecutado,,
147567629,ejecutado,,
147743065,no pertenece,,
147736960,no pertenece,,
147736633,no pertenece,,
147727899,no pertenece,,
147736074,no pertenece,,
147737637,no pertenece,,
147734111,no pertenece,,
147581066,ejecutado,,
147654314,ejecutado,,
147736169,canasta BT,,
147733960,canasta BT,,
147568031,ejecutado,,
147662574,ejecutado,,
147729159,brigada pesada,,
147664213,ejecutado,,
147663762,brigada pesada,,
147654298,canasta TET,,
147477289,brigada pesada,,
147733882,especial,,
147664877,ejecutado,,
147394877,cliente no permite intervencion,,
147727769,canasta TET,,
147736445,canasta TET,,
147313217,brigada pesada,,
147650115,ejecutado,,
147654799,ejecutado,,
147742541,no pertenece,,
147651144,ejecutado,,
147653579,ejecutado,,
147663914,ejecutado,,
147655310,ejecutado,,
147663901,ejecutado,,
147567432,ejecutado,,
147821701,no pertenece,,
147820791,no pertenece,,
147756876,no pertenece,,
147742980,no pertenece,,
147394804,canasta BT,,
147394855,canasta BT,,
147394862,canasta BT,,
147395346,especial,,
147756244,ejecutado,,
147743096,ejecutado,,
147751473,canasta TET,,
147737582,brigada pesada,,
147751631,brigada pesada,,
147743066,ejecutado,,
147756921,canasta BT,,
147820864,ejecutado,,
147742365,ejecutado,,
147757390,ejecutado,,
147734598,ejecutado,,
147753911,ejecutado,,
147821944,ejecutado,,
147751021,brigada pesada,,
147755989,ejecutado,,
147394801,canasta TET,,
147741384,ejecutado,,
147823849,no pertenece,,
147890995,no pertenece,,
147890815,no pertenece,,
147893121,no pertenece,,
147755660,canasta TET,,
147741966,ejecutado,,
147755580,ejecutado,,
147821104,ejecutado,,
147757805,ejecutado,,
147757286,ejecutado,,
147742064,ejecutado,,
142974574,especial,,
147823437,brigada pesada,,
147821488,canasta TET,,
147821111,ejecutado,,
147823174,ejecutado,,
147834473,ejecutado,,
147395696,canasta BT,,
147395460,canasta BT,,
147395459,canasta BT,,
147900900,no pertenece,,
147898172,no pertenece,,
147899697,no pertenece,AQUÍ,
147898645,no pertenece,14/1/2026,
147897058,no pertenece,,
147904638,no pertenece,,
147901762,no pertenece,,
147895744,no pertenece,,
147733969,ejecutado,,
147896695,ejecutado,,
147892224,ejecutado,,
147394854,canasta BT,,
147655969,brigada pesada,,
147901730,ejecutado,,
147892953,brigada pesada,,
147893422,brigada pesada,,
147894101,brigada pesada,,
147893600,ejecutado,,
147896342,brigada pesada,,
147896879,brigada pesada,,
147737355,ejecutado,,
147757769,ejecutado,,
147891215,ejecutado,,
147904450,canasta TET,,
147903556,canasta TET,,
147889773,ejecutado,,
147896921,ejecutado,,
147902428,brigada pesada,,
147822301,brigada pesada,,
147898392,brigada pesada,,
147657584,ejecutado,,
147395453,especial,,
147891883,brigada pesada,,
147822368,ejecutado,,
147904573,ejecutado,,
147894137,ejecutado,,
147894553,brigada pesada,,
147904113,ejecutado,,
147893627,canasta TET,,
147899526,ejecutado,,
147395489,canasta BT,,
147821018,ejecutado,,
147740599,ejecutado,,
147664382,ejecutado,,
147943111,no pertenece,,
147904946,no pertenece,,
147904297,brigada pesada,,
147901574,brigada pesada,,
147394825,sin irregularidad,,
147904239,ejecutado,,
147890021,ejecutado,,
147892652,ejecutado,,
147904398,ejecutado,,
147395332,sin irregularidad,,
147893516,brigada pesada,,
148022257,brigada pesada,,
148009520,ejecutado,,
148022643,ejecutado,,
147905399,brigada pesada,15/1/2026,
147943670,canasta TET,,
148017420,canasta TET,,
147823296,brigada pesada,,
148022646,canasta,,
147904872,ejecutado,,
147901256,ejecutado,,
147904180,ejecutado,,
147905296,ejecutado,,
147904668,canasta BT,,
136920301,ejecutado,,
148008432,ejecutado,,
147985456,brigada pesada,,
147943227,canasta TET,,
147905390,canasta TET,,
147394853,canasta,,
148026222,canasta BT,,
148050700,no pertenece,,
147895951,brigada pesada,,
148017292,ejecutado,,
147897256,canasta TET,,
148009328,brigada pesada,,
148011373,brigada pesada,,
147395492,canasta BT,,
147904485,canasta TET,,
147395697,canasta BT,,
147394841,sin irregularidad,,
144913509,sin irregularidad,,
147395434,sin irregularidad,,
147896694,ejecutado,,
148050359,ejecutado,,
147942562,brigada pesada,,
148024237,especial,,
147905407,ejecutado,,
148018622,ejecutado,,
148116681,no pertenece,,
148051051,ejecutado,,
148051000,canasta TET,,
141793837,acceso impedido,,
148121295,brigada pesada,16/1/2026,
148130243,cliente no permite intervencion,,
147395331,sin irregularidad,,
147216136,canasta BT,,
147901968,brigada pesada,,
147395325,sin irregularidad,,
147824293,ejecutado,,
147943746,brigada pesada,,
148126607,brigada pesada,,
148132369,canasta BT,,
148014226,ejecutado,,
148014399,ejecutado,,
148023293,ejecutado,,
148115911,canasta TET,,
147394824,canasta BT,,
148130240,sin irregularidad,,
147892055,canasta TET,,
148025664,canasta TET,,
148027834,ejecutado,,
147395342,sin irregularidad,,
148115753,brigada pesada,,
148133943,brigada pesada,17/1/2026,
148025168,ejecutado,,
148218886,especial,,
148129328,ejecutado,,
148236262,no pertenece,,
148131162,ejecutado,,
148134158,ejecutado,,
148118429,ejecutado,,
148138057,canasta TET,,
146480215,sin irregularidad,,
148255081,no pertenece,,
146480223,sin irregularidad,,
145519260,sin irregularidad,,
144913367,cliente no permite intervencion,19/1/2026,
144913392,sin acceso,,
148302388,ejecutado,,
148237666,brigada pesada,,
148248292,canasta TET,,
148284956,canasta BT,,
148301310,canasta BT,,
148390012,ejecutado,,
144295449,sin irregularidad,,
146114283,canasta BT,,
144295440,canasta BT,,
146480278,sin irregularidad,,
148257852,canasta TET,,
148286213,ejecutado,,
147395406,canasta BT,,
148289182,canasta TET,,
146480212,sin irregularidad,,
148392836,ejecutado,,
148290416,ejecutado,,
146376985,sin irregularidad,,
148258320,ejecutado,,
148393394,ejecutado,,
148126436,especial,,
147395487,sin irregularidad,,
148284329,ejecutado,,
148284908,ejecutado,,
147394802,canasta BT,,
148303023,canasta TET,,
147394717,canasta BT,,
147216154,cliente no permite intervencion,,
144914505,canasta BT,,
148253481,ejecutado,,
148390403,ejecutado,,
148287333,ejecutado,,
147394860,sin irregularidad,,
148389590,especial,,
148487533,no pertenece,,
148496937,no pertenece,,
148489910,no pertenece,,
148492239,no pertenece,,
148484139,no pertenece,,
148283219,ejecutado,,
148389700,ejecutado,,
148492366,sin irregularidad,,
148478456,canasta BT,,
148391670,canasta BT,,
148483700,canasta TET,,
148393635,ejecutado,20/1/2026,
148496872,ejecutado,,
148300892,no pertenece,,
148300235,no pertenece,,
148487519,no pertenece,,
148396280,ejecutado,,
148489655,brigada pesada,,
148489131,brigada pesada,,
146772147,no pertenece,,
148489634,ejecutado,,
148496835,ejecutado,,
148490087,ejecutado,,
148295575,canasta TET,,
148295461,canasta BT,,
148499840,no pertenece,,
148502432,no pertenece,,
148503185,no pertenece,,
148502153,no pertenece,,
148498822,no pertenece,,
148503253,no pertenece,,
148502561,ejecutado,,
148479905,ejecutado,,
148501393,ejecutado,,
148524964,canasta BT,,
145514263,sin irregularidad,,
147394814,sin irregularidad,,
147395389,sin irregularidad,21/1/2026,
148599657,ejecutado,,
148611632,brigada pesada,,
148498137,canasta TET,,
148502906,canasta TET,,
148617393,canasta BT,,
148500911,canasta BT,,
148617394,canasta BT,,
148598029,no pertenece,,
148526505,no pertenece,,
148479265,canasta BT,,
148618540,ejecutado,,
148617391,sin irregularidad,,
148495111,no pertenece,,
148487725,no pertenece,,
148607714,no pertenece,,
148603068,no pertenece,,
148246107,canasta TET,,
147737390,canasta BT,,
147395456,sin irregularidad,,
148483337,especial,,
147233476,canasta TET,,
148619932,ejecutado,,
148615144,ejecutado,,
148711633,no pertenece,22/1/2026,
148708125,no pertenece,,
148716766,no pertenece,,
145796375,brigada pesada,,
143408229,canasta BT,,
143408534,canasta BT,,
145610116,canasta BT,,
147084977,canasta BT,,
147394748,canasta BT,,
148696686,canasta BT,,
148702337,canasta BT,,
148719169,canasta TET,,
148718242,canasta TET,,
148706918,no pertenece,,
148696506,brigada pesada,,
148620795,brigada pesada,,
148701338,ejecutado,,
148390991,ejecutado,,
148499721,ejecutado,,
148492351,canasta BT,,
148618992,ejecutado,,
148721397,canasta TET,,
148493007,sin irregularidad,,
148493008,sin irregularidad,,
148492347,canasta BT,,
148603085,canasta TET,,
147394829,sin irregularidad,,
148708436,brigada pesada,,
148703687,brigada pesada,,
148717434,canasta TET,,
148710134,canasta y brigada pesada,,
147394817,sin irregularidad,,
148803614,no pertenece,,
147395426,canasta BT,,
148492364,canasta BT,,
148492368,sin irregularidad,,
147395382,sin irregularidad,,
148810382,ejecutado,23/1/2026,
148806473,ejecutado,,
148804708,canasta TET,,
147395510,sin irregularidad,,
148710187,brigada pesada,,
148703624,ejecutado,,
148743874,canasta BT,,
148721647,canasta TET,,
148742674,ejecutado,,
148709206,ejecutado,,
147216144,cliente no permite intervencion,,
148707267,canasta BT,,
148810959,ejecutado,,
148502461,ejecutado,,
148744204,brigada pesada,,
148704661,canasta BT,,
148598116,ejecutado,,
148910027,no pertenece,,
148823653,no pertenece,,
148823119,no pertenece,,
148720416,ejecutado,,
148742911,canasta TET,,
147394806,sin irregularidad,,
148815180,ejecutado,,
148813251,canasta BT,,
148500917,canasta BT,,
148500923,canasta BT,,
148699724,ejecutado,,
147394751,canasta BT,,
147394728,sin irregularidad,,
148823100,ejecutado,,
147394696,sin irregularidad,24/1/2026,
147394881,canasta BT,,
148743039,ejecutado,,
148828085,brigada pesada,,
148815556,canasta TET,,
148828268,ejecutado,,
148901736,brigada pesada,,
148923447,canasta TET,,
148907355,no pertenece,,
148909834,no pertenece,,
148920427,ejecutado,,
148913806,canasta TET,,
148922955,canasta BT,,
148707787,ejecutado,,
148810374,especial,,
148924435,ejecutado,,
147394880,especial,,
148900534,canasta TET,,
148824477,canasta TET,,
148827814,ejecutado,,
148926040,no pertenece,,
148928177,no pertenece,,
148827365,no pertenece,,
148815170,canasta TET,,
147394794,canasta BT,,
148904225,canasta TET,,
148811859,brigada pesada,,
148708784,sin irregularidad,,
148959163,ejecutado,,
148924919,canasta BT,,
147394723,cliente no permite intervencion,,
148130238,cliente no permite intervencion,26/1/2026,
148960757,no pertenece,,
148817992,brigada pesada,,
148972626,especial,,
148956596,canasta BT,,
148971478,ejecutado,,
148964614,ejecutado,,
148967996,ejecutado,,
148972696,ejecutado,,
148822516,ejecutado,,
148965352,canasta BT,,
148964693,canasta TET,,
148970304,ejecutado,,
148962530,ejecutado,,
148907452,canasta BT,,
148966705,canasta TET,,
148823318,ejecutado,,
149051804,ejecutado,,
148969654,ejecutado,,
148814273,ejecutado,,
148805288,ejecutado,,
148813157,canasta TET,,
149054556,no pertenece,,
149057148,no pertenece,,
149056502,no pertenece,,
149064530,no pertenece,,
149063889,no pertenece,,
148815758,ejecutado,,
147394839,canasta BT,,
147394813,sin irregularidad,,
148927804,brigada pesada,,
149061759,no pertenece,,
149054273,ejecutado,,
148923578,ejecutado,,
147212925,brigada pesada,,
148243071,brigada pesada,,
149067299,ejecutado,,
147394849,canasta BT,,
147394809,sin irregularidad,,
147394811,sin irregularidad,,
148907446,sin irregularidad,,
149082510,sin irregularidad,,
148907447,canasta BT,,
149082511,sin irregularidad,27/1/2026,
148500925,canasta BT,,
148500919,canasta BT,,
148500918,canasta BT,,
148500924,canasta BT,,
148492349,canasta TET,,
149055637,ejecutado,,
148815552,ejecutado,,
149061703,ejecutado,,
149061519,ejecutado,,
149065603,ejecutado,,
149063804,ejecutado,,
149067793,ejecutado,,
149068114,ejecutado,,
149068421,ejecutado,,
149071836,canasta TET,,
149065265,ejecutado,,
149067761,ejecutado,,
149065539,ejecutado,,
149065481,ejecutado,,
149063276,ejecutado,,
148971983,ejecutado,,
149086098,ejecutado,,
147215291,especial,,
149078163,no pertenece,,
149076295,no pertenece,,
149077747,no pertenece,,
149079729,no pertenece,,
149083198,no pertenece,,
149073692,canasta TET,,
147394707,canasta TET,,
149068011,canasta TET,,
148907445,sin irregularidad,,
148924589,brigada pesada,,
149133970,no pertenece,,
149143042,no pertenece,,
149139965,no pertenece,,
149143198,no pertenece,,
149136542,no pertenece,,
149133998,no pertenece,,
149122937,no pertenece,,
149123201,no pertenece,,
149141616,no pertenece,,
149127138,no pertenece,,
149126180,no pertenece,,
149137326,no pertenece,,
149121544,no pertenece,,
149136984,no pertenece,,
149142204,no pertenece,,
149091735,no pertenece,,
149061027,no pertenece,,
149070306,no pertenece,,
149091508,no pertenece,,
149091040,no pertenece,,
149088908,no pertenece,,
149091028,no pertenece,,
149087681,no pertenece,,
149072251,no pertenece,,
148965686,ejecutado,,
149068221,ejecutado,,
149060023,ejecutado,,
149139189,no pertenece,,
149093117,no pertenece,,
149128074,no pertenece,,
149142147,no pertenece,,
149091912,canasta BT,,
148963673,canasta TET,,
148918233,sin irregularidad,,
148918234,sin irregularidad,,
149138763,canasta TET,,
149126175,canasta TET,28/1/2026,
149138296,canasta BT,,
149138315,canasta BT,,
149138297,canasta TET,,
147660606,brigada pesada,,
149086469,brigada pesada,,
149138496,ejecutado,,
149141419,canasta TET,,
149136266,canasta TET,,
149138571,canasta BT,,
149138268,sin irregularidad,,
149138324,canasta BT,,
149083869,canasta BT,,
149147763,no pertenece,,
149146851,no pertenece,,
149135629,no pertenece,,
149145140,no pertenece,,
149155146,no pertenece,,
149152680,no pertenece,,
149145958,no pertenece,,
149138480,no pertenece,,
149154916,no pertenece,,
149078033,no pertenece,,
149092148,no pertenece,,
149073643,brigada pesada,,
149147066,canasta TET,,
149138334,sin irregularidad,,
149077066,ejecutado,,
148913751,ejecutado,,
149208407,no pertenece,,
149208408,no pertenece,,
149208409,no pertenece,,
149208410,no pertenece,,
149208411,no pertenece,,
149208412,no pertenece,,
149208413,no pertenece,,
149208414,no pertenece,,
149208415,no pertenece,,
149208416,no pertenece,,
149208417,no pertenece,,
149208418,no pertenece,,
149208419,no pertenece,,
149208420,no pertenece,,
149208421,no pertenece,,
149208422,no pertenece,,
149208423,no pertenece,,
149208424,no pertenece,,
149208425,no pertenece,,
149208426,no pertenece,,
149208427,no pertenece,,
149208428,no pertenece,,
149208429,no pertenece,,
149208430,no pertenece,,
149208431,no pertenece,,
149208432,no pertenece,,
149208433,no pertenece,,
149208435,no pertenece,,
149208436,no pertenece,,
149208437,no pertenece,,
149208438,no pertenece,,
149208439,no pertenece,,
149208440,no pertenece,,
149208441,no pertenece,,
149208442,no pertenece,,
149208443,no pertenece,,
149208444,no pertenece,,
149208445,no pertenece,,
149208446,no pertenece,,
149208447,no pertenece,,
149208448,no pertenece,,
149208449,no pertenece,,
149208450,no pertenece,,
149208451,no pertenece,,
149208452,no pertenece,,
149208453,no pertenece,,
149208454,no pertenece,,
149208456,no pertenece,,
149208457,no pertenece,,
149208458,no pertenece,,
149208459,no pertenece,,
149208461,no pertenece,,
149208462,no pertenece,,
149208463,no pertenece,,
149208464,no pertenece,,
149208465,no pertenece,,
149208466,no pertenece,,
149208467,no pertenece,,
149208468,no pertenece,,
149208469,no pertenece,,
149208471,no pertenece,,
149208472,no pertenece,,
149208473,no pertenece,,
149138393,canasta BT,,
149138352,especial,,
149156244,no pertenece,,
149150905,no pertenece,,
148694938,brigada pesada,,
147477314,brigada pesada,,
149087187,ejecutado,,
149210698,no pertenece,,
149143443,ejecutado,,
149143507,ejecutado,,
149138302,canasta BT,,
148961679,ejecutado,,
149193832,ejecutado,,
149225518,no pertenece,,
149218361,no pertenece,,
149148956,no pertenece,,
149213488,no pertenece,29/1/2026,
149210875,no pertenece,,
149204168,no pertenece,,
149228408,no pertenece,,
149194644,no pertenece,,
149192716,ejecutado,,
149138400,canasta BT,,
149088356,especial,,
149138272,brigada pesada,,
149138270,brigada pesada,,
149086668,ejecutado,,
149073785,canasta TET,,
149204490,ejecutado,,
149154971,ejecutado,,
149085404,ejecutado,,
149151662,sin irregularidad,,
147394838,canasta BT,,
149138262,brigada pesada,,
149138265,brigada pesada,,
149219582,canasta BT,,
149194003,ejecutado,,
149133347,canasta TET,,
149138257,canasta BT,,
149138403,canasta BT,,
149127104,canasta TET,,
149138256,canasta BT,,
149145030,ejecutado,,
149066891,ejecutado,,
149065094,ejecutado,,
149202599,ejecutado,,
149138321,canasta,,
149138314,canasta BT,,
149214697,brigada pesada,,
149251888,canasta TET,30/1/2026,
149138389,brigada pesada,,
149253518,especial,,
149255777,especial,,
149221409,brigada pesada,,
149260318,brigada pesada,,
149219130,brigada pesada,,
149255776,brigada pesada,,
149265921,brigada pesada,,
149138258,sin irregularidad,,
149138287,canasta BT,,
149242995,no pertenece,,
149252818,no pertenece,,
149266348,no pertenece,,
149265079,no pertenece,,
149246211,no pertenece,,
149263088,no pertenece,,
149255427,no pertenece,,
149254207,no pertenece,,
149262180,no pertenece,,
149251090,no pertenece,,
149250616,no pertenece,,
149255825,no pertenece,,
149266246,no pertenece,,
149266286,no pertenece,,
149266645,no pertenece,,
149249735,canasta TET,,
149220706,brigada pesada,,
149138433,cliente no permite intervencion,,
149219960,brigada pesada,,
149085822,brigada pesada,,
147394703,canasta BT,,
149209674,ejecutado,,
146825531,canasta BT,,
149139191,brigada pesada,,
149250874,brigada pesada,,
149054576,canasta BT,,
149311535,lonyer centro,,
149259035,ejecutado,,
149263463,ejecutado,,
147394706,especial,,
149138279,canasta TET,,
149212282,sin irregularidad,,
149224824,ejecutado,,
149212283,sin irregularidad,,
149309575,no pertenece,,
149304970,no pertenece,,
149309026,no pertenece,,
149258844,no pertenece,,
149250500,no pertenece,,
149264844,no pertenece,,
149254637,no pertenece,,
149223518,no pertenece,,
149253425,ejecutado,,
149138240,requiere medidor 220,,
149294185,no pertenece,,
149321158,no pertenece,,
149320201,no pertenece,31/1/2026,
149321395,no pertenece,,
149299749,no pertenece,,
149318233,no pertenece,,
149253388,canasta TET,,
149151661,sin irregularidad,,
149138319,canasta BT,,
147394704,canasta BT,,
149138311,canasta BT,,
149138312,canasta BT,,
149293598,canasta TET,,
149256692,no pertenece,,
149289542,ejecutado,,
149265421,ejecutado,,
149307136,ejecutado,,
149304593,no pertenece,,
149299199,no pertenece,,
149351528,no pertenece,,
149351838,no pertenece,,
149351179,no pertenece,,
149304325,no pertenece,,
149351597,no pertenece,,
149293621,no pertenece,,
149351749,no pertenece,,
149297552,no pertenece,,
148910996,canasta BT,,
149356166,no pertenece,,
149357445,no pertenece,,
149362184,no pertenece,,
149318264,canasta TET,,
149138317,canasta BT,,
149520642,no pertenece,,
149460185,no pertenece,,
149524213,no pertenece,2/2/2026,
149520966,no pertenece,,
149321396,ejecutado,,
149529710,no pertenece,,
149531926,no pertenece,,
149457485,ejecutado,3/2/2026,
149261151,canasta TET,,
149530987,no pertenece,,
149458689,canasta BT,,
149386796,ejecutado,,
149521416,ejecutado,,
149357500,canasta TET,,
149457716,ejecutado,,
149533625,ejecutado,,
149521846,ejecutado,,
149454470,ejecutado,,
149529670,brigada pesada,,
149456223,ejecutado,,
149318404,especial,,
149523867,canasta TET,,
149525774,ejecutado,,
149458455,canasta BT,,
149315779,ejecutado,,
149455561,ejecutado,,
149460749,ejecutado,,
149138303,canasta TET,,
149534544,ejecutado,,
149452814,ejecutado,,
149384855,ejecutado,,
149460295,ejecutado,,
149359474,canasta TET,,
149532701,ejecutado,,
149259874,canasta BT,,
149458645,ejecutado,,
149460119,ejecutado,,
149460723,canasta BT,,
149340980,ejecutado,,
149318263,canasta TET,,
149548478,ejecutado,,
149383073,ejecutado,,
149524772,ejecutado,,
149523066,ejecutado,,
149296265,ejecutado,,
149527208,ejecutado,,
149527455,ejecutado,,
149628551,ejecutado,,
149342391,ejecutado,,
149457810,ejecutado,,
149522852,ejecutado,,
149359191,ejecutado,,
149532450,ejecutado,,
149460116,ejecutado,,
149541687,no pertenece,,
149543237,no pertenece,,
149548567,no pertenece,,
149458787,ejecutado,,
149530854,ejecutado,,
149424875,ejecutado,,
149347964,ejecutado,,
149529108,ejecutado,,
149262080,alcachofa,,
149262207,alcachofa,,
149262440,alcachofa,,
149262636,alcachofa,,
149262739,alcachofa,,
149262860,alcachofa,,
149262961,alcachofa,,
149263042,alcachofa,,
149263134,alcachofa,,
149263154,alcachofa,,
149073934,no pertenece,,
149138260,canasta BT,,
149520209,canasta BT,,
149540919,ejecutado,,
149311458,ejecutado,4/2/2026,
149457772,ejecutado,,
149540078,ejecutado,,
149543735,ejecutado,,
149460468,brigada pesada,,
149138289,canasta BT,,
149304467,canasta TET,,
149540947,ejecutado,,
149528014,ejecutado,,
149548473,ejecutado,,
149646554,no pertenece,,
149539468,ejecutado,,
149542396,ejecutado,,
149524304,ejecutado,,
149529470,ejecutado,,
149537594,ejecutado,,
149642320,canasta TET,,
149305027,ejecutado,,
149527942,ejecutado,,
149241927,canasta BT,,
149548504,canasta BT,,
149351055,ejecutado,,
149311500,ejecutado,,
149548710,ejecutado,,
149453976,ejecutado,,
149543087,ejecutado,,
149535276,canasta BT,,
149549051,ejecutado,,
149138376,especial,,
149138313,canasta BT,,
136319614,ejecutado,,
149309396,brigada pesada,,
149522751,ejecutado,,
149524995,ejecutado,,
149458523,brigada pesada,,
149542354,canasta TET,,
149548373,ejecutado,,
149734193,ejecutado,,
149731688,no pertenece,,
149721042,no pertenece,,
149628813,no pertenece,,
149731753,no pertenece,,
149730481,no pertenece,,
149624581,no pertenece,,
149643766,no pertenece,,
149626779,no pertenece,,
149639070,ejecutado,,
149734442,brigada pesada,,
149630353,brigada pesada,,
149542354,ejecutado,5/2/2026,
149742799,duplicidad,,
149742882,duplicidad,,
149742953,duplicidad,,
149743024,duplicidad,,
149743084,duplicidad,,
149743160,duplicidad,,
149743281,duplicidad,,
149743365,duplicidad,,
149743424,duplicidad,,
149743502,duplicidad,,
149743601,duplicidad,,
149743648,duplicidad,,
149743786,duplicidad,,
149743827,duplicidad,,
149743935,duplicidad,,
149533978,especial,,
149736412,canasta TET,,
149359474,ejecutado,,
149622713,brigada pesada,,
149642311,ejecutado,,
149628730,canasta BT,,
149151655,canasta BT,,
129976240,canasta BT,,
149641731,canasta TET,,
149740404,ejecutado,,
149726448,canasta TET,,
149644827,ejecutado,,
149734245,canasta BT,,
149308010,ejecutado,,
149632658,ejecutado,,
149730471,ejecutado,,
149620323,brigada pesada,,
149815242,canasta BT,,
149721628,descargo no programar,,
149138568,canasta BT,,
149828735,no pertenece,,
149735442,no pertenece,,
149740168,no pertenece,,
149738104,no pertenece,,
149733534,no pertenece,,
149630416,no pertenece,,
149644365,no pertenece,,
149623739,canasta TET,,
149535401,brigada pesada,,
149631878,brigada pesada,,
149743163,brigada pesada,,
149073934,confirmación de ME,,
149645111,ejecutado,,
149835173,duplicidad,,
149835298,duplicidad,,
149835378,duplicidad,6/2/2026,
149835508,duplicidad,,
149835585,duplicidad,,
149835637,duplicidad,,
149835692,duplicidad,,
149835763,duplicidad,,
149835813,duplicidad,,
149835849,duplicidad,,
149835892,duplicidad,,
149835924,duplicidad,,
149835957,duplicidad,,
149835990,duplicidad,,
149836023,duplicidad,,
149833386,Multifamiliar,,
149833387,Multifamiliar,,
149138442,canasta BT,,
149138441,canasta BT,,
149833396,duplicidad,,
149833362,canasta BT,,
149723575,no pertenece,,
149721977,no pertenece,,
149082513,canasta BT,,
149743189,canasta BT,,
149623007,ejecutado,,
149726513,brigada pesada,,
149630218,especial,,
149827813,canasta BT,,
149815229,canasta TET,,
149726499,ejecutado,,
149817657,ejecutado,,
149622298,ejecutado,,
149833373,canasta TET,,
149906229,no pertenece,,
149537783,no pertenece,,
149837664,brigada pesada,,
149547968,ejecutado,,
149547985,ejecutado,,
149629087,ejecutado,,
149245945,brigada pesada,,
149819817,no pertenece,,
149741865,no pertenece,,
149746738,no pertenece,,
149746599,no pertenece,,
149833833,no pertenece,,
149810823,no pertenece,,
149746772,no pertenece,,
149834893,no pertenece,,
149811203,canasta,,
149836726,especial,,
149745313,brigada pesada,,
149902750,ejecutado,7/2/2026,
149831145,canasta BT,,
149835169,canasta BT,,
149745360,canasta BT,,
149810809,brigada pesada,,
149741721,especial,,
149827905,ejecutado,,
149739601,ejecutado,,
149817292,ejecutado,,
149907895,no pertenece,,
149905782,no pertenece,,
149727133,brigada pesada,,
149813543,ejecutado,,
149905598,canasta BT,,
149840854,ejecutado,,
149741061,ejecutado,,
149820172,canasta BT,,
149718586,ejecutado,,
149830870,brigada pesada,,
149840664,canasta BT,,
149083949,canasta TET,,
149921361,brigada pesada,,
149906021,no pertenece,,
149643588,ejecutado,,
149632537,ejecutado,,
149811203,canasta,,
149836726,especial,,
149745313,brigada pesada,,
149902750,ejecutado,7/2/2026,
149831145,canasta BT,,
149835169,canasta BT,,
149745360,canasta BT,,
149810809,brigada pesada,,
149741721,especial,,
149827905,ejecutado,,
149739601,ejecutado,,
149817292,ejecutado,,
149907895,no pertenece,,
149905782,no pertenece,,
149727133,brigada pesada,,
149813543,ejecutado,,
149905598,canasta BT,,
149840854,ejecutado,,
149741061,ejecutado,,
149820172,canasta BT,,
149718586,ejecutado,,
149830870,brigada pesada,,
149840664,canasta BT,,
149083949,canasta TET,,
149921361,brigada pesada,,
149906021,no pertenece,,
149643588,ejecutado,,
149632537,ejecutado,,
149931747,Multifamiliar,,
149833329,canasta,,
149922883,ejecutado,,
150012978,brigada pesada,9/2/2026,
149838520,canasta TET,,
149939174,canasta BT,,
149939184,no pertenece,,
149920037,no pertenece,,
149918509,no pertenece,,
149915118,no pertenece,,
149827199,no pertenece,,
149931746,Multifamiliar,,
149935545,canasta TET,,
150013102,ejecutado,,
149833328,canasta TET,,
149939426,canasta BT,,
149838516,ejecutado,,
149912608,ejecutado,,
149927203,ejecutado,,
149810056,ejecutado,,
149904551,canasta TET,,
149935313,especial,,
149937559,ejecutado,,
149919724,ejecutado,,
149906242,canasta TET,,
149934548,ejecutado,,
149912390,brigada pesada,,
149937802,ejecutado,,
149138337,canasta BT,,
150013163,canasta TET,,
150012906,ejecutado,,
149923148,ejecutado,,
149930211,ejecutado,,
149736229,canasta BT,,
149925413,ejecutado,,
149929286,ejecutado,,
149936034,ejecutado,,
149934631,ejecutado,,
149902795,especial,,
149902651,brigada pesada,,
149939070,ejecutado,,
149832930,ejecutado,,
149524251,canasta TET,,
149938567,ejecutado,,
150014596,no pertenece,,
149927119,no pertenece,,
150017191,no pertenece,,
149936243,brigada pesada,,
149938926,brigada pesada,,
149932650,ejecutado,,
149082506,canasta BT,,
149910687,especial,,
149641334,canasta BT,,
149904361,ejecutado,,
150014257,ejecutado,,
150091385,ejecutado,,
149935179,ejecutado,,
150013097,especial,,
150086180,ejecutado,10/2/2026,
150087565,no pertenece,,
150015419,ejecutado,,
150101235,no pertenece,,
150100286,no pertenece,,
150101801,no pertenece,,
150098887,no pertenece,,
150014518,no pertenece,,
150093675,canasta TET,,
150084151,ejecutado,,
149939435,canasta BT,,
150017334,brigada pesada,,
150017619,canasta TET,,
150088955,canasta BT,,
150083422,brigada pesada,,
150013332,ejecutado,,
150014508,especial,,
150083209,ejecutado,,
150087045,ejecutado,,
150089635,brigada pesada,,
149833425,canasta BT,,
149082507,canasta BT,,
150101439,no pertenece,,
150211700,no programar,,
150915139,canasta TET,,
150212948,Yair,,
150093847,ejecutado,,
150013295,ejecutado,,
149841839,ejecutado,,
150100259,ejecutado,11/2/2026,
150093440,ejecutado,,
150103937,ejecutado,,
150095479,canasta TET,,
150089076,ejecutado,,
149833327,canasta BT,,
150202417,ejecutado,,
150094600,ejecutado,,
149908910,canasta TET,,
150129905,ejecutado,,
150171981,canasta TET,,
150103309,ejecutado,,
150093794,brigada pesada,,
149833407,especial,,
150203229,ejecutado,,
150102752,ejecutado,,
150013767,no pertenece,,
150194657,brigada pesada,,
150128407,ejecutado,,
150093317,canasta TET,,
150128948,canasta TET,,
150102549,brigada pesada,,
150129038,ejecutado,,
150100652,canasta TET,,
150016425,ejecutado,,
149935781,canasta TET,,
150203346,canasta TET,,
150243956,no pertenece,,
150216482,no pertenece,,
150215234,no pertenece,,
150103543,ejecutado,,
150089652,ejecutado,,
150128316,ejecutado,,
150197559,brigada pesada,,
150128814,ejecutado,,
150101312,brigada pesada,,
150128267,ejecutado,,
149906888,ejecutado,,
150103095,ejecutado,,
150085713,ejecutado,,
150316618,canasta,,
150206187,canasta BT,,
150244327,ejecutado,,
149909045,brigada pesada,12/2/2026,
150214044,ejecutado,,
150308527,ejecutado,,
150216794,ejecutado,,
150315701,ejecutado,,
150311468,canasta TET,,
150215701,ejecutado,,
150205164,ejecutado,,
150207618,ejecutado,,
150199836,no pertenece,,
150308860,no pertenece,,
150322502,no pertenece,,
150206832,no pertenece,,
150322649,no pertenece,,
150319171,no pertenece,,
150318058,no pertenece,,
150245371,no pertenece,,
150317960,no pertenece,,
150245452,no pertenece,,
150210962,canasta BT,,
150359622,duplicidad,,
150205043,canasta BT,,
150215438,brigada pesada,,
150214460,brigada pesada,,
150202465,brigada pesada,,
150215317,ejecutado,,
150204917,ejecutado,,
150097371,canasta TET,,
150194722,ejecutado,,
150245749,brigada pesada,,
150215220,ejecutado,,
150205116,ejecutado,,
150211891,ejecutado,,
149082507,canasta BT,,
150216020,brigada pesada,,
150245362,brigada pesada,,
150244200,canasta TET,,
150215384,canasta TET,,
150437505,no pertenece,,
150430717,no pertenece,,
150213334,canasta BT,,
150328924,no pertenece,,
150205473,especial,,
150215320,ejecutado,,
150215248,ejecutado,,
150199992,canasta BT,,
150217085,ejecutado,,
150017292,brigada pesada,,
150213982,canasta BT,,
149833460,canasta BT,,
150450809,canasta BT,,
150429322,brigada pesada,,
150328259,ejecutado,,
150214430,brigada pesada,13/2/2026,
150434642,brigada pesada,,
150311243,ejecutado,,
150439619,especial,,
149833323,canasta TET,,
150439642,ya normalizado,,
150313862,ejecutado,,
150209376,brigada pesada,,
150429795,ejecutado,,
150358110,brigada pesada,,
150319101,ejecutado,,
150433100,brigada pesada,,
150439528,no pertenece,,
150442367,no pertenece,,
150443778,no pertenece,,
150453116,no pertenece,,
150440129,no pertenece,,
150318554,brigada pesada,,
150328199,canasta TET,,
149833489,canasta BT,,
150480809,no pertenece,,
150484538,no pertenece,,
150480722,no pertenece,,
150432253,canasta TET,,
149833409,especial,,
150327940,ejecutado,,
150439645,ya normalizado,,
150200721,canasta TET,,
150329466,ejecutado,,
150448477,canasta BT,,
149833375,canasta BT,,
149833336,canasta BT,,
150479818,canasta BT,,
138907178,canasta BT,,
150439300,ejecutado,,
147401699,canasta BT,,
150359685,brigada pesada,,
150309279,canasta BT,,
150479813,ejecutado,,
150449885,brigada pesada,14/2/2026,
150440740,ejecutado,,
150359991,canasta TET,,
150448004,no pertenece,,
150491986,no pertenece,,
150491857,no pertenece,,
150490532,no pertenece,,
150502552,ejecutado,,
149833413,especial,,
150325764,no pertenece,,
150509407,duplicidad,,
150504888,duplicidad,,
150505017,duplicidad,,
150505093,duplicidad,,
150505255,duplicidad,,
150505376,duplicidad,,
150504887,duplicidad,,
150505016,duplicidad,,
150505092,duplicidad,,
150505254,duplicidad,,
150505375,duplicidad,,
150504924,duplicidad,,
150452650,ejecutado,,
150359624,canasta BT,,
150452794,ejecutado,,
150438057,ejecutado,,
150446257,canasta TET,,
150443358,ejecutado,,
150450375,canasta TET,,
150490469,canasta TET,,
150449762,canasta TET,,
150437176,ejecutado,,
150449937,brigada pesada,,
150452902,canasta TET,,
150437155,ejecutado,,
150200976,canasta TET,,
150496285,no pertenece,,
150437155,canasta TET,,
150580704,canasta TET,,
150473647,especial,17/2/2026,
150541685,no pertenece,,
150570857,no pertenece,,
150543706,no pertenece,,
150574895,no pertenece,,
150537228,no pertenece,,
150578906,no pertenece,,
150585952,no pertenece,,
150491032,no pertenece,,
150500844,brigada pesada,,
150583101,canasta TET,,
150545735,especial,,
150447102,brigada pesada,,
150447179,brigada pesada,,
150535488,ejecutado,,
150544486,brigada pesada,,
150573647,canasta BT,,
150579724,ejecutado,,
150318554,ejecutado,,
150569680,no pertenece,,
150535956,no pertenece,,
150571544,no pertenece,,
150575060,ejecutado,,
150545678,canasta BT,,
150502519,canasta BT,,
150574849,ejecutado,,
150570058,ejecutado,,
150578474,brigada pesada,,
149910121,especial,,
150545134,ejecutado,,
150573819,ejecutado,,
150489769,ejecutado,,
150490532,ejecutado,,
150571704,ejecutado,,
150580265,brigada pesada,,
150502479,canasta TET,,
150531693,canasta BT,,
150616065,canasta TET,,
150539259,ejecutado,,
150448457,canasta BT,,
150570440,ejecutado,,
150502370,canasta BT,,
150496829,canasta BT,,
150448460,canasta BT,,
150445857,canasta TET,,
150445669,canasta TET,,
150617727,no pertenece,,
150690886,no pertenece,,
150588672,no pertenece,,
150590593,no pertenece,,
150574233,no pertenece,,
150616072,especial,,
150535859,especial,,
150588259,especial,,
150577190,especial,18/2/2026,
150693551,ejecutado,,
150215557,canasta TET,,
150544985,canasta BT,,
149833355,canasta BT,,
150586574,canasta BT,,
150696798,canasta BT,,
150688406,canasta BT,,
150586760,ejecutado,,
150586708,ejecutado,,
150688793,brigada pesada,,
150576652,ejecutado,,
149834885,canasta BT,,
150780830,no pertenece,,
150699967,no pertenece,,
150501955,canasta BT,,
150904924,no pertenece,,
150820597,no pertenece,,
150821898,no pertenece,,
150822590,no pertenece,19/2/2026,
150861493,no pertenece,,
150687649,ejecutado,,
150698515,canasta BT,,
150697256,brigada pesada,,
150823345,brigada pesada,,
150589482,ejecutado,,
150697346,brigada pesada,,
150502510,canasta BT,,
150700099,ejecutado,,
150541535,ejecutado,,
150725687,canasta TET,,
150807709,ejecutado,,
150813332,canasta BT,,
150083655,brigada pesada,,
150807257,no pertenece,,
150811897,ejecutado,,
150811444,ejecutado,,
150811720,ejecutado,,
150434382,especial,,
150837519,canasta TET,,
150862117,ejecutado,,
150961864,canasta BT,20/2/2026,
150933881,canasta TET,,
150087505,brigada pesada,,
150835368,brigada pesada,,
150698288,canasta BT,,
149833434,canasta BT,,
150727771,brigada pesada,,
150950049,brigada pesada,,
150861999,ejecutado,,
150953483,canasta TET,,
150822947,ejecutado,,
150502475,especial,,
149533978,canasta BT,,
151009736,especial,,
150938672,no pertenece,,
150995621,no pertenece,,
151060590,especial,,
150951811,canasta BT,,
150819146,canasta BT,,
150811746,brigada pesada,,
150811807,brigada pesada,21/2/2026,
151064060,canasta TET,,
151065675,canasta TET,,
150991690,ejecutado,,
150951344,brigada pesada,,
150915052,brigada pesada,,
150966658,ejecutado,,
150815884,canasta TET,,
150833727,ejecutado,,
150961893,canasta BT,,
150946021,brigada pesada,,
150949173,brigada pesada,,
150961866,canasta BT,,
150961892,canasta TET,,
150961859,canasta BT,,
150961865,canasta BT,,
151074809,especial,,
150992309,ejecutado,,
150996786,ejecutado,,
151057851,ejecutado,,
150954898,brigada pesada,,
150822740,ejecutado,,
151082968,ejecutado,,
151048862,no pertenece,,
150993943,ejecutado,,
150820889,canasta TET,,
150949435,canasta BT,,
150965199,ejecutado,,
150965043,ejecutado,,
150834240,ejecutado,,
151059575,ejecutado,,
151063326,ejecutado,,
151051796,ejecutado,,
150965619,canasta TET,,
151083479,no pertenece,22/2/2026,
151087647,no pertenece,,
151078845,no pertenece,,
151060830,no pertenece,,
151076900,no pertenece,,
150837010,no pertenece,,
150832491,no pertenece,,
150833618,canasta TET,,
151093869,no pertenece,,
151092491,no pertenece,,
151099987,no pertenece,,
151100221,no pertenece,,
150949892,ejecutado,,
150192813,especial,,
151089816,ejecutado,,
151101402,canasta,,
151070745,primaria,,
151060782,canasta TET,,
150942478,brigada pesada,23/2/2026,
150502375,canasta BT,,
150727771,ejecutado,,
150436064,brigada pesada,,
150797588,no pertenece,,
150820764,canasta TET,,
150819473,canasta TET,,
150440064,brigada pesada,,
150544985,ejecutado,,
151056694,canasta BT,,
151055145,canasta BT,,
150961881,canasta BT,,
150942312,especial,,
151072429,especial,,
151160157,no pertenece,,
151099519,no pertenece,,
151081059,ejecutado,,
150961899,brigada pesada,,
151220185,canasta,,
151217408,no pertenece,,
150448444,canasta BT,,
151233931,canasta BT,24/2/2026,
151236485,canasta BT,,
151161494,canasta TET,,
150823345,canasta TET,,
150961856,canasta BT,,
151234041,brigada pesada,,
151232775,brigada pesada,,
151240126,canasta TET,,
151234201,canasta BT,,
151233227,canasta BT,,
151232458,brigada pesada,,
151230750,brigada pesada,,
151230271,brigada pesada,,
151232805,canasta BT,,
151224081,ejecutado,,
151237248,ejecutado,,
151234339,canasta TET,,
151237972,ejecutado,,
151233557,brigada pesada,,
151216630,no pertenece,,
151228925,brigada pesada,,
151235976,ejecutado,,
151227598,ejecutado,,
151239038,brigada pesada,,
151220682,ejecutado,,
151226281,brigada pesada,,
151220421,no pertenece,,
151325177,no pertenece,,
151315419,no pertenece,,
151224768,no pertenece,,
150502494,multifamiliar,,
151226370,canasta BT,,
151318861,brigada pesada,,
151225259,ejecutado,,
151222165,brigada pesada,25/2/2026,
150961885,canasta BT,,
151234541,ejecutado,,
151239021,ejecutado,,
151100125,ejecutado,,
151225630,canasta TET,,
151092793,canasta TET,,
151232630,ejecutado,,
151362408,no pertenece,,
151310074,no pertenece,,
151324969,no pertenece,,
150961878,canasta BT,,
151160571,no pertenece,,
151099235,no pertenece,,
151315470,canasta TET,,
150502443,canasta BT,,
149833334,canasta,,
151304774,no pertenece,,
151313592,canasta TET,,
151368632,brigada pesada,,
151322697,canasta TET,,
151329302,ejecutado,,
151323585,especial,,
151306456,canasta BT,,
151238151,ejecutado,,
151308713,especial,,
151324017,especial,,
150960447,brigada pesada,,
151302783,canasta TET,,
151241536,brigada pesada,,
151373216,canasta BT,,
151364491,ejecutado,26/2/2026,
151234274,canasta BT,,
151369059,no pertenece,,
151315161,no pertenece,,
151389224,no pertenece,,
151326064,no pertenece,,
151323057,especial,,
151163438,ejecutado,,
151309324,brigada pesada,,
151226943,ejecutado,,
151307232,canasta TET,,
151308761,canasta TET,,
151308503,ejecutado,,
151325804,canasta TET,,
151374780,brigada pesada,,
151310481,brigada pesada,,
151238781,ejecutado,,
151375824,canasta BT,,
151389972,duplicidad,,
151390080,duplicidad,,
151390081,duplicidad,,
151390082,duplicidad,,
151390127,duplicidad,,
151390128,duplicidad,,
151390129,duplicidad,,
151390130,duplicidad,,
151390131,duplicidad,,
151390132,duplicidad,,
151390133,duplicidad,,
151390134,duplicidad,,
151390135,duplicidad,,
151390136,duplicidad,,
151390137,duplicidad,,
151390216,duplicidad,,
151390217,duplicidad,,
151390218,duplicidad,,
151390219,duplicidad,,
151390220,duplicidad,,
151390221,duplicidad,,
151390222,duplicidad,,
151390223,duplicidad,,
151390224,duplicidad,,
151390225,duplicidad,,
151390226,duplicidad,,
151390344,duplicidad,,
151390345,duplicidad,,
151390346,duplicidad,,
151390347,duplicidad,,
151390348,duplicidad,,
151390349,duplicidad,,
151390350,duplicidad,,
151390351,duplicidad,,
151390352,duplicidad,,
151390353,duplicidad,,
151390354,duplicidad,,
151390537,duplicidad,,
151390538,duplicidad,,
151390539,duplicidad,,
151390540,duplicidad,,
151390541,duplicidad,,
151390542,duplicidad,,
151390543,duplicidad,,
151390544,duplicidad,,
151390545,duplicidad,,
151390546,duplicidad,,
151390547,duplicidad,,
151390593,duplicidad,,
151390594,duplicidad,,
151390595,duplicidad,,
151390596,duplicidad,,
151390597,duplicidad,,
151390598,duplicidad,,
151390599,duplicidad,,
151390600,duplicidad,,
151390601,duplicidad,,
151390602,duplicidad,,
151390603,duplicidad,,
151390675,duplicidad,,
151390676,duplicidad,,
151390677,duplicidad,,
151390678,duplicidad,,
151390679,duplicidad,,
151390680,duplicidad,,
151390681,duplicidad,,
151390682,duplicidad,,
151390683,duplicidad,,
151390684,duplicidad,,
151390685,duplicidad,,
151389156,canasta BT,,
151301560,brigada pesada,,
151239954,ejecutado,,
151327905,brigada pesada,,
151324767,no pertenece,,
151316420,ejecutado,,
151238464,brigada pesada,,
151387484,especial,,
151310441,ejecutado,,
151377494,brigada pesada,,
151238482,brigada pesada,,
151310268,ejecutado,,
151370857,canasta TET,,
151304701,ejecutado,,
151366895,ejecutado,,
151371701,canasta TET,,
151431932,no pertenece,,
151440532,no pertenece,,
151439945,no pertenece,,
151440046,no pertenece,,
151440281,no pertenece,,
151430984,no pertenece,,
151432084,no pertenece,,
151435864,no pertenece,,
151432066,no pertenece,,
151439028,no pertenece,,
151437882,no pertenece,,
151431863,no pertenece,,
151437851,no pertenece,,
151441198,no pertenece,,
151431874,no pertenece,,
151440767,no pertenece,,
151439637,duplicidad,,
151439756,duplicidad,,
151440145,duplicidad,,
151440339,duplicidad,,
151440454,duplicidad,,
151440712,duplicidad,,
151440872,duplicidad,,
151441127,duplicidad,,
151441199,duplicidad,,
151427249,duplicidad,,
151439919,duplicidad,,
151440146,duplicidad,,
151440340,duplicidad,,
151440455,duplicidad,,
151440713,duplicidad,,
151440873,duplicidad,,
151441128,duplicidad,,
151441200,duplicidad,,
151435972,duplicidad,,
151436213,duplicidad,,
151436382,duplicidad,,
151436540,duplicidad,,
151436645,duplicidad,,
151436764,duplicidad,,
151436932,duplicidad,,
151437031,duplicidad,,
151437164,duplicidad,,
151437275,duplicidad,,
151437360,duplicidad,,
151437548,duplicidad,,
151437691,duplicidad,,
151437782,duplicidad,,
151437873,duplicidad,,
151311185,ejecutado,,
151305538,brigada pesada,,
151305327,ejecutado,,
151312641,canasta BT,,
151354870,no pertenece,,
151315597,no pertenece,,
151323367,no pertenece,,
151384885,no pertenece,,
151316607,no pertenece,,
151324284,no pertenece,,
151391734,no pertenece,,
151300848,canasta TET,,
151309870,ejecutado,,
151355123,ejecutado,,
151372070,ejecutado,,
151424007,no pertenece,,
151425096,no pertenece,,
151436122,no pertenece,,
151435238,no pertenece,,
151389449,no pertenece,,
151431865,no pertenece,,
151430385,no pertenece,,
151447880,canasta,,
151424913,canasta BT,,
151366707,canasta TET,,
151302783,ejecutado,27/2/2026,
150502467,canasta BT,,
151437737,ejecutado,,
150439648,canasta BT,,
150448431,canasta BT,,
151326058,canasta TET,,
151444950,no pertenece,,
151446565,no pertenece,,
151420675,ejecutado,,
151427262,ejecutado,,
151371279,brigada pesada,,
151430867,canasta TET,,
151431600,canasta TET,,
151426609,especial,,
150686223,no pertenece,,
151444704,canasta TET,,
151316250,brigada pesada,,
151432898,brigada pesada,,
151479545,no pertenece,,
151483907,no pertenece,,
151480045,no pertenece,,
151430897,no pertenece,,
151390245,no pertenece,,
151391780,no pertenece,,
151491810,no pertenece,,
151428772,no pertenece,,
151442991,no pertenece,,
151491227,no pertenece,,
151441246,no pertenece,,
151376990,no pertenece,,
151492497,no pertenece,,
151495084,no pertenece,,
151498612,no pertenece,,
151482265,no pertenece,,
151486420,no pertenece,,
151481743,no pertenece,,
150961408,brigada pesada,,
151428015,canasta BT,,
151517615,duplicidad,,
151517645,duplicidad,,
151517669,duplicidad,,
151517700,duplicidad,28/2/2026,
151517712,duplicidad,,
151517725,duplicidad,,
151517735,duplicidad,,
151517755,duplicidad,,
151517774,duplicidad,,
151517861,duplicidad,,
151518923,duplicidad,,
151517617,duplicidad,,
151517646,duplicidad,,
151517670,duplicidad,,
151517701,duplicidad,,
151517713,duplicidad,,
151517726,duplicidad,,
151517736,duplicidad,,
151517756,duplicidad,,
151517775,duplicidad,,
151517862,duplicidad,,
151518924,duplicidad,,
151484254,canasta BT,,
151502839,ejecutado,,
150502450,canasta BT,,
151441812,ejecutado,,
151486764,ejecutado,,
151509981,no pertenece,,
151489188,no pertenece,,
151490442,no pertenece,,
151513625,no pertenece,,
151493808,no pertenece,,
151490035,no pertenece,,
151450018,no pertenece,,
151547401,no pertenece,,
151546936,no pertenece,,
151547797,no pertenece,,
151546369,no pertenece,,
151381893,brigada pesada,,
151487725,ejecutado,,
151385573,canasta BT,,
151503710,ejecutado,,
151447094,ejecutado,,
151439955,ejecutado,,
151507955,ejecutado,,
151493757,ejecutado,,
151508150,ejecutado,,
151506829,ejecutado,,
151450261,ejecutado,,
151521961,canasta TET,,
151507210,canasta BT,,
151542249,canasta TET,,
151496746,canasta TET,1/3/2026,
150961882,canasta BT,,
151542069,no pertenece,2/3/2026,
151476917,ejecutado,,
151552894,ejecutado,,
151320944,ejecutado,,
151444949,ejecutado,,
151382330,ejecutado,,
151601890,no pertenece,,
151602513,no pertenece,,
151601143,no pertenece,,
151602780,no pertenece,,
151601747,no pertenece,,
151603217,no pertenece,,
151602813,no pertenece,,
151068128,multifamiliar,,
151586606,no pertenece,,
151595218,no pertenece,,
151607216,no pertenece,,
150502458,canasta BT,,
151240887,ejecutado,,
150502439,canasta BT,,
151547116,ejecutado,,
151450666,ejecutado,,
151587574,no pertenece,,
151547035,no pertenece,,
151611819,no pertenece,,
151602597,ejecutado,,
151540760,ejecutado,,
151371701,ejecutado,,
150502499,canasta BT,,
151608100,no pertenece,,
151614492,no pertenece,,
151614726,no pertenece,,
151557498,no pertenece,3/3/2026,
151588853,ejecutado,,
151592984,canasta TET,,
151609871,ejecutado,,
151564349,ejecutado,,
151600340,brigada pesada,,
151594795,brigada pesada,,
151308761,ejecutado,,
151595495,ejecutado,,
150439651,ya normalizado,,
151392244,ejecutado,,
151391926,ejecutado,,
151592203,brigada pesada,,
151484472,especial,,
151597626,canasta TET,,
151618953,brigada pesada,,
151625858,ejecutado,,
151625826,ejecutado,,
151625931,ejecutado,,
151625880,ejecutado,,
151625769,ejecutado,,
151567018,ejecutado,,
151625097,canasta TET,,
151651095,no pertenece,,
151650868,no pertenece,,
151653312,no pertenece,,
151653472,no pertenece,,
151651716,no pertenece,,
151559228,canasta,,
151619403,canasta,,
151444668,canasta BT,,
151629708,ejecutado,4/3/2026,
151655599,canasta TET,,
151665042,canasta y especial,,
151671101,canasta BT,,
151552007,ejecutado,,
151663785,no pertenece,,
151653868,no pertenece,,
151630281,no pertenece,,
151672055,no pertenece,,
151622875,no pertenece,,
150502456,canasta TET,,
151662738,ejecutado,,
151687643,especial,,
151687197,brigada pesada,,
151672031,canasta TET,,
151675443,especial,,
151652935,no pertenece,,
151669008,no pertenece,,
151428198,canasta TET,,
151386480,canasta TET,,
151646458,especial,,
151675223,ejecutado,,
151653733,ejecutado,,
150502515,canasta BT,,
151665570,ejecutado,,
151675987,no pertenece,,
151631468,canasta TET,,
151646394,ejecutado,,
151668040,ejecutado,,
151669863,no pertenece,,
151673495,no pertenece,,
151675578,brigada pesada,,
151646985,canasta TET,,
151667338,ejecutado,,
151659117,brigada pesada,,
151657011,ejecutado,,
151674833,ejecutado,,
151670417,no pertenece,,
151768346,no pertenece,,
151764681,no pertenece,,
151761924,no pertenece,,
151617973,canasta TET,,
151233933,canasta BT,,
151687246,ejecutado,,
151687739,canasta TET,,
151668606,brigada pesada,,
151632179,no pertenece,,
150502447,canasta,,
151770285,canasta BT,,
151694420,canasta BT,,
151770002,brigada pesada,5/3/2026,
151658728,especial,,
151694541,no pertenece,,
151745624,no pertenece,,
151757328,no pertenece,,
151675590,no pertenece,,
151666116,no pertenece,,
151498604,canasta BT,,
151769959,brigada pesada,,
150502454,canasta BT,,
150502457,canasta BT,,
151688696,ejecutado,,
151687546,ejecutado,,
151687964,ejecutado,,
151846830,no pertenece,,
151844851,no pertenece,,
151845097,no pertenece,,
151846651,no pertenece,,
151842202,no pertenece,,
151844082,no pertenece,,
151843419,no pertenece,,
151845122,no pertenece,,
151842541,no pertenece,,
151778543,no pertenece,,
151776675,no pertenece,,
151764929,no pertenece,,
151766596,no pertenece,,
151760587,no pertenece,,
151760552,no pertenece,,
151775417,no pertenece,,
151773683,no pertenece,,
151767402,no pertenece,,
151663375,ya normalizado,,
151663376,ya normalizado,,
151234275,canasta BT,,
150502494,multifamiliar,,
151779015,canasta BT,,
151765330,ejecutado,,
151848734,brigada pesada,,
151849600,brigada pesada,6/3/2026,
151844134,brigada pesada,,
151843801,brigada pesada,,
151770877,canasta BT,,
151773189,ejecutado,,
151854353,ejecutado,,
151790775,canasta TET,,
151769173,canasta BT,,
151778541,canasta BT,,
151689188,ejecutado,,
151767211,ejecutado,,
151850537,brigada pesada,,
151778377,ejecutado,cierre de escritorio,
151772203,canasta BT,cierre de escritorio,
151841497,brigada pesada,,
151844877,ejecutado,cierre de escritorio,
151774001,ejecutado,,
151770920,no pertenece,,
151848545,visita posterior,,
151848546,visita posterior,,
151659117,canasta TET,,
151778798,canasta TET,,
151863819,no pertenece,,
151859015,no pertenece,,
151861129,no pertenece,,
151864743,no pertenece,,
151861069,no pertenece,,
151922307,no pertenece,,
151771368,visita posterior,,
151771768,visita posterior,,
151848548,visita posterior,,
151775765,especial,,
151770878,visita posterior,,
151671447,visita posterior,,
151864738,ejecutado,,
151657055,brigada pesada,,
151946287,brigada pesada,,
151946666,no pertenece,7/3/2026,
151944786,no pertenece,,
151953581,no pertenece,,
151950099,no pertenece,,
151954964,no pertenece,,
151956019,no pertenece,,
151944064,no pertenece,,
151945026,no pertenece,,
151951829,no pertenece,,
151937549,canasta TET,,
151858234,canasta TET,,
151954468,canasta BT,,
151773270,especial,,
151773771,especial,,
151662251,brigada pesada,,
151949720,brigada pesada,,
151844460,no pertenece,,
151959839,especial,,
151939604,canasta BT,,
151972049,no pertenece,8/3/2026,
152045027,no pertenece,,
151973403,no pertenece,,
151963070,no pertenece,,
151861982,no pertenece,,
151962354,no pertenece,,
151950775,no pertenece,,
151937651,no pertenece,,
151950584,no pertenece,,
152046677,no pertenece,,
151937490,no pertenece,,
151960442,no pertenece,,
151860392,no pertenece,,
151969252,no pertenece,,
151965525,no pertenece,,
151972477,no pertenece,,
152046767,no pertenece,,
151967260,no pertenece,,
152045981,canasta TET,,
151954451,canasta BT,,
151943106,canasta BT,,
152045924,ejecutado,,
151963394,brigada pesada,,
151967704,canasta TET,,
151954419,ya normalizado,,
151954402,canasta BT,,
151954403,canasta BT,,
151939177,brigada pesada,,
151864701,ejecutado,,
151970355,canasta TET,,
151969432,no pertenece,,
151973795,brigada pesada,,
151973407,ejecutado,,
151946474,ejecutado,,
151970383,ejecutado,,
151946374,ejecutado,,
151767942,canasta BT,,
151860905,brigada pesada,,
151970988,ejecutado,,
151954847,canasta BT,,
151954476,canasta BT,,
151771371,canasta BT,,
151954421,especial,,
152048165,no pertenece,,
152050245,no pertenece,,
152112563,no pertenece,,
152118074,no pertenece,,
152048840,no pertenece,,
152113785,no pertenece,,
152053480,no pertenece,,
152115195,no pertenece,,
152047901,no pertenece,,
152110681,no pertenece,,
152117971,no pertenece,,
152121216,no pertenece,,
152119594,no pertenece,,
152117192,no pertenece,,
151968642,no pertenece,,
152116170,no pertenece,,
152112690,no pertenece,,
152048505,no pertenece,,
152111580,no pertenece,,
152050123,no pertenece,,
152046586,no pertenece,,
151973490,brigada pesada,,
151954425,canasta BT,,
151671449,canasta BT,,
151945428,brigada pesada,,
151770882,ya normalizado,,
151725919,especial,,
152121402,duplicidad,,
151963403,canasta,,
152049404,canasta,,
152049559,canasta,,
151954455,canasta BT,10/3/2026,
152119779,no pertenece,,
152118625,no pertenece,,
152118471,no pertenece,,
152047613,canasta BT,,
152126334,canasta TET,,
151440092,brigada pesada,,
151964458,canasta TET,,
152047345,ejecutado,,
151970216,ejecutado,,
151961218,ejecutado,,
151971753,especial,,
151956567,ejecutado,,
152046318,canasta BT,,
152118654,canasta TET,,
152119587,canasta TET,,
152119818,canasta TET,,
151954473,canasta BT,,
152113161,canasta TET,,
152113622,canasta TET,,
152045593,ejecutado,,
151954399,canasta BT,,
152114275,ejecutado,,
151767193,brigada pesada,,
152161720,no pertenece,,
152127797,no pertenece,,
152128675,no pertenece,,
151767815,especial,,
152115889,brigada pesada,,
152119768,no pertenece,,
151770554,no pertenece,,
152209225,no pertenece,,
152207668,no pertenece,,
152197228,no pertenece,11/3/2026,
152166839,no pertenece,,
152207315,no pertenece,,
152192119,no pertenece,,
152128806,no pertenece,,
152128496,canasta BT,,
152046857,canasta TET,,
152125359,canasta TET,,
152204068,no pertenece,,
152047389,canasta TET,,
152197992,brigada pesada,,
152191758,ejecutado,,
152208815,canasta TET,,
151954401,canasta BT,,
152190909,brigada pesada,,
152208599,ejecutado,,
152208781,ejecutado,,
152196108,no pertenece,,
151965397,ejecutado,,
152279320,no pertenece,,
152279435,no pertenece,,
152277395,no pertenece,,
152280227,no pertenece,,
152282936,no pertenece,,
152048064,no pertenece,,
152128614,canasta TET,,
152199244,canasta TET,,
152200603,ejecutado,,
152204057,canasta TET,,
152194813,brigada pesada,,
152208830,ejecutado,,
152210586,no pertenece,,
152199337,no pertenece,,
152204779,no pertenece,,
152200748,no pertenece,,
152200662,no pertenece,,
152203447,no pertenece,,
152200599,no pertenece,,
152210009,no pertenece,,
152192399,brigada pesada,,
152204720,ejecutado,,
152208848,ejecutado,,
152207945,ejecutado,,
152294361,duplicidad,,
152294422,duplicidad,,
152294508,duplicidad,,
152294546,duplicidad,12/3/2026,
152294559,duplicidad,,
152294577,duplicidad,,
152294592,duplicidad,,
152294620,duplicidad,,
152294643,duplicidad,,
152294685,duplicidad,,
152294709,duplicidad,,
152294730,duplicidad,,
152294757,duplicidad,,
152294768,duplicidad,,
152294779,duplicidad,,
152294310,duplicidad,,
152294360,duplicidad,,
152294421,duplicidad,,
152294507,duplicidad,,
152294545,duplicidad,,
152294558,duplicidad,,
152294591,duplicidad,,
152294619,duplicidad,,
152294642,duplicidad,,
152294684,duplicidad,,
152294708,duplicidad,,
152294729,duplicidad,,
152294756,duplicidad,,
152294767,duplicidad,,
152293319,duplicidad,,
152293421,duplicidad,,
152293841,duplicidad,,
152293915,duplicidad,,
152293968,duplicidad,,
152294016,duplicidad,,
152294117,duplicidad,,
152294177,duplicidad,,
152294253,duplicidad,,
152294309,duplicidad,,
152294359,duplicidad,,
152294420,duplicidad,,
152287367,ejecutado,,
152283250,ejecutado,,
152294839,canasta TET,,
152277644,ejecutado,,
152285407,ejecutado,,
152283570,canasta TET,,
152290306,canasta BT,,
152292719,canasta BT,,
152277871,ejecutado,,
152280983,ejecutado,,
152209189,ejecutado,,
152208494,ejecutado,,
152279859,ejecutado,,
152287527,brigada pesada,,
152196344,ejecutado,,
152196942,ejecutado,,
152294147,ejecutado,,
152291876,canasta BT,,
152277681,brigada pesada,,
152294199,brigada pesada,,
152292476,canasta TET,,
152285518,ejecutado,,
152316296,ejecutado,,
152291314,brigada pesada,,
152294142,especial,,
152210516,canasta BT,,
152394962,no pertenece,,
152292304,no pertenece,,
152395007,no pertenece,,
152396476,no pertenece,,
152391568,no pertenece,,
152398297,no pertenece,,
152398606,no pertenece,,
152394345,no pertenece,,
152396522,no pertenece,,
152398516,no pertenece,,
152282942,no pertenece,,
152288327,no pertenece,,
152393410,no pertenece,,
152398657,duplicidad,,
152398588,duplicidad,,
152398483,duplicidad,,
152398261,duplicidad,,
152398164,duplicidad,,
152394146,duplicidad,,
152393989,duplicidad,,
152393648,duplicidad,,
152393427,duplicidad,,
152393146,duplicidad,,
152392900,duplicidad,,
152392692,duplicidad,,
152392391,duplicidad,,
152392199,duplicidad,,
152391911,duplicidad,,
152399544,duplicidad,,
152399169,duplicidad,,
152398962,duplicidad,,
152398777,duplicidad,,
152398659,duplicidad,,
152398590,duplicidad,,
152398485,duplicidad,,
152398263,duplicidad,,
152398166,duplicidad,,
152394148,duplicidad,,
152393991,duplicidad,,
152394145,duplicidad,,
152393988,duplicidad,,
152393647,duplicidad,,
152393426,duplicidad,,
152393145,duplicidad,,
152392899,duplicidad,,
152392691,duplicidad,,
152392390,duplicidad,,
152392198,duplicidad,,
152391910,duplicidad,,
152391684,duplicidad,,
152391514,duplicidad,,
152391086,duplicidad,,
152390816,duplicidad,,
152390455,duplicidad,,
152394144,duplicidad,,
152393987,duplicidad,,
152393646,duplicidad,,
152393425,duplicidad,,
152393144,duplicidad,,
152392898,duplicidad,,
152392690,duplicidad,,
152392389,duplicidad,,
152392197,duplicidad,,
152391909,duplicidad,,
152391683,duplicidad,,
152391513,duplicidad,,
152391085,duplicidad,,
152390815,duplicidad,,
152390454,duplicidad,,
152399664,duplicidad,,
152399543,duplicidad,,
152399300,duplicidad,,
152399168,duplicidad,,
152398961,duplicidad,,
152398776,duplicidad,,
152398658,duplicidad,,
152398589,duplicidad,,
152398484,duplicidad,,
152398262,duplicidad,,
152398165,duplicidad,,
152394147,duplicidad,,
152393990,duplicidad,,
152393649,duplicidad,,
152393428,duplicidad,,
151972167,canasta TET,,
152393832,duplicidad,,
152399665,duplicidad,,
152400348,duplicidad,13/3/2026,
152400500,duplicidad,,
152400597,duplicidad,,
152400656,duplicidad,,
152400773,duplicidad,,
152400972,duplicidad,,
152401223,duplicidad,,
152401427,duplicidad,,
152401590,duplicidad,,
152387801,canasta,,
152389483,no pertenece,,
152386824,no pertenece,,
152386200,no pertenece,,
152387584,no pertenece,,
152209705,canasta BT,,
152195791,canasta BT,,
152400034,duplicidad,,
152399854,duplicidad,,
152295296,especial,,
152295466,especial,,
152385148,no pertenece,,
152283570,ejecutado,,
152287527,ejecutado,,
152387819,especial,,
151954460,canasta BT,,
152508541,no pertenece,,
152502147,no pertenece,,
152500380,no pertenece,,
152505104,no pertenece,,
152405689,no pertenece,,
152494476,no pertenece,,
152395770,no pertenece,,
152502804,no pertenece,,
152425279,no pertenece,,
152502344,no pertenece,,
152424678,no pertenece,,
152502951,no pertenece,,
152424768,no pertenece,,
152505462,no pertenece,,
152500321,no pertenece,,
152502272,no pertenece,,
152502106,no pertenece,,
152401153,no pertenece,,
152402660,no pertenece,,
152279686,canasta BT,,
152196663,canasta BT,,
152401495,canasta BT,,
152202939,especial,,
137214559,especial,,
152386518,no pertenece,,
152493377,no pertenece,,
152500059,no pertenece,,
152491915,no pertenece,,
152493457,no pertenece,14/3/2026,
152491202,no pertenece,,
152394896,no pertenece,,
152390802,no pertenece,,
152492131,no pertenece,,
152392143,brigada pesada,,
152390175,ya normalizado,,
152046857,ejecutado,,
152506469,ya normalizado,,
152394765,especial,,
152553441,no pertenece,,
152558453,no pertenece,,
152497116,especial,,
152510628,canasta BT,16/3/2026,
152514320,ejecutado,,
152505196,no pertenece,,
152541658,canasta TET,,
151954480,canasta BT,,
152205479,no pertenece,,
152541075,ejecutado,,
152387806,canasta TET,,
152278653,canasta TET,,
152510776,canasta TET,,
152510777,canasta TET,,
152721773,no pertenece,,
152649940,no pertenece,,
152643758,no pertenece,,
152502514,ejecutado,,
152724424,no pertenece,,
152723598,no pertenece,,
152722641,no pertenece,cierre de escritorio,
152738070,no pertenece,,
152651146,no pertenece,,
152722553,no pertenece,,
152729893,no pertenece,,
152736405,no pertenece,,
152727307,no pertenece,,
152727061,no pertenece,,
152722096,no pertenece,,
152732630,no pertenece,,
152557812,no pertenece,,
152544094,no pertenece,,
152288989,ejecutado,,
152536004,ejecutado,,
152724279,canasta TET,,
152556635,ejecutado,,
152643503,ejecutado,17/3/2026,
152732852,no pertenece,TET,
152552858,ejecutado,,
152559445,canasta BT,,
152644439,canasta TET,,
152643039,ejecutado,,
152541819,ejecutado,,
152543874,canasta TET,,
152843717,no pertenece,,
152733462,ejecutado,,
152733128,ejecutado,,
152723625,especial,,
152507772,canasta BT,,
152559109,canasta TET,,
152498145,brigada pesada,,
152558503,brigada pesada,,
152726146,canasta TET,,
152504958,brigada pesada,,
152729824,brigada pesada,,
152647047,ejecutado,,
152509998,canasta TET,,
152511944,no pertenece,,
152847156,ejecutado,,
152748342,ejecutado,,
152516739,canasta BT,,
152852888,brigada pesada,18/3/2026,
152866332,canasta BT,,
152867660,canasta BT,,
152749837,ejecutado,,
152860336,canasta TET,,
152721496,canasta TET,,
152971593,no pertenece,,
152971506,no pertenece,,
152974317,no pertenece,,
152973072,no pertenece,,
152967744,no pertenece,,
152970198,no pertenece,,
151954457,canasta BT,,
145143288,canasta TET,,
152747156,no pertenece,,
152774097,ejecutado,,
152852240,canasta TET,,
152735702,brigada pesada,,
152772129,brigada pesada,,
152773992,brigada pesada,,
152982755,no pertenece,,
152863978,no pertenece,,
152870634,no pertenece,,
152891635,no pertenece,,
152975908,no pertenece,,
152863537,no pertenece,,
152399843,brigada pesada,,
152507772,canasta BT,,
152990925,especial,,
152859077,especial,,
152859097,brigada pesada,,
152869140,brigada pesada,,
152869275,brigada pesada,,
152978183,canasta TET,,
152982236,brigada pesada,,
152647238,canasta BT,,
152728772,especial,,
152982268,especial,,
152509998,ejecutado,,
153016003,no pertenece,,
153089889,no pertenece,,
152990580,no pertenece,,
152982173,no pertenece,,
152994708,no pertenece,,
152991113,no pertenece,,
152857041,no pertenece,,
153086636,no pertenece,,
152980467,no pertenece,,
152854967,no pertenece,,
152859149,brigada pesada,,
152891800,canasta TET,,
152871633,ejecutado,,
151386166,ejecutado,,
152292304,ejecutado,,
152971813,canasta TET,,
152863284,brigada pesada,,
152732852,no pertenece,,
153086074,no pertenece,,
152993377,no pertenece,,
153093803,no pertenece,,
153088445,no pertenece,,
153097338,no pertenece,,
153105289,no pertenece,,
153098939,no pertenece,,
153089482,no pertenece,,
152991929,no pertenece,,
153096778,no pertenece,,
153096306,no pertenece,,
153089850,no pertenece,,
153093896,no pertenece,,
152993926,no pertenece,,
153093136,no pertenece,,
153088687,no pertenece,,
153100847,no pertenece,,
153092105,no pertenece,,
153090871,no pertenece,,
153101171,no pertenece,,
153099634,no pertenece,,
153085684,no pertenece,,
153086381,no pertenece,,
152987077,no pertenece,,
152990116,no pertenece,,
152989935,no pertenece,,
152987638,no pertenece,,
152969198,no pertenece,,
152858378,no pertenece,,
152989811,brigada pesada,,
152202939,canasta BT,,
153101177,duplicidad,,
153099125,brigada pesada,,
153098414,brigada pesada,,
153096971,brigada pesada,,
152989194,ejecutado,20/3/2026,
153102372,canasta TET,,
153108038,canasta BT,,
152992390,canasta BT,,
153108042,canasta BT,,
153108041,canasta BT,,
153108040,canasta BT,,
153108039,canasta BT,,
153093532,canasta TET,,
152869286,brigada pesada,,
152992379,canasta BT,,
152982413,ejecutado,,
152989355,brigada pesada,,
153100692,ejecutado,,
152985732,canasta TET,,
152992374,especial,,
152868561,canasta TET,,
153101105,ejecutado,,
153098683,brigada pesada,,
153108959,canasta BT,,
152982848,ejecutado,,
153098453,canasta BT,,
152985902,brigada pesada,,
152986434,ejecutado,,
152987989,ejecutado,,
152744060,ejecutado,,
152987079,ejecutado,,
152847966,ejecutado,,
152859101,ejecutado,,
152871051,ejecutado,,
151689405,no programar,,
153208173,no programar,,
153208580,no programar,,
153208842,no programar,,
153209152,no programar,,
153209482,no programar,,
153210108,no programar,,
153210380,no programar,,
153210713,no programar,,
153211153,no programar,,
153211475,no programar,,
153109526,no programar,,
153212082,no programar,,
153213493,no programar,,
153214010,no programar,,
153214270,no programar,,
153101175,duplicidad,,
153101207,duplicidad,,
153194366,no pertenece,,
153196979,no pertenece,,
153198793,no pertenece,,
153212272,no pertenece,21/3/2026,
153136098,no pertenece,,
153188662,no pertenece,,
153201297,no pertenece,,
153096346,no pertenece,,
153108746,no pertenece,,
153109361,no pertenece,,
153136650,no pertenece,,
153196595,no pertenece,,
153214703,no pertenece,,
153239945,no pertenece,,
152980690,brigada pesada,,
153201506,brigada pesada,,
153085882,brigada pesada,,
153212932,canasta BT,,
152743851,canasta BT,,
152992375,canasta BT,,
153105055,brigada pesada,,
153108044,canasta BT,,
153108045,canasta BT,,
153107816,no pertenece,,
153212907,canasta TET,,
152510772,canasta TET,,
153283967,no pertenece,,
153346002,no pertenece,,
153245528,no pertenece,,
153346421,no pertenece,24/3/2026,
153279953,no pertenece,,
153258143,no pertenece,,
153283987,no pertenece,,
153202064,no pertenece,,
153345265,no pertenece,,
153239235,no pertenece,,
153246687,no pertenece,,
153282434,no pertenece,,
153346684,no pertenece,,
153241354,no pertenece,,
153251936,no pertenece,,
153212921,canasta BT,,
153212919,canasta BT,,
152743849,canasta BT,,
153212906,canasta BT,,
153108028,canasta BT,,
152868575,canasta BT,,
153212931,no pertenece,,
152992377,canasta BT,,
152743846,canasta BT,,
153212917,canasta BT,,
152992405,especial,,
153253166,ejecutado,,
153243222,brigada pesada,,
153282048,ejecutado,,
153346095,brigada pesada,,
153249703,brigada pesada,,
153254112,especial,,
153093199,canasta BT,,
153346499,ejecutado,,
153257958,brigada pesada,,
153258508,no pertenece,,
153258203,brigada pesada,,
153237659,brigada pesada,,
153253418,ejecutado,,
153248764,brigada pesada,,
153246256,ejecutado,,
152498145,brigada pesada,,
153282653,brigada pesada,,
153248273,brigada pesada,,
153422904,canasta TET,,
153414266,no pertenece,,
153416263,no pertenece,,
153351622,no pertenece,Tutela,
153406276,no pertenece,,
153416271,no pertenece,,
153411228,no pertenece,,
153394865,no pertenece,,
153416813,no pertenece,,
153416097,no pertenece,,
153417018,no pertenece,,
153343678,no pertenece,,
153412363,no pertenece,,
153406277,no pertenece,,
153414722,no pertenece,,
153351180,no pertenece,,
153405259,no pertenece,,
153415074,no pertenece,,
153347351,no pertenece,,
153215900,canasta BT,,
153413638,brigada pesada,,
153406132,brigada pesada,,
153406325,brigada pesada,25/3/2026,
153424606,canasta BT,,
153279464,ejecutado,,
153424611,canasta BT,,
153424607,canasta BT,,
153424608,canasta BT,cierre de escritorio,
153424610,canasta BT,,
151766102,especial,,
153420647,ejecutado,,
153347083,ejecutado,,
153423463,brigada pesada,,
153417170,brigada pesada,,
153348084,ejecutado,,
153108060,canasta BT,,
153348684,brigada pesada,,
153212900,canasta BT,,
152743917,especial,,
152743847,canasta BT,,
153108061,especial,,
153416120,no pertenece,,
153423460,no pertenece,,
153411157,no pertenece,,
153410805,no pertenece,,
153410348,no pertenece,,
153415924,no pertenece,,
152992420,especial,,
153408703,ejecutado,,
152992406,canasta BT,,
153424602,canasta BT,,
153424593,canasta BT,,
153424598,canasta BT,,
153424595,canasta BT,,
153424591,canasta BT,,
153424695,canasta BT,,
153513214,censo de cargas,,
153416098,no pertenece,,
153284334,no pertenece,,
153510608,canasta BT,,
153424618,canasta BT,26/3/2026,
153509899,ejecutado,,
153519533,brigada pesada,,
153534901,no pertenece,,
153523503,no pertenece,,
153536457,no pertenece,,
153534714,no pertenece,,
153529349,no pertenece,,
153521732,no pertenece,,
153559139,no pertenece,,
153522959,no pertenece,,
153428939,no pertenece,,
153428977,ejecutado,,
153424600,canasta BT,,
153424601,canasta BT,,
153445213,brigada pesada,,
153424599,canasta BT,,
153424623,canasta BT,,
153529251,canasta BT,,
153527959,ejecutado,,
153517835,brigada pesada,,
153523041,ejecutado,,
153533524,brigada pesada,,
153534797,brigada pesada,,
153534056,brigada pesada,,
153421017,ejecutado,,
153520905,canasta TET,,
153428660,brigada pesada,,
153429208,ejecutado,,
153427017,canasta BT,,
153452974,especial,,
153516607,canasta TET,,
153568484,no pertenece,,
153566390,no pertenece,,
153568673,no pertenece,,
153584249,no pertenece,,
153572430,no pertenece,,
153574594,no pertenece,,
153574694,no pertenece,,
153563826,no pertenece,,
153568936,no pertenece,,
153569046,no pertenece,,
153578111,no pertenece,,
153579079,no pertenece,,
153584294,no pertenece,,
153583903,no pertenece,,
153582892,no pertenece,,
153563757,no pertenece,,
153563373,no pertenece,,
153584817,no pertenece,,
153254112,ejecutado,,
153529705,ya normalizado,,
153280756,no pertenece,,
153559279,especial,,
153520099,especial,,
153529706,ya normalizado,27/3/2026,
153427333,canasta BT,,
153428785,ejecutado,,
152992396,especial,,
153421337,ejecutado,,
153416107,ejecutado,,
153573517,brigada pesada,,
153559673,ejecutado,,
153424472,ejecutado,,
153349481,ejecutado,,
152201234,brigada pesada,,
153585995,brigada pesada,,
153586437,brigada pesada,,
153346684,ejecutado,,
153523229,canasta TET,,
153587645,canasta BT,,
153586997,brigada pesada,,
153578574,no pertenece,,
153572884,no pertenece,,
153579126,no pertenece,,
153586906,no pertenece,,
153570474,no pertenece,,
153571551,no pertenece,,
153572819,no pertenece,,
153570987,no pertenece,,
153519144,no pertenece,,
153517313,no pertenece,,
153525486,no pertenece,,
153636588,no pertenece,,
153635633,no pertenece,,
153620026,no pertenece,,
153591922,no pertenece,,
153589846,no pertenece,,
153578385,no pertenece,,
153574413,no pertenece,,
153585927,no pertenece,,
153529707,ya normalizado,,
153587643,canasta BT,,
153583530,brigada pesada,,
153652247,canasta TET,,
153656238,canasta TET,,
153657182,canasta TET,,
153651985,canasta TET,,
153587638,canasta TET,,
153587639,canasta TET,,
153587597,especial,,
153529227,canasta BT,28/3/2026,
153526561,canasta BT,,
153633289,brigada pesada,,
153628362,ejecutado,,
153534700,ejecutado,,
153636704,especial,,
153578325,brigada pesada,,
153586652,ejecutado,,
153628085,no pertenece,,
153635673,no pertenece,,
153636947,no pertenece,,
153590132,no pertenece,,
153584719,no pertenece,,
153578909,no pertenece,,
153570792,no pertenece,,
153593357,brigada pesada,,
153590063,canasta TET,,
153578650,canasta BT,,
153590006,canasta BT,,
153583544,especial,,
153593106,canasta BT,,
153640453,ejecutado,,
153591943,ejecutado,,
153588182,ejecutado,,
153424621,canasta BT,,
153591399,brigada pesada,,
153587646,canasta BT,,
153627259,brigada pesada,,
153587609,canasta BT,,
153562898,canasta TET,,
153644271,canasta BT,,
153584014,especial,,
153634416,no pertenece,,
153678853,no pertenece,29/3/2026,
153670867,no pertenece,,
153646124,no pertenece,30/3/2026,
153587593,especial,,
153587592,especial,,
153212904,canasta BT,,
153587632,especial,,
153587651,canasta BT,,
153239945,ejecutado,,
153736344,canasta TET,,
153775280,no pertenece,,
153765379,no pertenece,,
153738439,especial,,
153212893,canasta BT,,
153671514,canasta BT,,
153774506,ejecutado,,
153768590,brigada pesada,,
153764868,ejecutado,,
153772945,especial,,
153783683,no pertenece,,
153795292,no pertenece,,
153794544,no pertenece,,
153795620,no pertenece,,
153797239,no pertenece,,
153792404,no pertenece,,
153729622,canasta BT,,
153766298,brigada pesada,,
153770712,brigada pesada,,
153775064,brigada pesada,,
153772095,canasta BT,,
153529197,especial,,
153741256,ejecutado,,
153529204,especial,,
153772010,ejecutado,,
153691882,brigada pesada,,
153683747,brigada pesada,,
153777473,no pertenece,,
153740651,no pertenece,,
153522457,ejecutado,,
153666714,canasta TET,,
153643055,canasta BT,,
153742724,no pertenece,cierre de escritorio,
153645105,no pertenece,,
153770067,no pertenece,,
153769875,no pertenece,,
153424622,canasta BT,,
153778508,no pertenece,,
153812036,no pertenece,,
153765696,ejecutado,31/3/2026,
153741733,ejecutado,,
153562898,ejecutado,,
153424662,canasta BT,,
153785799,ejecutado,,
153797856,ejecutado,,
153796850,no pertenece,,
153346147,canasta TET,,
153744620,ejecutado,,
153774801,ejecutado,,
153803117,ejecutado,,
153794399,canasta BT,,
153793944,canasta BT,,
153834106,canasta BT,,
153795382,brigada pesada,,
153784606,canasta BT,,
153801810,especial,,
153796408,brigada pesada,,
153101178,ya normalizado,,
153794606,canasta BT,,
153839079,brigada pesada,,
153883452,no pertenece,,
153866501,brigada pesada,1/4/2026,
153838536,no pertenece,,
153836500,no pertenece,,
153881511,no pertenece,,
153868923,no pertenece,,
153868783,no pertenece,,
153836152,no pertenece,,
153799217,no pertenece,,
153877643,no pertenece,,
153863474,no pertenece,,
153836286,canasta BT,,
153873581,no pertenece,,
153890485,canasta TET,,
153942831,plan turístico,,
153942832,plan turístico,,
153942815,plan turístico,,
153942829,plan turístico,,
153942820,plan turístico,,
153942822,plan turístico,,
153942823,plan turístico,,
153942824,plan turístico,,
153942830,plan turístico,,
153942825,plan turístico,,
153942826,plan turístico,,
153942818,plan turístico,,
153942817,plan turístico,,
153942816,plan turístico,,
153942819,plan turístico,,
153942828,plan turístico,,
153942821,plan turístico,,
153942827,plan turístico,,
153942811,plan turístico,,
153942835,plan turístico,,
153942833,plan turístico,,
153942838,plan turístico,,
153942840,plan turístico,,
153942839,plan turístico,,
153942841,plan turístico,,
153942837,plan turístico,,
153886566,brigada pesada,,
153836633,especial,,
153867415,canasta BT,,
153874680,especial,,
153948882,ejecutado,,
153895584,canasta,,
153805736,canasta BT,,
153793950,canasta TET,,
153671486,canasta TET,4/4/2026,
153976621,canasta BT,,
153977733,no pertenece,,
153955135,no pertenece,,
153978551,no pertenece,,
153941960,no pertenece,,
153970665,no pertenece,,
153941153,no pertenece,,
153977870,no pertenece,,
153978277,no pertenece,,
153793951,canasta BT,,
153986198,canasta BT,,
153990263,brigada pesada,,
153973202,ejecutado,,
153984087,brigada pesada,6/4/2026,
153976597,especial,,
154058236,brigada pesada,,
153974942,brigada pesada,,
153980094,especial,,
153941374,canasta TET,,
153936188,especial,,
153898786,canasta TET,,
153793956,canasta TET,,
153793965,canasta BT,,
153897520,canasta TET,,
153880049,canasta BT,,
153968500,canasta TET,,
153942754,ejecutado,,
153877830,canasta BT,,
153988649,ejecutado,,
153987343,ejecutado,,
153870137,canasta BT,,
153878518,canasta TET,,
153986611,ejecutado,,
153948032,ejecutado,,
153992166,brigada pesada,,
153940083,brigada pesada,,
153959210,brigada pesada,,
153987270,canasta BT,,
153979923,canasta BT,,
153976040,ejecutado,,
153979825,ejecutado,,
154134051,canasta BT,,
154134972,canasta BT,,
154136349,canasta BT,,
153980808,canasta BT,,
154063621,brigada pesada,,
154061038,canasta TET,,
153988875,ejecutado,,
153972981,canasta TET,,
153529240,canasta TET,,
153971403,multifamiliar,,
154061777,canasta TET,,
153424626,canasta BT,,
153793929,canasta BT,,
153529190,usuario no permite revisión,,
153212943,canasta BT,,
154146667,canasta,,
153951021,usuario no permite revisión,,
153834124,especial,,
154130986,canasta BT,,
154062258,canasta BT,,
154061739,canasta BT,,
154059419,canasta BT,,
154146643,usuario no permite revisión,,
154146642,usuario no permite revisión,,
154146641,canasta BT,,
153793948,canasta BT,,
153834105,usuario no permite reubicar,,
153793937,canasta BT,,
153793936,canasta BT,,
154062557,canasta BT,,
154148850,brigada pesada,8/4/2026,
154134125,ejecutado,,
154134509,canasta BT,,
154152602,brigada pesada,,
154137168,brigada pesada,,
154109208,brigada pesada,,
154136825,canasta BT,,
154132313,brigada pesada,,
154150978,ejecutado,,
153993655,brigada pesada,,
153880061,especial,,
154149875,ejecutado,,
154149329,ejecutado,,
154140277,ejecutado,,
154226842,canasta TET,,
154225116,canasta BT,,
153880051,canasta TET,,
153873154,canasta BT,,
153529499,no permite normalización,,
153891066,canasta BT,caja concentradora,
154107371,canasta BT,,
151233227,canasta BT,sin redes cercanas al predio,
151233227,canasta BT,,
154332367,canasta BT,,
154233770,ejecutado,,
154153037,brigada pesada,,
154231762,canasta BT,,
154058496,ejecutado,,
154327022,brigada pesada,,
154226046,canasta TET,,
154247864,canasta BT,,
154333868,canasta BT,,
154239546,ejecutado,,
154223925,brigada pesada,,
154327949,especial,,
154222104,canasta BT,,
154229809,ejecutado,,
154223934,ejecutado,,
154146776,canasta TET,,
154166423,brigada pesada,,
154235796,ejecutado,usuario no permite reubicación,
154233792,ejecutado,llevar conectores de perforación,
154147917,ejecutado,,
154334117,visita posterior,,
154334115,usuario no permite revisión,usuario no permite reubicación,
153212959,canasta,usuario no permite reubicación,
153880057,especial,,
153942830,visita posterior,,
154334131,canasta BT,,
154146640,canasta BT,usuario no permite revisión,
154146639,canasta BT,,
153671490,canasta BT,,
153108046,canasta BT,,
154146682,visita posterior,,
153587617,visita posterior,,
153834125,especial,,
154406530,canasta BT,,
154242963,canasta BT,,
154338657,canasta BT,usuario no permite revisión,
154326361,especial,10/4/2026,
154416320,canasta BT,,
154331831,canasta BT,,
154339928,brigada pesada,,
154333158,canasta BT,,
154331568,canasta BT,,
154336943,canasta BT,,
154236295,canasta BT,,
154230964,canasta TET,,
154335988,canasta BT,,
154133201,canasta TET,,
154240563,brigada pesada,,
154327973,brigada pesada,,
154332244,canasta BT,,
154332461,brigada pesada,,
154329200,ejecutado,,
154405212,ejecutado,,
154326769,canasta TET,,
153108071,especial,,
154332638,canasta BT,,
154402774,canasta BT,,
153880063,canasta BT,,
154418365,visita posterior,,
154418555,visita posterior,,
154289261,canasta BT,,
154334118,visita posterior,,
154238740,especial,,
154334140,canasta BT,,
154333854,canasta BT,,
154233785,brigada pesada,,
154328511,especial,,
154327380,brigada ME,,
154060101,brigada pesada,,
153834101,canasta BT,,
153834107,canasta BT,,
154334122,canasta BT,,
153880048,usuario no permite normalizar,,
154418359,canasta,,
154418360,canasta,,
153942826,visita posterior,,
154490178,visita posterior,,
154490179,visita posterior,,
154490180,visita posterior,,
153834103,canasta BT,,
154334117,canasta TET,,
154401953,canasta TET,,
153793942,canasta BT,,
154485952,canasta BT,,
154489766,brigada pesada,,
154482438,canasta BT,,
154489466,canasta TET,11/4/2026,
154490680,ejecutado,,
154491727,brigada pesada,,
154422298,brigada pesada,,
154485500,canasta BT,,
154487898,especial,,
154489137,especial,,
154490309,especial,,
154421782,canasta BT,,
154491758,ejecutado,,
154495493,especial,,
154496709,especial,,
154420580,ejecutado,,
153880078,canasta BT,,
154334117,canasta TET,,
153834103,canasta BT,,
154146662,especial,,
154490164,visita posterior,,
153834087,usuario no permite revisión,,
154334130,usuario no permite revisión,,
154414903,canasta TET,,
154503848,canasta BT,,
154498644,canasta TET,,
154500937,especial,,
154487586,canasta BT,,
154413770,canasta TET,,
154418339,canasta BT,,
154418331,canasta BT,,
154503233,especial,13/4/2026,
154503305,especial,,
154502098,canasta BT,,
154504339,especial,,
154536052,ejecutado,,
154502056,brigada pesada,,
154503012,brigada pesada,,
154509415,canasta TET,,
154506368,ejecutado,,
154502649,canasta BT,,
154501927,ejecutado,,
154418556,canasta,,
154418331,canasta BT,,
154422190,154691637,cierre de escritorio,
154490162,visita posterior,,
154490161,visita posterior,,
154418351,canasta TET,,
154601595,canasta BT,,
154603482,brigada pesada,,
154512169,canasta BT,,
154604935,especial,,
154680577,brigada pesada,,
153942833,visita posterior,,
154497603,canasta TET,,
154418348,canasta BT,,
154490166,canasta BT,,
153880079,visita posterior,,
153951039,canasta BT,comunidad alterada,usuario no permite revisión
154490175,visita posterior,,
154494957,caja concentradora,,
154691637,usuario desiste de la normalización,,
154602475,canasta BT,,
153834082,usuario no permite revisión,,
154684769,canasta BT,14/4/2026,
154604034,canasta TET,,
154684783,usuario no permite revisión,,
154684777,canasta,,
154788224,canasta BT,,
154787841,canasta BT,usuario agresivo,
153880081,visita posterior,,
154684870,visita posterior,,
154687382,canasta BT,,
154684869,visita posterior,,
154684797,visita posterior,,
154684864,visita posterior,,
153880053,canasta TET,,
154684862,canasta BT,,
154684867,visita posterior,,
154687357,canasta,,
154512290,centralizada,,
154604572,centralizada,,
154687373,usuario no permite revisión,,
153951034,canasta BT,15/4/2026,
154684938,canasta TET,,
154513906,canasta BT,,
154684791,canasta BT,,
154677651,canasta BT,,
154809317,brigada pesada,,
154789218,brigada pesada,,
154794102,canasta BT,,
154806306,brigada pesada,,
154797484,brigada pesada,,
154790354,canasta BT,,
154798875,brigada pesada,,
154684777,brigada pesada,,
154684811,canasta BT,,
154684809,canasta BT,,
154684815,especial,,
154687365,canasta BT,,
154687368,canasta BT,,
154684807,canasta BT,,
154687379,canasta BT,,
1546689812,usuario no permite revisión,,
154418352,usuario no permite revisión,,
154801580,canasta TET,,
154513806,especial,,
154487554,canasta BT,,
154791416,canasta BT,,
154687374,usuario no permite revisión,,
154687375,canasta BT,,
154809818,canasta BT,,
154798315,brigada pesada,canasta TET,
154809240,ejecutado,,
154901714,brigada pesada,16/4/2026,
154809897,canasta BT,,
154918238,canasta TET,,
154803923,especial 32,,
154810095,brigada pesada,,
154808766,especial,,
154810099,canasta BT,,
154901442,brigada pesada,,
154806769,canasta BT,conectores,
154808763,canasta BT,,
154837209,canasta TET,,
154837119,canasta BT,,
153529216,canasta BT,,
154687381,canasta BT,,
154687361,canasta BT,,
154684854,visita posterior,,
154687392,canasta BT,,
154684807,canasta BT,,
154684863,visita posterior,,
154684864,canasta BT,,
154689515,canasta TET,,
154687370,canasta TET,,
154918817,visita posterior,,
154687371,canasta TET,,
154490180,visita posterior,,
154809667,ejecutado,,
154809398,canasta TET,,
154772504,especial,,
154807469,brigada pesada,,
154810050,ejecutado,,
154807298,brigada pesada,,
154905023,especial,,
154687372,canasta BT,,
124684870,canasta,,
154684871,canasta BT,,
154490178,visita posterior,,
154146686,visita posterior,,
154684805,visita posterior,,
154918129,canasta BT,,
154684841,visita posterior,,
154918136,visita posterior,,
154918813,visita posterior,,
154684854,visita posterior,,
154684847,especial,,
155037524,especial,,
154948898,ejecutado,,
154947832,canasta TET y especial,,
155038676,especial,17/4/2026,
154908245,brigada pesada,,
154948014,brigada pesada,,
154912841,especial,,
155136406,brigada pesada,,
154949093,canasta BT,,
155041012,canasta BT,,
154948071,canasta BT,,
155138532,canasta BT,,
155036495,brigada pesada,,
154146679,usuario no permite reubicación,,
154918817,canasta BT,,
155040625,visita posterior,,
154903669,canasta TET,,
154687428,canasta BT,,
154921258,canasta BT,,
154688552,canasta BT,,
154908973,canasta TET,,
154684848,visita posterior,,
154897165,canasta BT,,
154684846,usuario no permite revisión,,
154797164,canasta BT,,
155040559,visita posterior,,
155034185,canasta BT,,
154687433,canasta BT,,
154803195,canasta BT,,
154913448,canasta TET,,
154899613,canasta BT,,
154918125,en ejecución,,
155067558,canasta BT,,
155135625,ejecutado,,
155040636,canasta BT,,
155040578,especial,,
154918117,canasta BT,,
155162416,visita posterior,,
155162413,visita posterior,,
155162418,visita posterior,,
155042597,canasta BT,,
154690270,canasta BT,,
155161663,canasta BT,,
155158602,centralizada,,
154490162,especial,,
155203553,brigada pesada,,
155199624,brigada pesada,,
155206304,brigada pesada,20/4/2026,
155190613,canasta TET,,
155195469,ejecutado,,
155040953,canasta BT,,
154684861,visita posterior,,
154684824,visita posterior,,
155207131,ejecutado,,
155194012,ejecutado,,
155196249,canasta BT,,
155185862,brigada pesada,,
155190217,ejecutado,,
155185669,brigada pesada,,
155208224,brigada pesada,,
155185925,ejecutado,,
155193307,brigada pesada,,
155187651,brigada pesada,,
155383797,brigada pesada,,
154684782,usuario agresivo,,
154684784,usuario agresivo,,
154684779,directos material,,
154684781,directos material,,
155161988,centralizada,,
155166988,especial,,
154687387,canasta BT,,
155162417,visita posterior,,
154685845,especial,,
154905023,canasta TET,,
155040583,visita posterior,,
155162385,especial,,
155162415,especial,,
155162408,especial,,
154797484,especial,,
154922508,especial,,
154912841,canasta BT,,
154948393,canasta TET,,
155155838,ejecutado,,
155038676,canasta TET,,
155393842,ejecutado,,
155383770,canasta BT,,
155313061,canasta BT,,
154685845,especial,21/4/2026,
155040567,canasta BT,,
155162407,canasta BT,,
155162392,visita posterior,,
155148072,centralizada,,
155163431,centralizada,,
155386926,especial,,
155395671,brigada pesada,,
155398189,brigada pesada,,
155398720,canasta BT,,
155398060,brigada pesada,,
155398137,brigada pesada,,
155403306,multifamiliar,,
155395983,ejecutado,,
155404022,canasta BT,,
155404024,visita posterior,,
155404021,visita posterior,,
155162370,visita posterior,,
155404481,canasta BT,,
155305606,brigada de mantenimiento,,
155407978,canasta BT,,
155040593,visita posterior,,
155162386,visita posterior,,
155040572,visita posterior,,
155193232,canasta BT,,
155306488,canasta BT,,
155502581,ejecutado,,
155505655,usuario no permite la reubicación,,
154684873,usuario no permite revisión,,
154684877,usuario no permite revisión,22/4/2026,
155384594,usuario no permite revisión,,
154684845,usuario no permite revisión,,
154684870,canasta BT,,
154684829,usuario no permite revisión,,
155040593,canasta BT,,
155162378,especial,,
155162389,usuario no permite revisión,no permite revisión,
155040578,especial,,
155162382,visita posterior,,
155408261,canasta TET,,
155162408,visita posterior,,
155504061,canasta BT,,
155414163,canasta BT,,
155418142,ejecutado,,
155480427,ejecutado,,
155462280,brigada pesada,,
155404024,canasta BT,,
155162410,canasta BT,,
155404015,canasta BT,,
155162371,canasta BT,,
155404004,visita posterior,,
155162364,canasta BT,,
155620690,ejecutado,,
155512020,canasta TET,,
155520220,canasta BT,,
155519298,canasta BT,,
155623938,canasta BT,,
155607902,canasta BT,,
155611880,brigada pesada,,
155516323,canasta BT,23/4/2026,
155206789,centralizada,,
155543917,ejecutado,,
155609060,canasta BT,,
155541044,brigada pesada,,
155616561,brigada pesada,,
155544717,brigada pesada,,
155540013,canasta BT,,
155628723,especial,,
155629514,ejecutado,,
155623340,brigada pesada,,
155615344,brigada pesada,,
155162392,usuario no permite revisión,,
155626264,visita posterior,,
155626199,canasta BT,,
155516871,especial,medidor en gabinete,
155626285,canasta BT,,
155626236,canasta BT,,
155403998,canasta BT,,
155413158,canasta TET,,
155626268,visita posterior,,
155626619,especial,,
155626183,visita posterior,,
155404017,visita posterior,,
155626181,visita posterior,,
155626175,visita posterior,,
155628723,canasta TET,,
155404020,visita posterior,,
155615344,canasta BT,,
155506203,especial,,
155722210,especial,,
155708582,canasta TET,,
155627519,ejecutado,24/4/2026,
155717379,brigada pesada,,
155621177,ejecutado,,
155393945,usuario no permite reubicación,,
155651087,canasta TET,,
155626023,brigada pesada,,
155629863,canasta BT,,
155628434,brigada pesada,,
155626265,especial 32,110,
155626292,especial,,
155712398,directos material,,
155712402,directos material,,
155712402,directos material,,
155712405,directos material,,
155712406,directos material,,
155712407,directos material,,
155712409,directos material,,
155712410,directos material,,
155712411,directos material,,
155712412,directos material,,
155713442,directos material,,
155712399,directos material,,
155712400,directos material,,
155712401,directos material,,
155712404,directos material,,
155712408,directos material,,
155628587,canasta TET,,
155715655,ejecutado,,
155629351,ejecutado,,
155608950,especial,,
155717268,brigada pesada,,
155629932,brigada pesada,,
155517292,ejecutado,,
155503301,ejecutado,,
154792307,normalizado,,
155706521,especial,,
155393945,brigada pesada,,
155626975,brigada correspondiente,,
155626623,visita posterior,,
155162382,canasta BT,110,
155626615,acceso impedido,José Henrry,
155626258,canasta BT,,
155626211,no se encuentra ubicación,,
155712409,canasta BT,,
155712401,visita posterior,,
155162362,canasta BT,,
155162374,especial,,
155404013,canasta BT,,
155499941,brigada pesada,,
155626803,brigada pesada,,
155626248,canasta BT,,
155626271,canasta BT,,
155626313,desmantelado,,
155712411,normalizado recientemente,,
155826808,visita posterior,,
155626276,visita posterior,,
155626339,visita posterior,4 días,Visitó Cesar B
155623350,brigada pesada,,
155725999,brigada pesada,,
155755009,canasta BT,,
155703718,centralizada,25/4/2026,
155821959,ejecutado,,
155714662,canasta TET,,
155724947,canasta TET,,
155817180,canasta TET,,
155830723,visita posterior,,
155626283,canasta BT,,
155830742,visita posterior,,
155830776,visita posterior,,
155830722,visita posterior,,
155826808,canasta BT,,
155830695,canasta BT,,
155408007,visita posterior,,
155408003,visita posterior,,
155724718,ejecutado,,
155815328,brigada pesada,,
155728990,canasta TET,,
155817007,canasta BT,,
155724309,ejecutado,,
155816015,canasta BT,,
155709580,ejecutado,,
155729523,especial,,
155753615,brigada pesada,,
155815385,ejecutado,,
155716127,brigada pesada,,
155715855,canasta BT,,
155830769,medidor en gabinete,,
155826807,especial,,
155826806,especial,,
154684779,usuario agresivo,,
154684781,usuario agresivo,,
155885025,brigada pesada,,
155882786,canasta TET,,
155879133,ejecutado,,
155864025,visita posterior,27/4/2026,
155825604,usuario no permite reubicación,,
155831525,brigada pesada,,
155869368,brigada pesada,,
155874130,brigada pesada,,
155873637,ejecutado,,
155834948,ejecutado,,
155816577,ejecutado,,
155874862,brigada pesada,,
155826662,canasta BT,,
155885021,ejecutado,,
155833220,brigada pesada,,
155826354,ejecutado,,
155830751,canasta BT,,
155626183,canasta BT,,
155826805,canasta BT,,
155626273,canasta BT,,
155826803,especial,,
155714206,canasta TET,,
155830630,visita posterior,,
155830764,visita posterior,,
155830790,canasta BT,,
155404025,canasta BT,,
155626215,visita posterior,,
154687377,canasta TET,,
155884817,brigada pesada,,
155816498,brigada pesada,,
155869389,ejecutado,,
155827748,ejecutado,,
155920653,brigada pesada,,
155924305,brigada pesada,,
155923225,ejecutado,,
155925338,ejecutado,,
155919815,canasta TET,,
155923617,ejecutado,,
155925118,ejecutado,,
155920896,canasta TET,,
155811307,ejecutado,,
155815025,brigada pesada,,
155626239,canasta TET,,
155830742,visita posterior,,
155830631,canasta BT,,
155830735,visita posterior,,
155830635,visita posterior,,
155928311,brigada pesada,,
155824342,brigada pesada,,
155869387,ejecutado,,
155877928,ejecutado,28/4/2026,
155952580,brigada pesada,,
155835339,brigada pesada,,
155834256,brigada pesada,,
155626182,visita posterior,,
155830710,canasta BT,,
155626263,visita posterior,,
155926859,ejecutado,,
155943509,canasta BT,,
155936746,canasta TET,,
155935309,canasta BT,,
155937494,especial,,
155949128,brigada pesada,,
155944075,especial,,
155921124,brigada pesada,,
155965576,ejecutado,,
155962675,canasta BT,,
155953477,canasta TET,,
155966130,canasta BT,,
155964756,ejecutado,,
155960456,brigada pesada,,
155937052,ejecutado,,
155944429,especial,,
155947587,especial,,
155966093,ejecutado,,
155961996,canasta TET,,
155966506,ejecutado,,
155927280,ejecutado,,
156007759,centralizada,,
155937732,canasta BT,,
155963605,brigada pesada,,
155927247,ejecutado,,
154684812,canasta TET,,
154684777,canasta TET,,
155830746,visita posterior,,
155830628,canasta BT,,
155826662,canasta TET,,
155831768,visita posterior,,
155162419,visita posterior,,
155407992,canasta BT,,
155717379,normalizado,,
155626333,visita posterior,,
155626335,visita posterior,,
155626335,visita posterior,,
155830694,canasta BT,,
155392842,ejecutado,,
155950107,ejecutado,,
155721983,canasta BT,,
156008938,canasta BT,29/4/2026,
155626253,canasta BT,,
155830775,canasta BT,,
155830761,especial,,
155404012,visita posterior,,
155830795,visita posterior,,
155830752,visita posterior,,
155830719,visita posterior,,
154684768,canasta TET,,
155954437,canasta TET,,
155882585,canasta BT,,
156029629,centralizada,,
156038200,centralizada,,
155395042,canasta BT,,
156036781,brigada pesada,,
155868740,ejecutado,,
155023899,especial,,
154684775,canasta TET,,
156022716,luis marrugo,,
156021750,luis marrugo,,
155830900,luis marrugo,,
155940797,luis marrugo,,
156038565,ejecutado,,
156037907,centralizada,,
156050343,canasta BT,,
156038559,canasta BT,,
156028425,brigada pesada,,
156035208,especial,,
156033409,ejecutado,,
156031852,ejecutado,,
156038983,brigada pesada,,
156036781,ejecutado,,
156014712,brigada pesada,,
156049909,canasta BT,,
156025806,ejecutado,,
156016608,ejecutado,,
156020645,brigada pesada,,
155626199,canasta BT,,
155830705,canasta BT,,
155830704,canasta BT,,
155830703,visita posterior,,
155626254,visita posterior,,
155830757,visita posterior,,
155404011,visita posterior,,
155830742,visita posterior,,
155830707,visita posterior,,
155626257,canasta BT,,
156058253,multifamiliar,,
156059258,multifamiliar,,
156059691,multifamiliar,,
156062269,multifamiliar,,
156016977,canasta BT,,
156065311,especial,,
156059557,canasta BT,,
156023899,especial,30/4/2026,
156074494,visita posterior,,
156074495,visita posterior,,
155830780,visita posterior,,
155830708,visita posterior,,
156051015,canasta BT,,
156055080,brigada pesada,,
156057763,ejecutado,,
156052776,canasta BT,,
156057156,canasta BT,,
156031119,ejecutado,,
156074515,canasta BT,,
156073043,centralizada,,
156073231,centralizada,,
156077261,brigada pesada,,
156106374,brigada pesada,,
156071296,canasta TET,,
156076348,canasta TET,,
156081565,pendiente liviana,,
155027557,canasta BT,,
156074527,medidor tipo 1,,
156074517,canasta BT,,
155830612,canasta BT,,
155830788,no andrés,,
155830697,visita posterior,,
156074523,canasta BT,,
156074525,canasta BT,,
156082399,multifamiliar,,
156081824,ejecutado,,
156105919,brigada pesada,,
156074494,canasta BT,,
155712408,canasta BT,1/5/2026,
156135864,canasta TET,,
156074453,visita posterior,,
156135859,canasta BT,,
156009340,brigada pesada,,
156131205,brigada pesada,,
156065466,brigada pesada,,
156108464,multifamiliar,,
156077201,caja concentradora,,
156081565,ejecutado,,
156120722,centralizada,,
156078301,centralizada,,
156137276,ejecutado,,
156151515,brigada pesada,,
156139352,brigada pesada,,
156123896,ejecutado,,
156148862,ejecutado,,
156160822,ejecutado,,
156158163,ejecutado,,
156139242,canasta BT,,
156140968,canasta TET,,
156146603,canasta BT,,
156149178,canasta BT,,
156160887,brigada pesada,,
156157943,brigada pesada,,
156127147,canasta TET,,
156142608,canasta BT,,
156072025,canasta TET,,
156146614,ejecutado,,
156188210,canasta BT,,
156143566,brigada pesada,,
156122297,brigada pesada,,
156133744,brigada pesada,,
156118019,brigada pesada,4/5/2026,
156155877,brigada pesada,,
156135755,visita posterior,,
156135756,visita posterior,,
156135832,canasta BT,,
156135831,canasta BT,,
155963413,canasta BT,,
156127145,canasta TET,,
155963564,canasta TET,,
156187461,brigada pesada,,
156186729,ejecutado,,
156183991,canasta BT,,
156177712,ejecutado,,
156182118,ejecutado,,
156191679,brigada pesada,,
156059682,brigada pesada,,
156192641,ejecutado,,
156197659,canasta TET,,
156209674,canasta TET,,
156192578,ejecutado,,
156198260,brigada pesada,,
156196791,canasta TET,,
156207557,especial,,
156213777,ejecutado,,
156211487,ejecutado,,
156208447,ejecutado,,
156204101,especial,,
156201649,canasta BT,,
156212154,brigada pesada,,
156196207,canasta TET,,
156196015,brigada pesada,,
156199489,ejecutado,,
156207307,brigada pesada,,
156213000,canasta BT,,
156210367,ejecutado,,
154687369,canasta BT,,
156135748,especial,,
156135766,visita posterior,,
156135820,canasta BT,5/5/2026,
155830737,visita posterior,,
156135830,canasta BT,,
156135740,visita posterior,,
156135764,especial,,
156135864,canasta TET,,
155830788,no andrés,,
156135730,visita posterior,,
156135845,canasta BT,,
156135824,canasta TET,,
156074453,canasta BT,,
156135762,visita posterior,,
156306686,canasta BT,,
155626338,canasta BT,,
155407994,canasta BT,,
155830703,canasta BT,,
155830780,canasta BT,,
155404000,canasta BT,,
156074439,visita posterior,,
155863734,anular Said,,
156233508,brigada pesada,,
156228945,ejecutado,,
156231815,brigada pesada,,
156187218,brigada pesada,,
156185606,brigada pesada,,
156236743,brigada pesada,,
156310515,canasta BT,,
156303772,ejecutado,,
156327306,canasta TET,,
155830617,canasta BT,,
156231815,canasta TET,,
156397075,canasta BT,,
155620691,usuario no atendió,,
156397052,visita posterior,,
156397051,visita posterior,,
156135913,medidor tipo 1,,
156397048,canasta BT,,
156397049,canasta BT,,
156023899,canasta TET,,
156234489,brigada pesada,,
156117296,ejecutado,,
156233381,canasta BT,,
156199771,ejecutado,,
156205368,ejecutado,,
156328459,especial,,
156323615,canasta TET,,
156189460,ejecutado,,
156330243,especial,,
156186744,ejecutado,,
156189982,brigada pesada,,
156232160,ejecutado,,
156302753,canasta BT,,
156191061,brigada pesada,,
156329367,ejecutado,,
156328012,canasta TET,,
156231889,canasta TET,,
156319163,ejecutado,,
156329994,canasta BT,,
156187471,ejecutado,,
156322053,canasta TET,,
156330189,brigada pesada,,
156203778,canasta TET,,
156025237,canasta TET,,
156232751,brigada pesada,,
156413108,brigada pesada,6/5/2026,
156412323,canasta BT,,
156394741,brigada pesada,,
156403966,canasta TET,,
156413603,canasta TET,,
156413292,canasta TET,,
156329816,especial,,
156397045,canasta BT,,
156135807,canasta BT,,
156135806,canasta BT,,
156135797,canasta BT,,
156135920,canasta BT,,
156133374,canasta BT,,
156510221,descargo,,
156510435,descargo,,
156510461,descargo,,
156510937,descargo,,
156209255,ejecutado,,
156334098,brigada pesada,,
156417315,ejecutado,,
156416691,canasta TET,,
156128191,canasta TET,,
156128191,canasta TET,,
156321012,canasta TET,,
156319657,ejecutado,,
156319600,ejecutado,,
156188432,ejecutado,,
156107730,especial,,
156327214,especial,,
156415596,brigada pesada,,
156324435,especial,,
156419933,ejecutado,,
156418102,usuario amenaza,,
156418292,usuario amenaza,,
156418398,usuario amenaza,,
156135858,ejecutada,bray de luque,
156325924,canasta TET,bray de luque,
156397068,visita posterior,bray de luque,
156135741,especial,alteración de órden público,
156319917,brigada pesada,,
156403555,especial,,
156420835,canasta TET,,
156229980,brigada pesada,7/5/2026,
156408256,brigada pesada,,
156401018,especial,,
156399588,brigada pesada,,
156418293,especial,,
156420036,ejecutado,,
156327209,canasta TET,,
156413070,brigada pesada,,
156135784,canasta BT,,
165135863,canasta BT,,
156397053,visita posterior,,
156397053,visita posterior,,
1556262114,canasta BT,,
156417091,canasta TET,,
156397051,visita posterior,,
155620692,canasta BT,,
156135835,canasta BT,,
156112899,especial,,
156074502,canasta BT,,
156507203,canasta TET,,
156905007,canasta BT,,
156604141,essmar lunes,,
156604418,essmar lunes,,
156604471,essmar lunes,,
156528767,essmar lunes,,
156604621,essmar lunes,,
156604668,essmar lunes,,
156604736,essmar lunes,,
156604781,essmar lunes,,
156604828,essmar lunes,,
156421260,ejecutado,,
156413182,brigada pesada,,
156409662,ejecutado,,
156074527,especial,,
155626214,canasta BT,,
156146433,canasta BT,,
156397068,visita posterior,,
156600849,canasta BT,,
156600830,canasta BT,,
156600837,visita posterior,,
156397032,visita posterior,,
156397029,visita posterior,,
156397015,visita posterior,,
156397014,visita posterior,,
156397006,visita posterior,,
155404012,canasta BT,,
156397028,visita posterior,,
156397020,visita posterior,,
156397026,visita posterior,,
156503230,canasta BT,,
156507638,canasta BT,,
156397036,canasta BT,,
156600908,visita posterior,8/5/2026,
156600894,especial,,
156600905,visita posterior,,
156397040,canasta BT,,
156397038,canasta BT,david londoño,
156397039,canasta BT,,
156600901,visita posterior,,
156600860,canasta BT,,
156596661,canasta BT,,
156507681,ejecutado,,
156511398,ejecutado,,
156510474,brigada pesada,,
156520351,brigada pesada,,
156423790,brigada pesada,,
156510373,ejecutado,,
156397564,canasta BT,,
156600618,canasta TET,,
156402140,brigada pesada,,
156601547,brigada pesada,,
156601377,especial,aqui,
156605973,brigada pesada,,
156611112,brigada pesada,,
156602567,brigada pesada,,
156609896,caja concentradora,,
156606331,brigada pesada,,
156520872,ejecutado,,
156520409,brigada pesada,,
156600610,especial,,
156600610,especial,,
156601552,especial,,
156605868,brigada pesada,,
156397007,visita posterior,,
156396997,visita posterior,,
156397012,visita posterior,,
156600897,visita posterior,,
156600898,visita posterior,,
156600912,visita posterior,,
156401018,centralizada,,
156517042,especial,,
156600879,visita posterior,,
165135863,canasta BT,,
156600846,canasta BT,,
156397053,canasta BT,,
156600864,canasta BT,,
156596997,canasta BT,,
156675398,ejecutado,,
156507869,brigada pesada,,
156689365,visita posterior,9/5/2026,
156603475,brigada pesada,,
156513515,brigada pesada,,
156499475,canasta TET,,
156611553,caja concentradora,,
156605975,canasta TET,,
156422202,ejecutado,,
156510707,canasta TET,,
156692433,brigada pesada,,
156692847,brigada pesada,,
156684078,canasta TET,,
156685036,brigada pesada,,
156613860,especial,,
156678814,ejecutado,,
156681136,ejecutado,,
156680248,canasta TET,,
156684086,canasta TET,,
156681350,canasta TET,,
156679041,ejecutado,,
156612259,ejecutado,,
156612441,canasta TET,,
156689369,canasta BT,,
156689367,visita posterior,,
156689366,visita posterior,,
156600861,canasta BT,,
156689353,acceso impedido,,
156689346,visita posterior,,
156074466,visita posterior,,
156074467,visita posterior,via en construcción,
156689372,visita posterior,,
156689375,visita posterior,,
156600856,visita posterior,,
156689371,visita posterior,,
156512826,canasta BT,,
156686927,no asignar,,
156691132,brigada pesada,,
156704719,canasta BT,,
156521649,canasta BT,,
156690599,brigada pesada,11/5/2026,
156691060,brigada pesada,,
156691562,brigada pesada,,
156691803,brigada pesada,,
156405007,canasta BT,,
156704660,canasta BT,,
156702404,canasta BT,,
156689361,especial,,
156709270,canasta BT,,
156600394,visita posterior,,
156600393,visita posterior,,
156600395,visita posterior,,
156074467,canasta BT,,
156074466,canasta BT,,
156600891,visita posterior,,
156600876,canasta TET,,
156135863,canasta BT,,
156702141,brigada pesada,,
156700483,ejecutado,,
156696011,brigada pesada,,
156693552,brigada pesada,,
156771300,brigada pesada,,
156704140,centralizada,,
156769500,ejecutado,,
156769141,ejecutado,,
156769485,ejecutado,,
156405794,canasta TET,,
156406236,canasta TET,cierre de escritorio,
156406568,canasta TET,cierre de escritorio,
156769508,canasta,,
156677386,canasta BT,,
156698233,canasta TET,,
156692169,canasta,,
156600892,visita posterior,,
156694945,canasta TET,,
156694394,canasta TET,caja concentradora,
156600893,visita posterior,,
156689332,visita posterior,,
156135741,especial,,
156704140,centralizada,,
156709234,canasta BT,,
156695815,canasta,,
156769866,canasta TET,,
156847053,especial,,
156842568,canasta BT,,
156848178,brigada pesada,,
156852957,visita posterior,12/5/2026,
156852956,visita posterior,,
156852944,visita posterior,,
156852903,visita posterior,,
156852910,visita posterior,,
156852953,canasta BT,,
156842290,brigada pesada,,
156854096,brigada pesada,,
156854150,brigada pesada,,
156852918,visita posterior,,
156852917,visita posterior,,
156852924,visita posterior,,
156852934,visita posterior,,
156852929,visita posterior,,
156854150,brigada pesada,,
156850268,brigada pesada,,
156847927,canasta BT,,
156707361,canasta TET,,
156840749,canasta TET,,
156951115,especial,,
156952251,especial,,
156850283,especial,,
156846976,brigada pesada,,
156854300,centralizada,,
156880510,ejecutado,,
156880609,ejecutado,,
156850862,canasta TET,,
156770361,brigada pesada,,
156852875,canasta BT,,
156852874,canasta BT,,
156852876,visita posterior,,
156880572,canasta TET,,
156845994,canasta TET,,
156852842,canasta BT,,
156852841,canasta BT,,
156851808,visita posterior,,
156852880,visita posterior,,
156852906,canasta TET,,
156852923,visita posterior,,
156852912,visita posterior,,
156852878,visita posterior,,
156852942,visita posterior,,
156953695,especial,,
156879832,canasta BT,,
156952327,ejecutado,,
156880092,brigada pesada,13/5/2026,
156771758,canasta TET,,
156846976,canasta TET,,
156855271,canasta BT,,
156852904,canasta BT,,
156852899,canasta BT,,
156879561,canasta TET,,
156703476,canasta TET,,
156842844,brigada pesada,,
156948246,brigada pesada,,
156708046,ejecutado,,
156850151,canasta TET,,
156708746,canasta TET,,
156952824,especial,,
156961626,canasta TET,,
156856475,ejecutado,,
156329071,brigada pesada,,
156856482,ejecutado,,
156965890,especial,,
156965891,especial,,
156965909,canasta BT,,
156689348,canasta BT,,
156689346,canasta BT,,
156967376,canasta TET,,
156852933,canasta BT,,
156852390,canasta TET,,
156840281,brigada pesada,,
156955174,brigada pesada,,
156967716,canasta BT,,
156990101,brigada pesada,14/5/2026,
156964006,canasta TET,,
156956645,brigada pesada,,
156967974,brigada pesada,,
156967186,especial de 32,,
156991184,canasta TET,,
156852861,canasta BT,,
138211042,requiere proyecto,,
157074500,canasta BT,,
134665558,canasta BT,,
156965865,visita posterior,,
158074514,visita posterior,,
156965913,canasta BT,,
156967853,especial,,
157074535,canasta BT,,
156852390,canasta TET,,
157061154,brigada pesada,,
156953147,canasta TET,,
156964161,ejecutado,,
157064155,canasta TET,,
157057829,especial,,
156958145,brigada pesada,,
157063692,ejecutado,,
157071217,ejecutado,,
157074806,brigada pesada,,
157066959,ejecutado,,
157065601,centralizada,,
156967851,canasta TET,,
157074288,canasta TET,,
157062181,brigada pesada,,
157065198,ejecutado,,
156965879,especial,,
157074511,visita posterior,,
157074507,visita posterior,,
157074514,visita posterior,,
156965859,canasta BT,,
157074535,canasta BT,,
156965860,canasta BT,,
156965867,visita posterior,,
157074496,visita posterior,,
156965862,visita posterior,,
156965884,visita posterior,,
156965894,visita posterior,,
157074508,visita posterior,,
157182748,brigada pesada,,
157105447,brigada pesada,,
157069202,ejecutado,,
157107709,brigada pesada,15/5/2026,
157070725,ejecutado,,
157176378,canasta TET y especial,,
156965904,especial,,
157078507,canasta TET,,
156965880,canasta BT,,
157073194,canasta TET,,
157171613,especial,,
157185169,visita posterior,,
156852909,canasta BT,,
157182632,brigada pesada,,
157107025,brigada pesada,,
157295981,revision pedro sábado,,
157291935,cierre escritorio,,
157292381,cierre escritorio,,
157294154,cierre escritorio,,
156948506,especial,,
156964276,brigada pesada,,
157070075,caja concentradora,,
157300768,brigada pesada,ok,
156683183,brigada pesada,,
157169737,canasta BT,,
157185195,especial,,
157105866,ejecutado,,
157104965,ejecutado,,
157061154,especial,cesar blanco,
156603102,requiere proyecto,,
157185141,visita posterior,,
133977297,canasta BT,,
157074546,visita posterior,,
157074521,visita posterior,,
157074515,visita posterior,,
157185176,canasta BT,,
157074494,canasta TET,,
157185138,canasta BT,,
157185138,canasta BT,,
157302150,canasta BT,,
157300425,especial,,
157302036,especial,,
157107849,canasta TET,,
157287538,brigada pesada,16/5/2026,
157294233,brigada pesada,,
157217948,caja concentradora,,
157220757,ejecutado,,
157065499,canasta TET,,
157170195,ejecutado,,
157062988,ejecutado,,
157309518,canasta BT,,
157185192,visita posterior,,
133978228,canasta TET,,
157309513,visita posterior,,
157185151,canasta BT,,
157309509,canasta BT,,
157309508,canasta BT,,
157301643,canasta TET,,
157187306,ejecutado,,
157311395,ejecutado,,
157308201,ejecutado,,
157191807,centralizada,,
157315259,ejecutado,,
157299965,canasta BT,escritorio,
157316609,centralizada,,
157342537,ejecutado,escritorio,
157317622,ejecutado,,
157316215,ejecutado,,
157291622,ejecutado,,
157308981,canasta TET,,
157296369,ejecutado,,
157309573,visita posterior,escritorio,
157309572,visita posterior,,
157309510,visita posterior,,
157185172,johiner,,
157309564,johiner,,
157309545,johiner,,
157309550,johiner,,
157309568,johiner,,
157185173,johiner,,
156512302,invasión,,
157345294,canasta BT,,
153714042,canasta BT,,
157349250,especial,,
157390750,caja concentradora,,
157299275,especial,,
157177346,ejecutado,,
157359834,canasta TET,,
157466716,brigada pesada,,
157389276,ejecutado,,
157359499,canasta TET,,
157461399,canasta BT,,
157393395,ejecutado,,
157466215,ejecutado,,
157391851,brigada pesada,,
157365403,ejecutado,,
157359002,especial,,
157356115,brigada pesada,,
157463666,caja concentradora,,
157359253,canasta TET,,
157309575,visita posterior,19/5/2026,
157461973,canasta TET,,
157309574,canasta BT,,
157462469,canasta TET,,
157466993,canasta TET,,
157293401,canasta TET,,
157461995,canasta BT,,
157393236,canasta BT,,
157309488,canasta BT,,
157309492,canasta BT,,
157309493,canasta BT,,
157185140,canasta BT,,
157185142,visita posterior,,
157185190,canasta BT,,
157467616,ejecutado,,
156852890,canasta BT,,
157359718,canasta TET,,
157314649,canasta BT,,
157185153,visita posterior,,
157185165,visita posterior,,
157309503,visita posterior,,
157305580,multifamiliar,,
156965879,visita posterior,,
157309494,visita posterior,,
157309544,visita posterior,,
157185162,visita posterior,,
157185145,canasta BT,,
157309530,canasta BT,,
157309517,canasta BT,,
157309504,canasta BT,,
157309491,canasta BT,,
157301643,canasta TET,,
157387848,canasta TET,,
157387820,canasta TET,,
157359834,canasta TET,,
157555927,medida NANSEN,,
157461995,canasta TET,,
156961626,ejecutado,,
156698233,ejecutado,,
157462469,multifamiliar,,
157305580,multifamiliar,20/5/2026,escritorio
157390750,MCAR,escritorio,
155138532,canasta TET,,
155041012,canasta TET,,
157073194,canasta TET,,
157466954,canasta BT,,
157463668,brigada pesada,,
157468880,canasta BT,,
157390447,brigada pesada,,
157314042,canasta BT,,
157388989,brigada pesada,,
157567865,brigada pesada,,
157467679,ejecutado,,
157572699,canasta BT,,
157572707,canasta BT,,
157572706,canasta BT,,
157309511,canasta BT,,
157309502,canasta BT,,
156852849,canasta BT,,
157572742,visita posterior,,
157185180,especial,,
157572689,visita posterior,,
157572687,canasta BT,,
157572685,canasta BT,,
156848069,alexis jueves,,
156965431,especial,,
156965201,especial,,
157304284,ejecutado,,
157346540,brigada pesada,,
157180865,multifamiliar,,
157572740,visita posterior,,
157074516,canasta BT,,
157309507,visita posterior,,
157309522,especial,,
157470581,brigada pesada,,
157468676,ejecutado,,
157562460,ejecutado,,
157556339,canasta TET,aqui,
157551744,brigada pesada,,
157559111,brigada pesada,,
157552115,brigada pesada,,
156696292,brigada pesada,,
157572647,brigada pesada,,
157577101,ejecutado,,
157571903,ejecutado,,
157581095,ejecutado,,
157466768,ejecutado,,
156965867,canasta TET,,
156618848,canasta TET,,
157572727,canasta BT,,
157572703,visita posterior,,
157572719,visita posterior,,
157471657,brigada pesada,,
157676098,canasta BT,,
156965883,canasta BT,,
157572697,canasta BT,21/5/2026,
157704771,visita posterior,,
157572684,visita posterior,,
157698212,brigada pesada,,
157699568,brigada pesada,,
157702853,brigada pesada,,
157703469,brigada pesada,,
157572750,canasta BT,,
157572749,especial,,
157462469,canasta TET,,
157307726,canasta TET,,
157393693,canasta TET,,
157582949,ejecutado,,
157583753,canasta TET,,
157678917,ejecutado,,
157550534,ejecutado,,
157548485,ejecutado,,
157562857,ejecutado,,
156852900,canasta BT,,
157572719,canasta BT,,
157572703,canasta BT,,
157686145,canasta TET,,
157562533,brigada pesada,,
157681463,ejecutado,,
157550354,ejecutado,,
157466534,canasta BT,,
157785751,canasta TET,,
157606006,especial,,
157683535,brigada pesada,,
157689149,ejecutado,,
157704773,canasta BT,,
157704753,visita posterior,,
157704779,visita posterior,,
157704780,visita posterior,,
157606089,canasta TET,,
157185180,especial,,
157309503,canasta BT,,
157704757,visita posterior,,
157185177,visita posterior,,
157704770,visita posterior,,
157604858,canasta BT,,
157804026,especial,,
157572714,visita posterior,,
157809054,canasta BT,,
157809045,visita posterior,22/5/2026,
157685435,MCAR,,
157729224,canasta BT,,
157799837,brigada pesada,,
157693515,brigada pesada,,
157795660,brigada pesada,,
157707907,ejecutado,,
157697843,canasta TET,,
157693094,brigada pesada,,
157676632,ejecutado,,
157307726,canasta TET,,
157605649,suspendido,,
157788759,brigada pesada,,
157695632,ejecutado,,
157696445,canasta TET,aqui,
157803980,canasta BT,,
157675908,brigada pesada,,
157705902,caja concentradora,,
157730127,ejecutado,,
157924862,brigada pesada,,
157811163,canasta TET,,
157811059,brigada pesada,,
157814399,brigada pesada,,
157803738,especial,,
157793460,ejecutado,,
157802666,brigada pesada,,
156965920,canasta BT,,
157809047,canasta TET,,
157809044,visita posterior,,
156852886,canasta BT,,
157704792,imposibilidad,,
157572710,canasta BT,,
157704779,canasta BT,,
157704780,canasta BT,,
157704752,visita posterior,,
157809052,visita posterior,,
157741398,canasta BT,,
157704758,visita posterior,,
157704755,visita posterior,,
157809022,visita posterior,,
157809024,visita posterior,,
157809065,canasta BT,,
157809064,canasta BT,,
157809040,visita posterior,,
157809098,visita posterior,,
157731521,canasta TET,,
157809034,visita posterior,,
157809072,normalizado,,
157572709,canasta TET,,
157809046,visita posterior,,
157809084,visita posterior,,
157309510,canasta TET,,
157809043,visita posterior,,
157809053,visita posterior,,
157809008,canasta BT,,
157698700,brigada pesada,,
157915632,especial,,
157929965,especial,,
157915402,canasta TET,aqui,
156852901,visita posterior,,
157572692,visita posterior,,
157675908,canasta BT,,
157704771,canasta BT,,
156852902,especial,,
157798838,canasta TET,,
157809574,brigada pesada,,
157809075,visita posterior,,
156851813,visita posterior,,
157809096,visita posterior,,
157809081,visita posterior,,
157809077,visita posterior,,
157940774,canasta TET,,
157937870,cansta BT,,
157704790,especial,,
157937878,visita posterior,,
157800609,ejecutado,,
157809335,brigada pesada,,
157797857,brigada pesada,,
157797757,caja concentradora,aqui,
157936570,brigada pesada,,
157926510,ejecutado,,
157932043,ejecutado,,
157935489,canasta TET,,
157805064,ejecutado,,
157927726,brigada pesada,,
157947137,ejecutado,,
157928304,ejecutado,,
157729429,ejecutado,,
157799210,MCAR,,
157915341,MCAR,,
157927915,brigada pesada,,
157972053,ejecutado,,
157921754,canasta BT,,
157934485,brigada pesada,,
156852882,canasta BT,,
157937876,visita posterior,,
157937880,visita posterior,,
157938408,visita posterior,,
157924767,visita posterior,,
157937754,visita posterior,,
157932596,MCAR,,
157944612,ejecutado,,
157925434,brigada pesada,,
157812621,brigada pesada,,
157945972,brigada pesada,25/5/2026,
157990594,brigada pesada,,
157794901,canasta BT,,
158046442,brigada pesada,,
157992597,brigada pesada,,
157943807,canasta BT,,
157923710,brigada pesada,,
157971920,brigada pesada,,
157797747,brigada pesada,,
158046614,canasta TET,,
157957856,canasta BT,,
156852888,canasta BT,,
157811059,canasta TET,,
157809044,canasta TET,,
157937874,visita posterior,,
157809057,canasta BT,,
157937852,visita posterior,,
157937848,canasta TET,,
157937737,MCAR,,
157809050,canasta BT,,
157937825,visita posterior,,
157937822,visita posterior,,
157809524,especial,,
157809634,especial,,
157810127,especial,,
157790634,falta digitar,,
158048888,brigada pesada,,
158113494,brigada pesada,,
158050600,canasta TET,,
158058556,ejecutado,,
158115942,canasta TET,,
158116076,canasta TET,,
158116383,canasta TET,,
157941486,especial,,
157941212,especial,,
158049021,MCAR,,
157937845,canasta BT,,
157572692,canasta BT,,
157300601,falta digitar,,
158059230,brigada pesada,,
158134565,brigada pesada,,
158122421,ejecutado,,
158055006,brigada pesada,26/5/2026,
157309575,canasta BT,,
157809055,canasta BT,,
158060334,brigada pesada,,
158123595,especial,,
158131077,especial,,
158131383,especial,,
158134177,canasta TET,,
158055410,canasta TET,,
158129972,canasta TET,,
157937867,visita posterior,,
157809043,canasta BT,,
157809052,canasta BT,,
158116105,visita posterior,,
156852898,canasta BT,,
158116085,visita posterior,,
157116084,visita posterior,,
158113488,especial,,
158053653,canasta BT,,
158048144,ejecutado,,
157659653,brigada pesada,,
157944888,brigada pesada,,
157806672,brigada pesada,,
158188543,canasta BT,,
158135357,brigada pesada,,
158116082,canasta TET,,
158121879,canasta BT,,
157937754,canasta TET,,
157809010,visita posterior,,
158133245,especial,,
158138445,ejecutado,,
158141797,brigada pesada,,
158142645,ejecutado,,
158194646,ejecutado,,
158197674,especial,,
158189359,ejecutado,,
158132873,canasta TET,,
158198581,brigada pesada,,
158116078,visita posterior,,
158196487,visita posterior,,
158116118,visita posterior,,
158196488,visita posterior,,
157937775,visita posterior,,
157937797,visita posterior,,
157917169,brigada pesada,,
157695653,brigada pesada,,
158194047,brigada pesada,,
158137742,brigada pesada,27/5/2026,
158192949,canasta BT,,
158132744,canasta TET,,
158116114,canasta BT,,
158212024,canasta BT,,
158204124,brigada pesada,,
158134764,canasta TET,,
158204257,especial,,
158209201,ejecutado,,
158208504,caja concentradora,,
158226830,canasta BT,,
158242813,ejecutado,,
158227431,especial,,
158226437,ejecutado,,
158227401,ejecutado,,
158226955,canasta TET,,
158123413,canasta BT,,
157972111,canasta TET,,
158214836,especial,,
158218424,ejecutado,,
158210946,brigada pesada,,
158224883,canasta BT,,
158242373,especial,,
158222043,brigada pesada,,
158207168,canasta TET,,
158214826,brigada pesada,,
158250498,ejecutado,,
156683331,canasta TET,,
156025792,canasta TET,,
156074021,canasta TET,,
156121719,canasta TET,,
156406973,canasta TET,,
156956228,canasta TET,,
158190308,canasta BT,,
158132744,canasta TET,,
158116114,canasta BT,,
158212024,canasta BT,,
158210576,canasta BT,,
157809056,canasta BT,,
158116098,canasta BT,,
158210573,visita posterior,,
157971920,canasta TET,,
158210584,canasta BT,,
158212022,visita posterior,,
157937751,canasta BT,,
158210517,especial,,
158210530,visita posterior,,
156851813,canasta TET,,
158254764,ejecutado,elkin p,
158252758,brigada pesada,,
158255894,brigada pesada,,
158268616,brigada pesada,28/5/2026,
158210563,canasta BT,,
158242472,canasta TET,,
158210564,canasta BT,,
158242249,canasta BT,,
158248785,brigada pesada,,
158242842,especial,,
158210515,visita posterior,,
158320168,visita posterior,,
158320159,visita posterior,,
158320705,visita posterior,,
156618848,canasta TET,,
158200355,canasta TET,,
158200355,canasta TET,,
158122979,brigada pesada,,
158135512,ejecutado,,
158193390,canasta TET,,
158207862,ejecutado,,
158196296,brigada pesada,,
158250508,canasta TET,,
158249614,ejecutado,,
158275278,brigada pesada,,
158311874,brigada pesada,,
158210552,canasta BT,,
158320126,visita posterior,,
158320123,visita posterior,,
158320161,visita posterior,,
157809524,canasta BT,,
157809634,canasta BT,,
157810127,canasta BT,,
158258155,canasta BT,,
158268456,brigada pesada,,
158264462,ejecutado,,
158265637,especial,,
158275639,especial,,
158275205,brigada pesada,,
158340291,brigada pesada,,
158265777,ejecutado,,
158264261,ejecutado,,
158265898,brigada pesada,,
158312085,ejecutado,,
158258155,canasta BT,,
158320148,visita posterior,,
158320150,visita posterior,,
158320152,visita posterior,,
158210483,canasta BT,,
158340063,brandon,,
158340064,brandon,,
158340065,brandon,,
158340066,brandon,,
158340067,brandon,,
158340068,brandon,,
158340347,brandon,,
158340069,brandon,,
158340070,brandon,,
158340071,brandon,,
158340072,brandon,,
158210499,noasig-bran,,
157937747,noasig-bran,,
158322552,brigada pesada,,
158322731,especial,,
158116093,canasta BT,,
158116091,canasta TET,29/5/2026,
158336725,canasta BT,,
158336725,canasta BT,,
158275878,brigada pesada,,
158325181,brigada pesada,,
158323320,brigada pesada,,
158319249,canasta TET,,
158116093,canasta BT,,
158116091,canasta TET,,
158340092,canasta BT,,
158340091,canasta BT,,
158258179,visita posterior,,
158340083,visita posterior,,
158210483,canasta BT,,
158265862,canasta TET,,
158312286,canasta BT,,
158320940,brigada pesada,,
158340043,canasta TET,,
158216728,ejecutado,,
158322340,canasta BT,,
158333393,ejecutado,,
158199623,ejecutado,,
158330642,ejecutado,,
158227776,ejecutado,,
158242847,ejecutado,,
158196248,brigada pesada,,
158274935,ejecutado,,
158249629,ejecutado,,
158320151,canasta BT,,
158320154,visita posterior,,
158258152,canasta BT,,
157937796,canasta BT,,
158320121,visita posterior,,
158320125,visita posterior,,
158258150,visita posterior,,
158258149,visita posterior,,
158323320,canasta BT,,
158113488,canasta,,
158384531,brigada pesada,,
158384999,brigada pesada,,
158380978,canasta BT,,
158339810,ejecutado,30/5/2026,
158373617,especial 32,,
158380037,especial,,
158385335,canasta BT,,
158385340,canasta TET,,
158385332,visita posterior,,
158385349,visita posterior,,
158210499,visita posterior,deiby h,
158385347,visita posterior,,
158385297,visita posterior,,
158380508,canasta TET,,
158371055,canasta BT,,
158384447,ejecutado,,
158360213,canasta TET,,
158371006,brigada pesada,,
158345746,especial,,
158319249,brigada pesada,,
158358461,canasta BT,,
158358873,especial,,
158387538,brigada pesada,,
158365135,caja concentradora,,
158381595,ejecutado,,
158379953,centralizada,,
158387669,ejecutado,,
158381484,especial,,
158275486,ejecutado,,
158367725,especial,,
158385338,canasta BT,,
158375649,canasta BT,,
158210477,canasta BT,,
158199328,visita posterior,,
158385329,visita posterior,,
157937771,visita posterior,,
158319249,canasta TET,,
158388068,canasta BT,,
158466103,ejecutado,,
158438882,brigada pesada,,
158466016,ejecutado,,
158381152,ejecutado,1/6/2026,
158432422,ejecutado,,
158438018,especial,,
158390964,ejecutado,,
158432937,ejecutado,,
158359699,ejecutado,,
158385409,especial,,
158340090,canasta BT,,
158385307,visita posterior,,
158385384,canasta BT,,
158385363,visita posterior,,
158432793,brigada pesada,,
158359735,ejecutado,,
158385356,canasta BT,,
158385345,canasta TET,,
158433287,canasta BT,,
158462915,brigada pesada,,
158478698,canasta BT,,
158492755,no programar,,
158492808,no programar,,
158382494,ejecutado,,
158441098,especial,,
158136879,canasta BT,,
158385296,visita posterior,,
158385372,canasta BT,,
158385325,visita posterior,,
158385326,visita posterior,,
157937761,visita posterior,,
158374002,canasta TET,,
158358814,especial,,
158341184,brigada pesada,,
158338860,canasta TET,,
158452236,ejecutado,,
158479771,brigada pesada,,
158483223,brigada pesada,,
158467339,brigada pesada,2/6/2026,
158468200,ejecutado,,
158479866,caja concentradora,,
158342926,canasta TET,,
158385368,canasta BT,,
158116084,canasta BT,,
158258165,canasta BT,,
158497841,canasta BT,,
158385305,canasta BT,,
158385358,canasta BT,,
158385364,canasta BT,,
158114691,anular,,
158340084,canasta TET,,
158497905,canasta BT,,
158474415,brigada pesada,,
158389224,brigada pesada,,
157938409,canasta BT,,
158497878,canasta BT,,
158385326,canasta BT,,
158497837,canasta BT,,
158497840,visita posterior,,
158484965,brigada pesada,,
158487078,brigada pesada,,
158461308,ejecutado,,
158329012,brigada pesada,,
158490113,ejecutado,,
158465489,canasta BT,,
158488326,brigada pesada,,
158467355,canasta TET,,
158497839,canasta BT,,
158502166,especial,,
158486937,brigada pesada,,
158498273,brigada pesada,,
158490204,ejecutado,,
158495072,especial,,
158493566,ejecutado,,
158497844,visita posterior,,
158340101,canasta BT,,
158497882,visita posterior,,
158502531,canasta BT,,
158494804,brigada pesada,,
158478589,canasta TET,,
158471842,cierre escritorio,,
158495758,brigada pesada,,
158500490,ejecutado,,
158488046,especial,,
158488527,especial,,
158474490,brigada pesada,,
158320117,anular,,
158320115,anular,,
158497927,visita posterior,,
158497914,visita posterior,,
158497937,visita posterior,,
158497921,visita posterior,,
158497830,visita posterior,,
158497829,visita posterior,,
158497827,visita posterior,,
158385319,canasta TET,,
158385363,canasta BT,,
158113488,cierre escritorio,,
158242373,cierre escritorio,,
158477451,especial 32,,
158536401,brigada pesada,,
158497889,canasta BT,,
158497896,anular,3/6/2026,
158210484,canasta BT,,
158055434,centralizada correo,,
158116090,canasta TET,,
158523217,brigada pesada,,
158523220,brigada pesada,,
158605949,brigada pesada,,
158485491,brigada pesada,,
158484723,brigada pesada,,
158484965,canasta BT,,
158497947,visita posterior,,
158497933,visita posterior,,
158497891,visita posterior,,
158497916,visita posterior,,
158497845,canasta BT,,
158497977,visita posterior,,
158492753,canasta TET,,
158526644,brigada pesada,,
158504761,brigada pesada,,
158497941,especial,,
158497818,canasta TET,,
158497843,canasta BT,,
158497880,canasta BT,,
158497899,visita posterior,,
158497881,especial,,
158497943,anular,,
158497910,especial,,
158497903,gestionar,,
158497949,visita posterior,,
158497901,visita posterior,,
158389224,canasta BT,IGNACIO,
158497924,anular,,
158652303,canasta BT,,
158609266,ejecutado,,
158610736,ejecutado,,
158532701,ejecutado,,
158616600,centralizada,,
158694665,visita posterior,,
158694669,visita posterior,,
158694673,visita posterior,,
158116119,visita posterior,,
158614285,brigada pesada,,
158499583,ejecutado,,
158498324,ejecutado,,
158476099,ejecutado,,
158505671,ejecutado,,
158694686,canasta BT,,
157937816,visita posterior,,
158614934,brigada pesada,,
158686480,canasta TET,,
158612523,canasta TET,,
158694670,visita posterior,4/6/2026,
158704980,visita posterior,,
158704979,visita posterior,,
158497932,anular,,
158210512,incidencia,,
158607481,brigada pesada,,
158613008,canasta TET,,
158686480,ejecutado,,
158785423,canasta TET,,
158686408,canasta TET,,
158702673,brigada pesada,,
158704993,canasta BT,,
158785498,canasta TET,,
158610865,ejecutado,,
158602053,brigada pesada,,
158690379,ejecutado,,
158694689,visita posterior,,
158694671,canasta BT,,
158694667,visita posterior,,
158694690,visita posterior,,
158694684,visita posterior,,
158711681,ejecutado,,
158704039,brigada pesada,,
158686283,brigada pesada,,
158786899,caja concentradora,,
158707333,brigada pesada,,
158706256,ejecutado,,
158692391,ejecutado,,
158797008,canasta BT,,
158797001,canasta BT,,
158210562,canasta BT,,
158497976,canasta BT,,
158704923,brigada pesada,,
158705106,brigada pesada,,
158709602,brigada pesada,,
158711384,especial,5/6/2026,
158701317,ejecutado,,
158497929,canasta TET,,
158497917,canasta TET,,
158497920,canasta TET,,
158497942,anular,,
158210546,canasta BT,,
158710900,brigada pesada,,
158795572,ejecutado,JOSE H,
158713872,brigada pesada,,
158703452,canasta TET,,
158711172,canasta TET,,
158210546,canasta BT,,
158694664,canasta BT,,
158694675,visita posterior,,
158796996,canasta BT,,
158710003,canasta TET,,
158805319,canasta BT,,
158788392,centralizada,,
158707028,brigada pesada,,
158697477,ejecutado,,
158790506,canasta BT,,
158536188,brigada pesada,,
158708853,brigada pesada,,
158601103,caja concentradora,,
158704993,canasta BT,,
158704999,canasta BT,,
158805318,canasta BT,,
158805317,canasta BT,,
158694670,CANASTA SIN TENCION,,
158885274,CANASTA EN FRIO,,
158805317,canasta BT,,
158694670,CANASTA SIN TENCION,,
158885274,CANTAS EN FRIO,,
158796973,CANASTA EN FRIO,,
158601103,CAJA CONCENTRADORA,,
158797000,canasta en frio,,
158903712,brigada pesada,,
158796973,canasta en frio,,
158497885,imposibilidad tecnica,,
158497916,imposibilidad tecnica,,
158497919,escalera especial,,
158497916,visita posterior,,
158497845,canasta BT,,
158497977,visita posterior,,
158492753,canasta TET,,
158526644,brigada pesada,,
158504761,brigada pesada,,
158497941,especial,,
158497818,canasta TET,,
158497843,canasta BT,,
158497880,canasta BT,,
158497899,visita posterior,,
158497881,especial,,
158497943,anular,,
158497910,especial,,
158497903,gestionar,,
158497949,visita posterior,,
158497901,visita posterior,,
158389224,canasta BT,,
158497924,anular,,
158652303,canasta BT,,
158609266,ejecutado,,
158610736,ejecutado,,
158532701,ejecutado,,
158616600,centralizada,,
158694665,visita posterior,,
158694669,visita posterior,,
158694673,visita posterior,,
158116119,visita posterior,,
158614285,brigada pesada,,
158499583,ejecutado,,
158498324,ejecutado,,
158476099,ejecutado,,
158505671,ejecutado,,
158694686,canasta BT,,
157937816,visita posterior,,
158614934,brigada pesada,,
158686480,canasta TET,,
158612523,canasta TET,,
158694670,visita posterior,,
158704980,visita posterior,,
158704979,visita posterior,,
158497932,anular,,
158210512,incidencia,,
158607481,brigada pesada,,
158613008,canasta TET,,
158686480,ejecutado,,
158785423,canasta TET,,
158686408,canasta TET,,
158702673,brigada pesada,,
158704993,canasta BT,,
158785498,canasta TET,,
158610865,ejecutado,,
158602053,brigada pesada,,
158690379,ejecutado,,
158694689,visita posterior,,
158694671,canasta BT,,
158694667,visita posterior,,
158694690,visita posterior,,
158694684,visita posterior,,
158711681,ejecutado,,
158704039,brigada pesada,,
158686283,brigada pesada,,
158786899,caja concentradora,,
158707333,brigada pesada,,
158706256,ejecutado,,
158692391,ejecutado,,
158797008,canasta BT,,
158797001,canasta BT,,
158210562,canasta BT,,
158497976,canasta BT,,
158704923,brigada pesada,,
158705106,brigada pesada,,
158709602,brigada pesada,,
158711384,especial,,
158701317,ejecutado,,
158497929,canasta TET,,
158497917,canasta TET,,
158497920,canasta TET,,
158497942,anular,,
158210546,canasta BT,,
158710900,brigada pesada,,
158795572,ejecutado,,
158713872,brigada pesada,,
158703452,canasta TET,,
158711172,canasta TET,,
158210546,canasta BT,,
158694664,canasta BT,,
158694675,visita posterior,,
158796996,canasta BT,,
158710003,canasta TET,,
158805319,canasta BT,,
158788392,centralizada,,
158707028,brigada pesada,,
158697477,ejecutado,,
158790506,canasta BT,,
158536188,brigada pesada,,
158708853,brigada pesada,,
158601103,caja concentradora,,
158704993,canasta BT,,
158704999,canasta BT,,
158805318,canasta BT,,
158805317,canasta BT,,
158694670,CANASTA SIN TENCION,,
158885274,CANTAS EN FRIO,,
158796973,CANASTA EN FRIO,,
158694670,CANASTA SIN TENCION,,
158885274,CANASTA EN FRIO,,
158805317,canasta BT,,
158694670,CANASTA SIN TENCION,,
158885274,CANTAS EN FRIO,,
158796973,CANASTA EN FRIO,,
158601103,CAJA CONCENTRADORA,,
158898390,canasta en caliente,,
158903712,cuadrilla pesada,,
158899293,canasta en caliente,,
158896254,multifamiliar,,
158901140,cuadrilla pesada,,
158805165,escalera especial,,
158808334,medida  centralizada,,
158795943,canasta en frio,,
158801037,brigada pesada,,
158889977,canasta en caliente,,
158797165,canasta en frio,,
158919349,canasta en caliente,,
158385282,canasta en frio,,
158805274,canasta en frio,,
158791198,canasta en frio,,
158808525,canasta en frio,,
158898390,canasta en caliente,,
158896254,multifamiliar,,
158908698,canasta en caliente,,
158925628,CAJA CONCENTRADORA,,
158924351,canasta en caliente,,
158924312,canasta en caliente,,
158899293,canasta en caliente,,
158707028,brigada pesada,,
158601103,CAJA CONCENTRADORA,,
158901140,cuadrilla pesada,,
158901838,centralizada,,
158893321,centralizada,,
158694685,canasta en frio,,
158694690,canasta en frio,,
158805246,escalera especial,,
158922258,canasta en caliente,,
158882687,canasta en caliente,,
158888122,canasta en caliente,,
158922389,canasta en caliente,,
158908565,multifamiliar,,
158989857,canasta en caliente,,
158922336,escalera especial,,
158808334,medida  centralizada,,
158494324,brigada pesada,,
158795943,canasta en frio,,
158705095,brigada pesada,,
158798084,escalera especial,,
158709122,escalera especial,,
158802802,canasta en frio,,
158697619,canasta en frio,,
158917230,canasta en frio,,
158879356,canasta en caliente,,
158913390,canasta en frio,,
158497916,canasta en frio,,
158497885,canasta en frio,,
159069523,canasta en frio,,
159062973,multifamiliar,,
158989236,canasta en caliente,,
158805271,canasta en frio,,
158902598,canasta en frio,,
158902597,canasta en frio,,
158901974,escalera especial,,
158901946,escalera especial,,
158694667,canasta en frio,,
158385409,canasta en frio,,
158320159,canasta en frio,,
159062955,canasta en frio,,
158991102,brigada pesada,,
159052332,escalera especial,,
159054520,brigada pesada,,
159062058,escalera especial,,
159057811,canasta en frio,,
159055800,cuadrilla pesada,,
158989949,cuadrilla pesada,,
159055437,canasta en caliente,,
158989195,canasta en frio,,
158902064,canasta en frio,,
159141984,canasta en caliente,,
158533080,brigada pesada,,
158901918,canasta en frio,,
158901905,escalera especial,,
158694670,canasta en frio,,
159073415,escalera especial,,
158902029,canasta en frio,,
159157765,canasta en frio,,
159157803,canasta en frio,,
158988090,canasta en caliente,,
158805262,canasta en frio,,
158901957,canasta en frio,,
158320159,canasta en frio,,
159162697,canasta en caliente,,
158497919,escalera especial,,
159288130,CAJA CONCENTRADORA,,
159072409,canasta en frio,,
158797000,canasta en frio,,
158902605,canasta en frio,,
158902028,canasta en frio,,
158497984,canasta en frio,,
158796993,canasta en frio,,
158796999,canasta en frio,,
159278422,multifamiliar,,
159287016,brigada pesada,,
159158451,brigada pesada,,
159144924,brigada pesada,,
159148247,canasta en frio,,
159278968,canasta en frio,,
159275526,159295359,,
159141703,escalera especial,,
159206297,brigada pesada,,
159072409,canasta en frio,,
159299690,canasta en frio,,
158497887,canasta en frio,,
158902013,canasta en frio,,
159157839,canasta en frio,,
159206195,canasta en caliente,,
159157794,canasta en frio,,
159074842,canasta en frio,,
158902046,canasta en caliente,,
159062955,canasta en frio,,
159286741,centralizada,,
159395762,canasta en caliente,,
159295063,canasta en frio,,
159400706,canasta en frio,,
159072409,canasta en caliente,,
159299690,canasta en frio,,
159294142,canasta en frio,,
159299890,brigada pesada,,
159400706,canasta en frio,,
159295063,medida  centralizada,,
159157830,canasta en frio,,
159395762,canasta en frio,,
159286741,medida  centralizada,,
158902062,canasta en frio,,
158796994,escalera especial,,
159409507,multifamiliar,,
158497871,canasta en frio,,
159061500,escalera especial,,
159402953,canasta en caliente,,
159459492,canasta en caliente,,
159299890,multifamiliar,,
159057811,canasta en frio,,
158917230,canasta en frio,,
159295359,centralizada,,
158901940,canasta en frio,,
158901992,canasta en frio,,
158385337,canasta en frio,,
158320168,canasta en frio,,
158497821,canasta en frio,,
158901885,canasta en frio,,
158796994,canasta en frio,,
158694667,canasta en frio,,
158805294,canasta en frio,,
159419800,canasta en frio,,
159419725,canasta en frio,,
159401385,canasta en caliente,,
159479691,canasta en caliente,,
158901940,canasta en frio,,
159419834,canasta en frio,,
159157804,canasta en frio,,
158901992,canasta en frio,,
159450139,escalera especial,,
159481555,multifamiliar,,
159539969,canasta en caliente,,
159419772,canasta en frio,,
159419761,canasta en frio,,
159620280,escalera especial,,
159619420,escalera especial,,
158901919,canasta en frio,,
159419789,canasta en frio,,
158694690,canasta en frio,,
158902014,canasta en frio,,
159157809,canasta en frio,,
159157808,canasta en frio,,
159157807,canasta en frio,,
158497947,canasta en frio,,
158497947,visita posterior,,
158497933,visita posterior,,
158497891,visita posterior,,
158497916,visita posterior,,
158497845,canasta BT,,
158497977,visita posterior,,
158492753,canasta TET,,
158526644,brigada pesada,,
158504761,brigada pesada,,
158497941,especial,,
158497818,canasta TET,,
158497843,canasta BT,,
158497880,canasta BT,,
158497899,visita posterior,,
158497881,especial,,
158497943,anular,,
158497910,especial,,
158497903,gestionar,,
158497949,visita posterior,,
158497901,visita posterior,,
158389224,canasta BT,,
158497924,anular,,
158652303,canasta BT,,
158609266,ejecutado,,
158610736,ejecutado,,
158532701,ejecutado,,
158616600,centralizada,,
158694665,visita posterior,,
158694669,visita posterior,,
158694673,visita posterior,,
158116119,visita posterior,,
158614285,brigada pesada,,
158499583,ejecutado,,
158498324,ejecutado,,
158476099,ejecutado,,
158505671,ejecutado,,
158694686,canasta BT,,
157937816,visita posterior,,
158614934,brigada pesada,,
158686480,canasta TET,,
158612523,canasta TET,,
158694670,visita posterior,,
158704980,visita posterior,,
158704979,visita posterior,,
158497932,anular,,
158210512,incidencia,,
158607481,brigada pesada,,
158613008,canasta TET,,
158686480,ejecutado,,
158785423,canasta TET,,
158686408,canasta TET,,
158702673,brigada pesada,,
158704993,canasta BT,,
158785498,canasta TET,,
158610865,ejecutado,,
158602053,brigada pesada,,
158690379,ejecutado,,
158694689,visita posterior,,
158694671,canasta BT,,
158694667,visita posterior,,
158694690,visita posterior,,
158694684,visita posterior,,
158711681,ejecutado,,
158704039,brigada pesada,,
158686283,brigada pesada,,
158786899,caja concentradora,,
158707333,brigada pesada,,
158706256,ejecutado,,
158692391,ejecutado,,
158797008,canasta BT,,
158797001,canasta BT,,
158210562,canasta BT,,
158497976,canasta BT,,
158704923,brigada pesada,,
158705106,brigada pesada,,
158709602,brigada pesada,,
158711384,especial,,
158701317,ejecutado,,
158497929,canasta TET,,
158497917,canasta TET,,
158497920,canasta TET,,
158497942,anular,,
158210546,canasta BT,,
158710900,brigada pesada,,
158795572,ejecutado,,
158713872,brigada pesada,,
158703452,canasta TET,,
158711172,canasta TET,,
158210546,canasta BT,,
158694664,canasta BT,,
158694675,visita posterior,,
158796996,canasta BT,,
158710003,canasta TET,,
158805319,canasta BT,,
158788392,centralizada,,
158707028,brigada pesada,,
158697477,ejecutado,,
158790506,canasta BT,,
158536188,brigada pesada,,
158708853,brigada pesada,,
158601103,caja concentradora,,
158704993,canasta BT,,
158704999,canasta BT,,
158805318,canasta BT,,
158805317,canasta BT,,
158694670,CANASTA SIN TENCION,,
158885274,CANTAS EN FRIO,,
158796973,CANASTA EN FRIO,,
158694670,CANASTA SIN TENCION,,
158885274,CANASTA EN FRIO,,
158805317,canasta BT,,
158694670,CANASTA SIN TENCION,,
158885274,CANTAS EN FRIO,,
158796973,CANASTA EN FRIO,,
158601103,CAJA CONCENTRADORA,,
158898390,canasta en caliente,,
158903712,cuadrilla pesada,,
158899293,canasta en caliente,,
158896254,multifamiliar,,
158901140,cuadrilla pesada,,
158805165,escalera especial,,
158808334,medida  centralizada,,
158795943,canasta en frio,,
158801037,brigada pesada,,
158889977,canasta en caliente,,
158797165,canasta en frio,,
158919349,canasta en caliente,,
158385282,canasta en frio,,
158805274,canasta en frio,,
158791198,canasta en frio,,
158808525,canasta en frio,,
158898390,canasta en caliente,,
158896254,multifamiliar,,
158908698,canasta en caliente,,
158925628,CAJA CONCENTRADORA,,
158924351,canasta en caliente,,
158924312,canasta en caliente,,
158899293,canasta en caliente,,
158707028,brigada pesada,,
158601103,CAJA CONCENTRADORA,,
158901140,cuadrilla pesada,,
158901838,centralizada,,
158893321,centralizada,,
158694685,canasta en frio,,
158694690,canasta en frio,,
158805246,escalera especial,,
158922258,canasta en caliente,,
158882687,canasta en caliente,,
158888122,canasta en caliente,,
158922389,canasta en caliente,,
158908565,multifamiliar,,
158989857,canasta en caliente,,
158922336,escalera especial,,
158808334,medida  centralizada,,
158494324,brigada pesada,,
158795943,canasta en frio,,
158705095,brigada pesada,,
158798084,escalera especial,,
158709122,escalera especial,,
158802802,canasta en frio,,
158697619,canasta en frio,,
158917230,canasta en frio,,
158879356,canasta en caliente,,
158913390,canasta en frio,,
158497916,canasta en frio,,
158497885,canasta en frio,,
159069523,canasta en frio,,
159062973,multifamiliar,,
158989236,canasta en caliente,,
158805271,canasta en frio,,
158902598,canasta en frio,,
158902597,canasta en frio,,
158901974,escalera especial,,
158901946,escalera especial,,
158694667,canasta en frio,,
158385409,canasta en frio,,
158320159,canasta en frio,,
159062955,canasta en frio,,
158991102,brigada pesada,,
159052332,escalera especial,,
159054520,brigada pesada,,
159062058,escalera especial,,
159057811,canasta en frio,,
159055800,cuadrilla pesada,,
158989949,cuadrilla pesada,,
159055437,canasta en caliente,,
158989195,canasta en frio,,
158902064,canasta en frio,,
159141984,canasta en caliente,,
158533080,brigada pesada,,
158901918,canasta en frio,,
158901905,escalera especial,,
158694670,canasta en frio,,
159073415,escalera especial,,
158902029,canasta en frio,,
159157765,canasta en frio,,
159157803,canasta en frio,,
158988090,canasta en caliente,,
158805262,canasta en frio,,
158901957,canasta en frio,,
158320159,canasta en frio,,
159162697,canasta en caliente,,
158497919,escalera especial,,
159288130,CAJA CONCENTRADORA,,
159072409,canasta en frio,,
158797000,canasta en frio,,
158902605,canasta en frio,,
158902028,canasta en frio,,
158497984,canasta en frio,,
158796993,canasta en frio,,
158796999,canasta en frio,,
159278422,multifamiliar,,
159287016,brigada pesada,,
159158451,brigada pesada,,
159144924,brigada pesada,,
159148247,canasta en frio,,
159278968,canasta en frio,,
159275526,canasta en frio,,
159141703,escalera especial,,
159206297,brigada pesada,,
159072409,canasta en frio,,
159299690,canasta en frio,,
158497887,canasta en frio,,
158902013,canasta en frio,,
159157839,canasta en frio,,
159206195,canasta en caliente,,
159157794,canasta en frio,,
159074842,canasta en frio,,
158902046,canasta en caliente,,
159062955,canasta en frio,,
159286741,centralizada,,
159395762,canasta en caliente,,
159295063,canasta en frio,,
159400706,canasta en frio,,
159072409,canasta en caliente,,
159299690,canasta en frio,,
159294142,canasta en frio,,
159299890,brigada pesada,,
159400706,canasta en frio,,
159295063,medida  centralizada,,
159157830,canasta en frio,,
159395762,canasta en frio,,
159286741,medida  centralizada,,
158902062,canasta en frio,,
158796994,escalera especial,,
159409507,multifamiliar,,
158497871,canasta en frio,,
159061500,escalera especial,,
159402953,canasta en caliente,,
159459492,canasta en caliente,,
159299890,multifamiliar,,
159057811,canasta en frio,,
158917230,canasta en frio,,
159295359,centralizada,,
158901940,canasta en frio,,
158901992,canasta en frio,,
158385337,canasta en frio,,
158320168,canasta en frio,,
158497821,canasta en frio,,
158901885,canasta en frio,,
158796994,canasta en frio,,
158694667,canasta en frio,,
158805294,canasta en frio,,
159419800,canasta en frio,,
159419725,canasta en frio,,
159401385,canasta en caliente,,
159479691,canasta en caliente,,
158901940,canasta en frio,,
159419834,canasta en frio,,
159157804,canasta en frio,,
158901992,canasta en frio,,
159450139,escalera especial,,
159481555,multifamiliar,,
159539969,canasta en caliente,,
159419772,canasta en frio,,
159419761,canasta en frio,,
159620280,escalera especial,,
159619420,escalera especial,,
158901919,canasta en frio,,
159419789,canasta en frio,,
158694690,canasta en frio,,
158902014,canasta en frio,,
159157809,canasta en frio,,
159157808,canasta en frio,,
159157807,canasta en frio,,
158497947,canasta en frio,,
159479652,canasta en frio,,
159419812,usuario ya fue revisado este mes,,
159419810,usuario ya fue revisado este mes,,
159419813,canasta en frio,,
159419789,canasta en frio,,
159158111,canasta en frio,,
158901987,canasta en frio,,
159627874,canasta en frio,,
159455835,medida  centralizada,,
159618301,canasta en caliente,,
159634624,medida  centralizada,,
159481555,medida  centralizada,,
159157843,canasta en frio,,
159616892,canasta en frio,,
159641592,canasta en caliente,,
159686155,canasta en frio,,
159685750,canasta en frio,,
159454700,canasta en frio,,
159766760,canasta en frio,,
159419872,canasta en frio,,
159219864,canasta en frio,,
159893088,canasta en frio,,
158902006,canasta en frio,,
158902032,canasta en frio,,
159419849,canasta en frio,,
158805249,canasta en frio,,
159419794,canasta en frio,,
159425047,medida  centralizada,,
159157843,canasta en frio,,
159641592,canasta en caliente,,
159685750,canasta en frio,,
159627986,cuadrilla pesada,,
159640956,canasta en frio,,
159903773,cuadrilla pesada,,
159775788,medida  centralizada,,
159540185,canasta en frio,,
158805249,escalera especial,,
159419746,canasta en frio,,
159157843,canasta en frio,,
159419795,canasta en frio,,
159157821,canasta en frio,,
158902057,canasta en frio,,
158340063,canasta en frio,,
158340071,canasta en frio,,
158340064,canasta en frio,,
159419868,canasta en frio,,
159419814,canasta en caliente,,
159915881,canasta en caliente,,
159915882,canasta en caliente,,
159777832,canasta en caliente,,
159419857,canasta en frio,,
159915859,canasta en frio,,
159915858,canasta en frio,,
159919036,canasta en frio,,
158902057,canasta en frio,,
159899711,canasta en frio,,
159908201,medida  centralizada,,
159923973,canasta en frio,,
159157772,canasta en frio ,,
158805296,canasta en frio,,
159915833,canasta en frio,,
159633627,canasta en frio ,,
159971005,canasta en frio,,
159633662,orden publico ,,
159633635,orden publico ,,
159970083,canasta en caliente,,
159971908,medida  centralizada,,
159981850,medida  centralizada,,
159912447,medida  centralizada,,
159949724,canasta en frio,,
159955164,canasta en caliente,,
159919317,multifamiliar,,
159450346,canasta en frio,,
159419864,canasta en frio,,
158901983,canasta en frio,,
159419825,canasta en caliente,,
159915854,canasta en caliente,,
159158643,canasta en frio,,
159971001,canasta en caliente,,
159761317,canasta en frio,,
159915845,canasta en frio,,
159971036,canasta en frio,,
159971037,canasta en frio,,
159418082,canasta en frio,,
159157786,recien normalizado con semi ,,
160021301,canasta en frio,,
160024506,escalera especial,,
159973325,escalera especial,,
160022383,canasta en frio,,
160019934,canasta en frio,,
159419326,multifamiliar,,
159416983,multifamiliar,,
159618652,multifamiliar,,
159274681,canasta en frio,,
160026484,canasta en frio,,
159634123,ya fue normalizado pocos dias,,
159972114,canasta en frio,,
159915854,canasta en frio,,
159419881,calle esta en pavimentacion,,
159419879,calle esta en pavimentacion,,
159971043,anular orden autorizado por ing de nucleo ,,
159915806,canasta en frio,,
159970963,canasta en frio,,
159970912,canasta en frio,,
159970918,canasta en frio,,
159971026,canasta en frio,,
160161052,canasta en frio,,
159971055,canasta en frio,,
160276307,medida  centralizada,,
159970996,ya fue normalizado pocos dias x PQR,,
159633637,canasta en caliente,,
160100801,canasta en caliente,,
160158680,canasta en caliente,,
159970949,canasta en frio,,
159915822,anular orden autorizado por ing de nucleo ,,
160273629,escalera especial,,
160159030,canasta en caliente,,
160167548,brigada pesada,,
160277620,brigada pesada,,
160171578,brigada pesada,,
160154822,multifamiliar,,
160184466,canasta en frio,,
160162154,brigada pesada,,
160175859,canasta en frio,,
160163447,canasta en caliente,,
160183597,brigada pesada,,
160186291,multifamiliar,,
160214514,brigada pesada,,
160186380,medida  centralizada,,
159915870,canasta en frio,,
159915857,canasta en frio,,
160292848,canasta en caliente,,
160325455,canasta en frio,,
159784365,medida  centralizada,,
160292763,canasta en frio,,
160286589,canasta en caliente,,
159633634,multifamiliar,,
160165718,anular orden autorizado por ing de nucleo ,,
160292862,canasta en frio,,
160189504,canasta en frio,,
160185252,multifamiliar,,
160403863,canasta en frio,,
159971070,canasta en caliente,,
159970983,canasta en frio,,
159970974,canasta en frio,,
159971016,canasta en frio,,
160292874,canasta en caliente,,
159971009,canasta en frio,,
160403965,anular orden autorizado por ing de nucleo ,,
160292800,canasta en frio,,
160394962,canasta en caliente,,
160299331,canasta en frio,,
160154822,multifamiliar,,
160379424,multifamiliar,,
160285880,canasta en frio,,
160286050,multifamiliar,,
160379195,canasta en frio,,
160286510,canasta en frio,,
160292844,canasta en frio,,
160403968,canasta en frio,,
160403936,canasta en frio,,
160403978,canasta en frio,,
160274380,canasta en frio,,
160403927,canasta en frio,,
160378264,canasta en caliente,,
160403951,canasta en frio,,
160403931,canasta en frio,,
160403929,canasta en frio,,
160189230,canasta en frio,,
159915821,anular orden autorizado por ing de nucleo ,,
159915832,anular orden autorizado por ing de nucleo ,,
160272895,cuadrilla pesada,,
160400223,cuadrilla pesada,,
160297762,cuadrilla pesada,,
160402556,multifamiliar,,
160505438,cuadrilla pesada,,
160399710,canasta en caliente,,
160286510,canasta en frio,,
160500783,medida  centralizada,,
160497571,canasta en caliente,,
160276535,canasta en caliente,,
160403971,canasta en frio,,
160403963,canasta en frio,,
160275953,canasta en frio,,
160275841,canasta en frio,,
160582446,canasta en frio,,
160582534,canasta en frio,,
160582509,canasta en frio,,
160616937,canasta en caliente,,
160500016,cuadrilla pesada,,
160527653,cuadrilla pesada,,
160401498,cuadrilla pesada,,
160506745,cuadrilla pesada,,
160517007,canasta en frio,,
160522638,cuadrilla pesada,,
160520280,cuadrilla pesada,,
160505862,medida  centralizada,,
160563630,medida  centralizada,,
160513194,medida  centralizada,,
160627174,medida  centralizada,,
160627191,medida  centralizada,,
160656627,medida  centralizada,,
160501088,medida  centralizada,,
160661473,medida  centralizada,,
160512331,medida  centralizada,,
160652471,medida  centralizada,,
160292872,anular orden autorizado por ing de nucleo ,,
160582564,canasta en frio,,
160587945,canasta en frio,,
160292827,canasta en frio,,
160582414,canasta en frio,,
160272384,canasta en frio,,
160582376,canasta en frio,,
160582356,canasta en frio,,
160584202,canasta en frio,,
160584202,canasta en caliente,,
160158018,canasta en frio,,
160582444,canasta en frio,,
160582443,canasta en frio,,
160582457,canasta en caliente,,
160582447,canasta en frio,,
160582458,canasta en frio,,
160582454,canasta en caliente,,
160522638,canasta en frio,,
160587987,canasta en caliente,,
160618484,escalera especial,,
159971028,canasta en caliente,,
160654659,canasta en caliente,,
160584206,canasta en frio,,
160665761,escalera especial,,
160292827,canasta en frio,,
160582549,canasta en frio,,
160500016,brigada pesada,,
160527653,brigada pesada,,
160654120,canasta en frio,,
160692694,canasta en frio,,
160582548,canasta en frio,,
160582561,canasta en frio,,
160582390,multifamiliar,,
160403874,canasta en frio,,
160680042,canasta en caliente,,
160666856,canasta en caliente,,
160292875,anular orden autorizado por ing de nucleo ,,
160292873,anular orden autorizado por ing de nucleo ,,
160582524,canasta en caliente,,
160582366,canasta en frio,,
160612048,brigada pesada,,
160582533,canasta en caliente,,
159970967,usuario esta recien normalizado ,,
160403979,canasta en caliente,,
160582406,canasta en frio,,
160707676,escalera especial,,
160582497,canasta en frio,,
160403967,canasta en frio,,
160690979,canasta en caliente,,
160609351,canasta en frio,,
160582408,canasta en frio,,
160562057,brigada pesada,,
160564905,canasta en frio,,
160691224,canasta en caliente,,
160688020,escalera especial,,
160680332,cuadrilla pesada,,
160659982,brigada pesada,,
159915780,canasta en frio,02/07/2026,
159970911,canasta en frio,,
160614370,canasta en caliente,,
160658598,canasta en caliente,,
160403926,escalera especial,,
160588482,escalera especial,,
160582474,canasta en frio,,
160588482,escalera especial,,
160582477,canasta en frio,,
160403926,escalera especial,,
160702514,canasta en frio,,
160582452,canasta en frio,,
160660363,canasta en caliente,,
160582501,canasta en frio,,
160654934,medida  centralizada,,
160705325,canasta en frio,,
158805310,escalera especial,,
160703107,canasta en frio,,
160876120,canasta en caliente,,
160403884,escalera especial,,
160295138,medida  centralizada,03/07/2026,
160752337,canasta en caliente,,
160289969,canasta en caliente,,
160612325,canasta en caliente,,
160873574,canasta en frio,,
160696538,canasta en caliente,,
160520983,canasta en caliente,,
160865896,medida  centralizada,,
160873581,canasta en caliente,,
160496573,canasta en caliente,,
160873642,escalera especial,,
160774482,csnasta en caliente,,
160873629,canasta en frio,,
160582353,canasta en caliente,,
160873606,escalera especial,,
160582375,canasta en frio,,
160751327,canasta en caliente,,
160612867,canasta en caliente,,
160911526,canasta en frio,,
160907410,canasta en caliente,,
160909903,canasta en caliente,,
160763862,canasta en frio,,
160767228,canasta en frio,,
160751960,canasta en frio,,
160781343,canasta en caliente,,
160884966,medida  centralizada,04/07/26,
160886603,canasta en caliente,,
160909903,canasta en caliente,,
160934228,medida  centralizada,,
160582388,canasta en frio,,
160941598,medida  centralizada,,
160799866,canasta en caliente,,
160941423,medida  centralizada,,
160873626,canasta en caliente,06/07/2026,
160934208,canasta en frio,,
160946476,canasta en caliente,,
160873604,canasta en frio,,
160934241,canasta en frio,,
160934305,canasta en frio,,
160873642,canasta en frio,,
160934777,canasta en frio,,
160403926,escalera especial,,
160403926,canasta en frio,,
160934110,canasta en frio,,
160934252,canasta en caliente,,
161018055,escalera especial,,
160582392,escalera especial,,
160949330,canasta en frio,,
160751960,canasta en frio,,
161097173,canasta en caliente,,
161103470,canasta en caliente,,
160910639,canasta en frio,,
161106352,medida  centralizada,,
160923689,medida  centralizada,,
161019092,escalera especial,,
160935972,canasta en caliente,,
160911526,canasta en frio,,
160873639,anular ordenes doble generacion,07/07/2026,
160934806,medida  centralizada,,
161095530,canasta en caliente,,
161109182,canasta en caliente,,
160934255,canasta en frio,,
160883442,escalera especial,,
160948519,canasta en caliente,,
161096221,escalera especial,,
161108834,medida  centralizada,,
160934249,canasta en caliente,,
160934297,canasta en caliente,,
160873583,canasta en caliente,,
161118817,canasta en frio,,
160934206,canasta en frio,,
161121444,canasta en caliente,,
161198673,canasta en caliente,,
156686919,canasta en caliente,,
161207292,medida  centralizada,,
161115542,canasta en caliente,,
161198751,medida  centralizada,,
161106352,medida  centralizada,,
160917489,medida  centralizada,,
161106352,escalera especial,08/07/2026,
161119145,canasta en caliente,,
161118876,multifamiliar,,
161118878,multifamiliar,,
161200524,canasta en frio,,
160934205,canasta en frio,,
161207179,canasta en caliente,,
160873630,anular ordenes doble generacion,,
161281609,canasta en caliente,,
161118797,canasta en caliente,,
161118838,canasta en caliente,,
161121594,escalera especial,,
161118844,canasta en caliente,,
160934254,canasta en frio,,
161207179,canasta en caliente,,
161207082,canasta en caliente,,
161199880,canasta en caliente,,
161197474,escalera especial,,
161121444,canasta en caliente,,
161216901,canasta en frio,,
161299003,canasta en caliente,09/07/2026,
161217112,canasta en frio,,
161299015,escalera especial,,
160934280,canasta en frio,,
161280620,escalera especial,,
161208593,predio recien normalizado,,
160934254,canasta en frio,,
161298971,canasta en frio,,
161280620,canasta en frio,,
161282627,canasta en caliente,,
161216901,canasta en frio,,
161286590,canasta en caliente,,
160934097,canasta en frio,,
160934160,canasta en frio,,
161298961,canasta en frio,,
160934197,canasta en frio,,
161298969,canasta en frio,,
161298963,canasta en frio,,
161118833,canasta en frio,,
161094750,canasta en frio,,
161118831,canasta en frio,,
161215280,canasta en frio,,
161217730,canasta en caliente,,
161283905,canasta en frio,,
161368418,escalera especial,,
161021431,canasta en caliente,,
161117483,canasta en caliente,,
160873581,canasta en frio,10/07/2026,
161299431,canasta en frio,,
161299002,canasta en frio,,
161298960,canasta en frio,,
161382540,canasta en frio,,
161382487,canasta en frio,,
161382469,canasta en frio,,
160934313,canasta en caliente,,
161304266,canasta en frio,,
161301070,canasta en caliente,,
161382505,canasta en frio,,
161382554,canasta en frio,,
161382545,canasta en frio,,
161213525,canasta en caliente,,
161300745,canasta en caliente,,
161215371,canasta en caliente,,
161475436,canasta en caliente,,
160917489,medida  centralizada,,
161382543,canasta en frio,11/07/2026,
161492011,canasta en frio,,
161492012,canasta en frio,,
161492026,escalera especial,,
161296925,canasta en caliente,,
161386196,canasta en caliente,,
161386276,medida  centralizada,,
161382512,canasta en caliente,,
161492082,canasta en frio,,
161514295,canasta en caliente,,
161386640,canasta en caliente,,
161492726,canasta en frio,,
161497310,canasta en caliente,,
161481492,canasta en caliente,,
161386196,canasta en caliente,,
161386276,medida  centralizada,,
161486087,medida  centralizada,,
161494693,medida  centralizada,,
161517277,canasta en caliente,14/07/2026,
161516924,canasta en caliente,,
161510730,escalera especial,,
161515581,canasta en frio,,
161382541,canasta en frio,,
160934316,canasta en caliente,,
161382486,canasta en frio,,
161118861,canasta en frio,,
161485083,canasta en frio,,
161298964,canasta en frio,,
161492098,canasta en frio,,
161714497,canasta en frio,,
161492074,escalera especial,,
161522365,canasta en frio,,
161646735,canasta en caliente,,
161492058,escalera especial,15/07/2026,
161721435,canasta en frio,,
161640336,canasta en caliente,,
161492031,escalera especial,,
161283905,canasta en frio,,
161118758,canasta en frio,/,
161492038,canasta en frio,,
161491119,canasta en frio,,
161118412,escalera especial,,
161382515,canasta en frio,,
161492084,canasta en frio,,
161731539,canasta en caliente,,
161485231,canasta en caliente,,
161118412,canasta en frio,,
161842283,canasta en frio,,
161842289,canasta en caliente,,
161842367,canasta en caliente,,
161842366,canasta en caliente,,
161842231,canasta en frio,,
161842270,escalera especial,,
161485823,escalera especial,,
161825701,canasta en frio,,
161826081,canasta en frio,,
161825906,canasta en frio,,
161826260,canasta en frio,,
161826484,canasta en frio,,
161824632,canasta en frio,,
161286176,canasta en caliente,,
161286495,canasta en caliente,,
161842204,canasta en frio,,
161838163,canasta en caliente,,
161842364,canasta en frio,,
161374805,canasta en frio,,
161842214,canasta en frio,,
161956375,canasta en frio,,
161492065,canasta en frio,,
161948589,medida  centralizada,,
161824632,canasta en frio,,
161589741,canasta en frio,,
161950748,medida  centralizada,,
161842231,canasta en frio,17/07/2026,
161842232,medidores en gabinete,,
161845324,canasta en caliente,,
161845067,canasta en caliente,,
161842271,canasta en frio,,
161843461,canasta en frio,,
161842267,canasta en frio,,
161842263,canasta en frio,,
161852926,canasta en caliente,,
161492730,canasta en caliente,,
161382504,canasta en frio,,
161842258,canasta en frio,,
161949603,canasta en caliente,,
161839933,canasta en caliente,,
161842259,canasta en frio,,
161382529,canasta en frio,,
161842213,canasta en frio,,
161842278,canasta en frio,,
162002436,canasta en caliente,,
161842329,canasta en frio,,
161978873,canasta en caliente,,
161834381,canasta en caliente,,
161492087,canasta en frio,,
161492729,canasta en frio,,
161842254,canasta en frio,,
162099199,canasta en caliente,,
161960850,canasta en caliente,,
162098693,canasta en frio,,
162089713,canasta en caliente,,
162089713,canasta en caliente,,
162083655,canasta en frio,20/07/2026,
161842260,canasta en frio,,
162099199,canasta en caliente,,
162083718,canasta en frio,,
161960850,canasta en caliente,,
162098693,canasta en caliente,,
162089713,canasta en caliente,,
161852926,canasta en caliente,,
162157211,canasta en caliente,,
162085389,escalera especial,21/07/2026,
162083628,canasta en frio,,
162121995,canasta en caliente,,
162083708,canasta en caliente,,
161730310,canasta en frio,,
162139960,canasta en caliente,,
162159717,canasta en caliente,,
161719852,canasta en frio,,
162132741,canasta en frio,,
162083719,canasta en frio,,
162155829,escalera especial,,
162239894,canasta en frio,,
162154893,canasta en frio,,
162158034,canasta en frio,,
162127635,canasta en frio,,
162157490,canasta en caliente,,
162153845,escalera especial,,
162083665,canasta en frio,,
162245856,canasta en frio,,
162083665,canasta en frio,,
162240420,canasta en caliente,,
162143750,canasta en frio,,
162121995,canasta en caliente,,
162153682,canasta en caliente,,
162083700,canasta en frio,22/07/2026,
162332098,canasta en frio,,
162329698,medida  centralizada,,
162329750,medida  centralizada,,
162334408,escalera especial,,
162329764,canasta en frio,,
162330244,canasta en caliente,,
162329768,canasta en frio,,
162329767,canasta en frio,,
162329760,canasta en frio,,
162329773,canasta en frio,,
162438106,medida  centralizada,,
162083624,predio recien normalizado,23/07/2026,
162333055,canasta en caliente,,
162448622,canasta en caliente,,
162470224,canasta en caliente,,
162339236,canasta en caliente,,
162467709,canasta en frio,24/07/2026,
162459847,canasta en frio,,
162329629,canasta en frio,,
162583539,canasta en caliente,,
162583538,canasta en caliente,,
162588979,canasta en frio,,
162585191,canasta en frio,,
162459960,canasta en caliente,,
162500901,medida  centralizada,,
162501504,canasta en frio,,
162575517,canasta en frio,,
162583540,canasta en frio,,
162590055,canasta en caliente,,
162615375,canasta en frio,,
162669033,canasta en frio,,
162589982,canasta en frio,,
162681017,canasta en frio,,
162583485,canasta en frio,,
162583487,escalera especial,,
162681017,canasta en frio,,
162690348,canasta en frio,,
162329639,canasta en frio,,
162690349,canasta en frio,,
162336601,canasta en frio,,
162583505,canasta en frio,,
162583501,canasta en frio,,
162466827,escalera especial,,
162466823,canasta en frio,,
162682112,medida  centralizada,,
162567223,canasta en frio,,
162690363,escalera especial,,
162682118,medida  centralizada,,
162690337,canasta en frio,,
162583519,canasta en frio,,
162329738,canasta en frio,,
162466849,canasta en frio,,
162466824,canasta en frio,,
162330101,canasta en frio,,
142545818,pdte canasta,,
142545827,pdte canasta,,
153531467,pdte canasta,,
151761371,pdte canasta,,
159921195,pdte canasta,,
159782122,pdte canasta,,
160295332,pdte canasta,,
159921174,pdte canasta,,
160700620,Pdte autorizacion,,
161287273,pdte canasta,,
155407362,pdte canasta,,
160297291,pdte canasta,,
162097915,pdte canasta,,
162097932,pdte canasta,,
161287281,pdte canasta,,
161287269,pdte canasta,,
161287275,pdte canasta,,
162097832,pdte canasta,,
161494889,pdte canasta,,
161494879,pdte canasta,,
161494871,pdte canasta,,
162097838,pdte canasta,,
162097841,pdte canasta,,
161494898,pdte canasta,,
161494860,pdte canasta,,
161494873,pdte canasta,,
161494962,pdte canasta,,
162582190,pdte canasta,,
161494865,pdte canasta,,
161494857,pdte canasta,,
161494890,pdte canasta,,
152740236,pdte canasta,,
162097895,pdte canasta,,
160864918,pdte canasta,,
160864920,pdte canasta,,
160864921,pdte canasta,,
160864923,pdte canasta,,
160864922,pdte canasta,,
156609520,pdte canasta,,
162329577,pdte canasta,,
157805174,pdte canasta,,
159155010,pdte canasta,,
160765674,pdte canasta,,
161287253,Poste con Abejas,,
160765668,pdte canasta,,
160273303,pdte canasta,,
157805171,pdte canasta,,
160403221,pdte canasta,,
162566417,pdte canasta,,
160935663,pdte canasta,,
162097927,pdte canasta,,
161494856,pdte canasta,,
162566419,pdte canasta,,
161287271,pdte canasta,,
150327606,pdte canasta,,
160518565,pdte canasta,,
156143209,pdte canasta,,
156143210,pdte canasta,,
155961696,pdte canasta,,
154837540,pdte canasta,,
155514040,pdte canasta,,
153422736,pdte canasta,,
152740265,pdte canasta,,
156143163,pdte canasta,,
160518529,pdte canasta,,
157186210,pdte canasta,,
156071486,pdte canasta,,
152740286,pdte canasta,,
152740270,pdte canasta,,
153587187,pdte canasta,,
157309116,pdte canasta,,
153951798,pdte canasta,,
160378716,pdte canasta,,
156143158,pdte canasta,,
161287276,pdte canasta,,
161287277,pdte canasta,,
156023569,pdte canasta,,
162097861,pdte canasta,,
162097862,pdte canasta,,
160765662,pdte canasta,,
159921200,pdte canasta,,
161119574,pdte canasta,,
162097874,pdte canasta,,
160935655,pdte canasta,,
161287265,pdte canasta,,
162097938,pdte canasta,,
158901824,pdte canasta,,
150214851,pdte canasta,,
154837563,pdte canasta,,
162336359,pdte canasta,,
156678032,pdte canasta,,
159776367,pdte canasta,,
160765672,pdte canasta,,
160700622,pdte canasta,,
160700623,pdte canasta,,
152740305,pdte canasta,,
158493168,pdte canasta,,
159272911,pdte canasta,,
160525585,pdte canasta,,
162444247,pdte canasta,,
159070328,pdte canasta,,
161837743,pdte canasta,,
150505450,pdte canasta,,
150816514,pdte canasta,,
160286203,Pdte autorizacion,,
160286204,Pdte autorizacion,,
160286205,Pdte autorizacion,,
160286206,Pdte autorizacion,,
160286207,Pdte autorizacion,,
160286208,Pdte autorizacion,,
160286209,Pdte autorizacion,,
160286210,Pdte autorizacion,,
160286211,Pdte autorizacion,,
160286212,Pdte autorizacion,,
160286213,Pdte autorizacion,,
160286214,Pdte autorizacion,,
160286215,Pdte autorizacion,,
160286216,Pdte autorizacion,,
160286217,Pdte autorizacion,,
160286221,Pdte autorizacion,,
160286222,Pdte autorizacion,,
160286223,Pdte autorizacion,,
160286224,Pdte autorizacion,,
160286225,Pdte autorizacion,,
160286177,Pdte autorizacion,,
160286162,Pdte autorizacion,,
160286161,Pdte autorizacion,,
160286160,Pdte autorizacion,,
160286159,Pdte autorizacion,,
160286158,Pdte autorizacion,,
160286157,Pdte autorizacion,,
160286196,Pdte autorizacion,,
160286192,Pdte autorizacion,,
160286199,Pdte autorizacion,,
160286195,Pdte autorizacion,,
160286193,Pdte autorizacion,,
160286194,Pdte autorizacion,,
160286197,Pdte autorizacion,,
160286227,Pdte autorizacion,,
160286191,Pdte autorizacion,,
160286187,Pdte autorizacion,,
160286188,Pdte autorizacion,,
160286226,Pdte autorizacion,,
160286186,Pdte autorizacion,,
160286189,Pdte autorizacion,,
160286190,Pdte autorizacion,,
160286182,Pdte autorizacion,,
160286183,Pdte autorizacion,,
160286181,Pdte autorizacion,,
160286184,Pdte autorizacion,,
160286180,Pdte autorizacion,,
160286179,Pdte autorizacion,,
160286185,Pdte autorizacion,,
160286167,Pdte autorizacion,,
160286164,Pdte autorizacion,,
160286163,Pdte autorizacion,,
160286166,Pdte autorizacion,,
160286165,Pdte autorizacion,,
160286154,Pdte autorizacion,,
160286174,Pdte autorizacion,,
160286169,Pdte autorizacion,,
160286155,Pdte autorizacion,,
160286175,Pdte autorizacion,,
160286198,Pdte autorizacion,,
160286168,Pdte autorizacion,,
160286176,Pdte autorizacion,,
160286153,Pdte autorizacion,,
160286156,Pdte autorizacion,,
160286178,Pdte autorizacion,,
160286172,Pdte autorizacion,,
160286152,Pdte autorizacion,,
160286202,Pdte autorizacion,,
160286148,Pdte autorizacion,,
160286149,Pdte autorizacion,,
160286171,Pdte autorizacion,,
160286150,Pdte autorizacion,,
160286147,Pdte autorizacion,,
160286146,Pdte autorizacion,,
160275916,Pdte autorizacion,,
160286151,Pdte autorizacion,,
160286201,Pdte autorizacion,,
160286200,Pdte autorizacion,,
160275917,Pdte autorizacion,,
160286170,Pdte autorizacion,,
160286173,Pdte autorizacion,,
162837483,pdte canasta,28/07/2026,
162846635,pdte canasta,28/07/2026,
162851489,pdte canasta,28/07/2026,
1629011808,pdte canasta,28/07/2026,
162443686,pdte canasta,28/07/2026,
162615258,canasta en frio,,
162690748,usuario agresivo,,
162690358,canasta en frio,,
162583519,canasta en caliente,,
162690336,canasta en frio,,
162855636,usuario recientemente normalizado,,
162899382,canasta en caliente,,
162583505,canasta en frio,,
162690363,canasta en frio,,
162916962,medida centralizada,,
162855629,canasta en frio,,
162690429,canasta en caliente,,
162919132,canasta en caliente,29/07/2026,
162852287,escalera especial,,
162583485,escalera especial,,
162690349,canasta en caliente,,
162831991,canasta en frio,,
162935156,canasta en frio,,
162567223,canasta en caliente,,
162690348,canasta en frio,,
162833497,canasta en caliente,,
162935222,canasta en caliente,,
162936190,canasta en caliente,,
162583486,escalera especial,,
162936192,canasta en frio,,
162925688,canasta en frio,,
162690426,canasta en frio,30/07/2026,
162329632,canasta en frio,,
162690347,canasta en frio,,
162690355,canasta en frio,,
162936192,canasta en caliente,,
162832000,canasta en frio,,
162329766,canasta en frio,,
162996785,canasta en frio,,
162690335,canasta en frio,,
162757166,escalera especial,,
162935248,canasta en frio,,
162832011,canasta en frio,,
162936203,canasta en frio,,
162936201,canasta en frio,,
162936204,canasta en frio,,
162935295,canasta en frio,,
163040757,canasta en frio,,
163038862,canasta en caliente,,
162690378,canasta en caliente....,,
163008141,Pdte canasta Guajira,30/07/2026,
163008643,Pdte canasta Guajira,31/07/2026,
161493144,Pdte canasta Guajira,,
163044615,canasta en frio,01/08/2026,
163048938,canasta en frio,,
163013352,canasta en caliente,,
163050073,canasta en frio,,
163048845,canasta en frio,,
163013352,canasta en frio,,
163009642,canasta en frio,,
163048862,canasta en frio,,
162935319,canasta en caliente,03/08/2026,
162908602,canasta en caliente,,
162908076,canasta en caliente,,
162936191,canasta en frio,,
162935255,canasta en frio,,
163049009,canasta en frio,,
163328806,canasta en frio,,
162935328,canasta en caliente,,
163328752,escalera especial,,
162935320,canasta en frio,,
162936208,canasta en frio,,
163177262,canasta en caliente,,
163250328,canasta en caliente,,
163321371,canasta en caliente,,
163340668,Pdte Canasta Guajira,,
163048879,canasta en frio,04/08/2026,
163048871,canasta en frio,,
163149958,canasta en frio,,
163048832,canasta en frio,,
163048837,recientemente normalizado,,
163328691,canasta en frio,,
163048963,escalera especial,,
163424201,canasta en caliente,,
163437926,escalera especial,,
163425391,escalera especial,,
162855630,canasta en frio,05/08/2026,
163033546,canasta en frio,,
163328805,canasta en frio,,
163048837,predio recientemente normalizado,,
163048826,canasta en caliente,,
163048825,canasta en caliente,,
163048832,canasta en frio,,
163048850,canasta en caliente,,
163048871,canasta en frio,,
163049029,canasta en frio,,
163049030,canasta en frio,,
163439928,canasta en caliente,,
163048773,canasta en frio,,
163455518,canasta en frio,,
163528662,escalera especial,,
163446522,canasta en frio,,
163548881,canasta en caliente,,
163448393,canasta en caliente,,
163048892,canasta en caliente,06/08/2026,
163437926,canasta en frio,,
163328786,canasta en frio,,
163433919,canasta en caliente,,
163529327,canasta en frio,,
163545804,canasta en caliente,,
163528652,canasta en frio,,
163328796,canasta en frio,,
163541517,escalera especial,,
162935215,canasta en frio,,
163548163,canasta en caliente,,
163553750,canasta en caliente,,
163530636,canasta en caliente,,
163449694,canasta en baja,,
163456332,canasta en caliente,,
162925688,canasta en frio,,
163044615,canasta en frio,,
163048938,canasta en frio,,
163013352,canasta en caliente,,
163050073,canasta en frio,,
163048845,canasta en frio,,
163013352,canasta en frio,,
163009642,canasta en frio,,
163048862,canasta en frio,,
162690426,canasta en frio,,
162329632,escalera especial,,
162690347,canasta en frio,,
162690355,escalera especial,,
162936192,canasta en caliente,,
162832000,canasta en frio,,
162329766,canasta en frio,,
162996785,canasta en frio,,
162690335,canasta en frio,,
162757166,escalera especial,,
162935248,canasta en frio,,
162832011,canasta en frio,,
162936203,canasta en frio,,
162936201,canasta en frio,,
162936204,canasta en frio,,
162935295,canasta en frio,,
163040757,canasta en frio,,
163038862,canasta en caliente,,
162690378,canasta en caliente....,,
163044615,canasta en frio,,
163048938,canasta en frio,,
163013352,canasta en caliente,,
163050073,canasta en frio,,
163048845,canasta en frio,,
163013352,canasta en frio,,
163009642,canasta en frio,,
163048862,canasta en frio,,
163048863,canasta en frio,,
163048862,canasta en frio,,
162935277,canasta en frio,,
162935196,canasta en frio,,
162935196,canasta en frio,,
162935156,canasta en caliente,,
162935319,canasta en caliente,,
162935328,canasta en caliente,,
163328752,escalera especial,,
163048879,canasta en frio,,
163048871,canasta en frio,,
163048832,canasta en frio,,
163048837,predio recientemente normalizado,,
163048963,canasta en frio,,
162855630,canasta en frio,,
163033546,canasta en frio,,
163048826,canasta en caliente,,
163048825,canasta en caliente,,
163048832,canasta en frio,,
163048871,canasta en frio,,
163048773,canasta en frio,,
163048892,canasta en caliente,,
163328786,canasta en frio,,
163433919,canasta en caliente,,
163529327,canasta en frio,,
163528652,canasta en frio,,
163328796,canasta en frio,,
163541517,escalera especial,,
162935215,canasta en frio,,
163570664,canasta en frio,,
163568419,canasta en frio,,
163568422,escalera especial,,
163568495,escalera especial,,
163568454,canasta en frio,,
163328722,canasta en frio,,
163568487,escalera especial,,
163528660,canasta en frio,,
163568568,predio recientemente normalizado,,
163586049,canasta en frio,,
163568450,canasta en frio,,
163588829,canasta en caliente,,
163048834,canasta en frio,,
163598305,canasta en caliente,,
163577982,canasta en caliente,,
163588267,canasta en caliente,,
163588829,canasta en caliente,,
163048834,canasta en frio,,
163598305,canasta en caliente,,
163746390,escalera especial,,
163598254,canasta en frio,,
163729438,canasta en caliente,,
163743291,canasta en frio,,
163662158,canasta en frio,,
163594532,escalera especial,,
163328629,canasta en caliente,,
163577777,escalera especial,,
163741653,canasta en caliente,,
163848452,canasta en caliente,,
163664666,canasta en caliente,,
163836742,canasta en frio,,
163836740,canasta en frio,,
163836741,canasta en frio,,
163948286,canasta en caliente,,
163836743,escalera especial,,
163328725,canasta en frio,,
163946622,canasta en caliente,,
163858606,canasta en frio,,
163550126,canasta en caliente,,
163946622,canasta en caliente,,
163744883,escalera especial,,
163849293,canasta en caliente,,
163849236,canasta en caliente,,
163846768,escalera especial,,
163858419,canasta en caliente,,
163568460,escalera especial,,
163963715,canasta en caliente,,
163958744,canasta Guajira ,13/08/2026,
163967798,canasta Guajira ,,
163967800,canasta Guajira ,,
163966508,canasta Guajira ,,
163967794,canasta Guajira ,,
163951650,canasta Guajira ,,
163967920,canasta Guajira ,,
164072574,canasta Guajira ,,
163993402,canasta Guajira ,,